campaign,case_id,mixed_energy,mixed_energy_seed_stderr,lda_total_energy,energy_dmc_minus_lda,rms,rms_seed_stderr,lda_rms,rms_dmc_minus_lda,density_relative_l2,density_relative_l2_seed_stderr,rhat_energy,rhat_rms,neff_energy,neff_rms,revised_stationarity_classification,spread_warning_count,case_gate
n4_40_new_seed_stress,N4_a0.5_omega0.05,0.6062833077485111,0.00011956303714060131,0.610296781287113,-0.0040134735386018194,7.990203556576046,0.02112743523331283,7.957632587111831,0.03257096946421445,0.13048826419194814,0.0027692007891257494,1.0054927780455383,1.0048760904490233,116.34043911745123,141.7192795729257,RN_GATE_SPREAD_VETO_VALID_NO_GO,45,False
n4_40_new_seed_stress,N4_a0.5_omega0.1,1.2465589835280766,0.0001472172166179019,1.2590383534973426,-0.012479369969266019,5.73378928460932,0.006403960194515459,5.756343752673703,-0.022554468064383215,0.1373052565077582,0.0013424001056954859,1.0012926080275901,1.0014781547265894,311.715844917039,299.44497700133394,RN_GATE_REVISED_WEAK_TRAP_WARNING,19,True
