q_left,q_right,q_center,n_fw,n_fw_sem,n_fw_seed_7001,n_fw_seed_7002,n_fw_seed_7003,n_fw_seed_7004,n_fw_seed_7005
-178.92099189491336,-178.82100810508666,-178.87100000000001,0,0,0,0,0,0,0
-178.82100810508666,-178.72102431525991,-178.77101621017329,0,0,0,0,0,0,0
-178.72102431525991,-178.62104052543322,-178.67103242034656,0,0,0,0,0,0,0
-178.62104052543322,-178.52105673560649,-178.57104863051984,0,0,0,0,0,0,0
-178.52105673560649,-178.42107294577977,-178.47106484069315,0,0,0,0,0,0,0
-178.42107294577977,-178.32108915595308,-178.37108105086642,0,0,0,0,0,0,0
-178.32108915595308,-178.22110536612632,-178.2710972610397,0,0,0,0,0,0,0
-178.22110536612632,-178.12112157629963,-178.17111347121298,0,0,0,0,0,0,0
-178.12112157629963,-178.02113778647288,-178.07112968138625,0,0,0,0,0,0,0
-178.02113778647288,-177.92115399664618,-177.97114589155953,0,0,0,0,0,0,0
-177.92115399664618,-177.82117020681946,-177.87116210173281,0,0,0,0,0,0,0
-177.82117020681946,-177.72118641699274,-177.77117831190611,0,0,0,0,0,0,0
-177.72118641699274,-177.62120262716604,-177.67119452207939,0,0,0,0,0,0,0
-177.62120262716604,-177.52121883733929,-177.57121073225267,0,0,0,0,0,0,0
-177.52121883733929,-177.4212350475126,-177.47122694242594,0,0,0,0,0,0,0
-177.4212350475126,-177.32125125768584,-177.37124315259922,0,0,0,0,0,0,0
-177.32125125768584,-177.22126746785915,-177.2712593627725,0,0,0,0,0,0,0
-177.22126746785915,-177.12128367803246,-177.1712755729458,0,0,0,0,0,0,0
-177.12128367803246,-177.0212998882057,-177.07129178311908,0,0,0,0,0,0,0
-177.0212998882057,-176.92131609837901,-176.97130799329236,0,0,0,0,0,0,0
-176.92131609837901,-176.82133230855226,-176.87132420346563,0,0,0,0,0,0,0
-176.82133230855226,-176.72134851872556,-176.77134041363891,0,0,0,0,0,0,0
-176.72134851872556,-176.62136472889881,-176.67135662381219,0,0,0,0,0,0,0
-176.62136472889881,-176.52138093907212,-176.57137283398546,0,0,0,0,0,0,0
-176.52138093907212,-176.42139714924542,-176.47138904415877,0,0,0,0,0,0,0
-176.42139714924542,-176.32141335941867,-176.37140525433205,0,0,0,0,0,0,0
-176.32141335941867,-176.22142956959198,-176.27142146450532,0,0,0,0,0,0,0
-176.22142956959198,-176.12144577976522,-176.1714376746786,0,0,0,0,0,0,0
-176.12144577976522,-176.02146198993853,-176.07145388485188,0,0,0,0,0,0,0
-176.02146198993853,-175.92147820011178,-175.97147009502515,0,0,0,0,0,0,0
-175.92147820011178,-175.82149441028508,-175.87148630519843,0,0,0,0,0,0,0
-175.82149441028508,-175.72151062045839,-175.77150251537174,0,0,0,0,0,0,0
-175.72151062045839,-175.62152683063164,-175.67151872554501,0,0,0,0,0,0,0
-175.62152683063164,-175.52154304080494,-175.57153493571829,0,0,0,0,0,0,0
-175.52154304080494,-175.42155925097819,-175.47155114589157,0,0,0,0,0,0,0
-175.42155925097819,-175.3215754611515,-175.37156735606484,0,0,0,0,0,0,0
-175.3215754611515,-175.22159167132477,-175.27158356623812,0,0,0,0,0,0,0
-175.22159167132477,-175.12160788149805,-175.17159977641143,0,0,0,0,0,0,0
-175.12160788149805,-175.02162409167136,-175.0716159865847,0,0,0,0,0,0,0
-175.02162409167136,-174.9216403018446,-174.97163219675798,0,0,0,0,0,0,0
-174.9216403018446,-174.82165651201791,-174.87164840693126,0,0,0,0,0,0,0
-174.82165651201791,-174.72167272219116,-174.77166461710453,0,0,0,0,0,0,0
-174.72167272219116,-174.62168893236446,-174.67168082727781,0,0,0,0,0,0,0
-174.62168893236446,-174.52170514253774,-174.57169703745109,0,0,0,0,0,0,0
-174.52170514253774,-174.42172135271102,-174.47171324762439,0,0,0,0,0,0,0
-174.42172135271102,-174.32173756288432,-174.37172945779767,0,0,0,0,0,0,0
-174.32173756288432,-174.22175377305757,-174.27174566797095,0,0,0,0,0,0,0
-174.22175377305757,-174.12176998323088,-174.17176187814422,0,0,0,0,0,0,0
-174.12176998323088,-174.02178619340413,-174.0717780883175,0,0,0,0,0,0,0
-174.02178619340413,-173.92180240357743,-173.97179429849078,0,0,0,0,0,0,0
-173.92180240357743,-173.82181861375071,-173.87181050866405,0,0,0,0,0,0,0
-173.82181861375071,-173.72183482392398,-173.77182671883736,0,0,0,0,0,0,0
-173.72183482392398,-173.62185103409729,-173.67184292901064,0,0,0,0,0,0,0
-173.62185103409729,-173.52186724427054,-173.57185913918391,0,0,0,0,0,0,0
-173.52186724427054,-173.42188345444384,-173.47187534935719,0,0,0,0,0,0,0
-173.42188345444384,-173.32189966461709,-173.37189155953047,0,0,0,0,0,0,0
-173.32189966461709,-173.2219158747904,-173.27190776970374,0,0,0,0,0,0,0
-173.2219158747904,-173.12193208496367,-173.17192397987702,0,0,0,0,0,0,0
-173.12193208496367,-173.02194829513695,-173.07194019005033,0,0,0,0,0,0,0
-173.02194829513695,-172.92196450531026,-172.9719564002236,0,0,0,0,0,0,0
-172.92196450531026,-172.82198071548351,-172.87197261039688,0,0,0,0,0,0,0
-172.82198071548351,-172.72199692565681,-172.77198882057016,0,0,0,0,0,0,0
-172.72199692565681,-172.62201313583006,-172.67200503074343,0,0,0,0,0,0,0
-172.62201313583006,-172.52202934600336,-172.57202124091671,0,0,0,0,0,0,0
-172.52202934600336,-172.42204555617667,-172.47203745109002,0,0,0,0,0,0,0
-172.42204555617667,-172.32206176634992,-172.37205366126329,0,0,0,0,0,0,0
-172.32206176634992,-172.22207797652322,-172.27206987143657,0,0,0,0,0,0,0
-172.22207797652322,-172.12209418669647,-172.17208608160985,0,0,0,0,0,0,0
-172.12209418669647,-172.02211039686978,-172.07210229178312,0,0,0,0,0,0,0
-172.02211039686978,-171.92212660704303,-171.9721185019564,0,0,0,0,0,0,0
-171.92212660704303,-171.82214281721633,-171.87213471212968,0,0,0,0,0,0,0
-171.82214281721633,-171.72215902738964,-171.77215092230298,0,0,0,0,0,0,0
-171.72215902738964,-171.62217523756289,-171.67216713247626,0,0,0,0,0,0,0
-171.62217523756289,-171.52219144773619,-171.57218334264954,0,0,0,0,0,0,0
-171.52219144773619,-171.42220765790944,-171.47219955282281,0,0,0,0,0,0,0
-171.42220765790944,-171.32222386808274,-171.37221576299609,0,0,0,0,0,0,0
-171.32222386808274,-171.22224007825599,-171.27223197316937,0,0,0,0,0,0,0
-171.22224007825599,-171.1222562884293,-171.17224818334265,0,0,0,0,0,0,0
-171.1222562884293,-171.0222724986026,-171.07226439351595,0,0,0,0,0,0,0
-171.0222724986026,-170.92228870877585,-170.97228060368923,0,0,0,0,0,0,0
-170.92228870877585,-170.82230491894916,-170.8722968138625,0,0,0,0,0,0,0
-170.82230491894916,-170.72232112912241,-170.77231302403578,0,0,0,0,0,0,0
-170.72232112912241,-170.62233733929571,-170.67232923420906,0,0,0,0,0,0,0
-170.62233733929571,-170.52235354946899,-170.57234544438234,0,0,0,0,0,0,0
-170.52235354946899,-170.42236975964227,-170.47236165455564,0,0,0,0,0,0,0
-170.42236975964227,-170.32238596981557,-170.37237786472892,0,0,0,0,0,0,0
-170.32238596981557,-170.22240217998882,-170.27239407490219,0,0,0,0,0,0,0
-170.22240217998882,-170.12241839016212,-170.17241028507547,0,0,0,0,0,0,0
-170.12241839016212,-170.02243460033537,-170.07242649524875,0,0,0,0,0,0,0
-170.02243460033537,-169.92245081050868,-169.97244270542203,0,0,0,0,0,0,0
-169.92245081050868,-169.82246702068196,-169.8724589155953,0,0,0,0,0,0,0
-169.82246702068196,-169.72248323085523,-169.77247512576861,0,0,0,0,0,0,0
-169.72248323085523,-169.62249944102854,-169.67249133594188,0,0,0,0,0,0,0
-169.62249944102854,-169.52251565120179,-169.57250754611516,0,0,0,0,0,0,0
-169.52251565120179,-169.42253186137509,-169.47252375628844,0,0,0,0,0,0,0
-169.42253186137509,-169.32254807154834,-169.37253996646172,0,0,0,0,0,0,0
-169.32254807154834,-169.22256428172165,-169.27255617663499,0,0,0,0,0,0,0
-169.22256428172165,-169.12258049189492,-169.17257238680827,0,0,0,0,0,0,0
-169.12258049189492,-169.0225967020682,-169.07258859698157,0,0,0,0,0,0,0
-169.0225967020682,-168.9226129122415,-168.97260480715485,0,0,0,0,0,0,0
-168.9226129122415,-168.82262912241475,-168.87262101732813,0,0,0,0,0,0,0
-168.82262912241475,-168.72264533258806,-168.77263722750141,0,0,0,0,0,0,0
-168.72264533258806,-168.62266154276131,-168.67265343767468,0,0,0,0,0,0,0
-168.62266154276131,-168.52267775293461,-168.57266964784796,0,0,0,0,0,0,0
-168.52267775293461,-168.42269396310789,-168.47268585802124,0,0,0,0,0,0,0
-168.42269396310789,-168.32271017328117,-168.37270206819454,0,0,0,0,0,0,0
-168.32271017328117,-168.22272638345447,-168.27271827836782,0,0,0,0,0,0,0
-168.22272638345447,-168.12274259362772,-168.1727344885411,0,0,0,0,0,0,0
-168.12274259362772,-168.02275880380103,-168.07275069871437,0,0,0,0,0,0,0
-168.02275880380103,-167.92277501397427,-167.97276690888765,0,0,0,0,0,0,0
-167.92277501397427,-167.82279122414758,-167.87278311906093,0,0,0,0,0,0,0
-167.82279122414758,-167.72280743432086,-167.7727993292342,0,0,0,0,0,0,0
-167.72280743432086,-167.62282364449413,-167.67281553940751,0,0,0,0,0,0,0
-167.62282364449413,-167.52283985466744,-167.57283174958079,0,0,0,0,0,0,0
-167.52283985466744,-167.42285606484069,-167.47284795975406,0,0,0,0,0,0,0
-167.42285606484069,-167.32287227501399,-167.37286416992734,0,0,0,0,0,0,0
-167.32287227501399,-167.22288848518724,-167.27288038010062,0,0,0,0,0,0,0
-167.22288848518724,-167.12290469536055,-167.17289659027389,0,0,0,0,0,0,0
-167.12290469536055,-167.02292090553385,-167.0729128004472,0,0,0,0,0,0,0
-167.02292090553385,-166.9229371157071,-166.97292901062048,0,0,0,0,0,0,0
-166.9229371157071,-166.82295332588041,-166.87294522079375,0,0,0,0,0,0,0
-166.82295332588041,-166.72296953605365,-166.77296143096703,0,0,0,0,0,0,0
-166.72296953605365,-166.62298574622696,-166.67297764114031,0,0,0,0,0,0,0
-166.62298574622696,-166.52300195640021,-166.57299385131358,0,0,0,0,0,0,0
-166.52300195640021,-166.42301816657351,-166.47301006148686,0,0,0,0,0,0,0
-166.42301816657351,-166.32303437674682,-166.37302627166017,0,0,0,0,0,0,0
-166.32303437674682,-166.22305058692007,-166.27304248183344,0,0,0,0,0,0,0
-166.22305058692007,-166.12306679709337,-166.17305869200672,0,0,0,0,0,0,0
-166.12306679709337,-166.02308300726662,-166.07307490218,0,0,0,0,0,0,0
-166.02308300726662,-165.92309921743993,-165.97309111235327,0,0,0,0,0,0,0
-165.92309921743993,-165.8231154276132,-165.87310732252655,0,0,0,0,0,0,0
-165.8231154276132,-165.72313163778648,-165.77312353269986,0,0,0,0,0,0,0
-165.72313163778648,-165.62314784795979,-165.67313974287313,0,0,0,0,0,0,0
-165.62314784795979,-165.52316405813303,-165.57315595304641,0,0,0,0,0,0,0
-165.52316405813303,-165.42318026830634,-165.47317216321969,0,0,0,0,0,0,0
-165.42318026830634,-165.32319647847959,-165.37318837339296,0,0,0,0,0,0,0
-165.32319647847959,-165.22321268865289,-165.27320458356624,0,0,0,0,0,0,0
-165.22321268865289,-165.12322889882617,-165.17322079373952,0,0,0,0,0,0,0
-165.12322889882617,-165.02324510899945,-165.07323700391282,0,0,0,0,0,0,0
-165.02324510899945,-164.92326131917275,-164.9732532140861,0,0,0,0,0,0,0
-164.92326131917275,-164.823277529346,-164.87326942425938,0,0,0,0,0,0,0
-164.823277529346,-164.72329373951931,-164.77328563443265,0,0,0,0,0,0,0
-164.72329373951931,-164.62330994969255,-164.67330184460593,0,0,0,0,0,0,0
-164.62330994969255,-164.52332615986586,-164.57331805477921,0,0,0,0,0,0,0
-164.52332615986586,-164.42334237003914,-164.47333426495248,0,0,0,0,0,0,0
-164.42334237003914,-164.32335858021241,-164.37335047512579,0,0,0,0,0,0,0
-164.32335858021241,-164.22337479038572,-164.27336668529907,0,0,0,0,0,0,0
-164.22337479038572,-164.12339100055897,-164.17338289547234,0,0,0,0,0,0,0
-164.12339100055897,-164.02340721073227,-164.07339910564562,0,0,0,0,0,0,0
-164.02340721073227,-163.92342342090552,-163.9734153158189,0,0,0,0,0,0,0
-163.92342342090552,-163.82343963107883,-163.87343152599217,0,0,0,0,0,0,0
-163.82343963107883,-163.7234558412521,-163.77344773616545,0,0,0,0,0,0,0
-163.7234558412521,-163.62347205142538,-163.67346394633876,0,0,0,0,0,0,0
-163.62347205142538,-163.52348826159869,-163.57348015651203,0,0,0,0,0,0,0
-163.52348826159869,-163.42350447177193,-163.47349636668531,0,0,0,0,0,0,0
-163.42350447177193,-163.32352068194524,-163.37351257685859,0,0,0,0,0,0,0
-163.32352068194524,-163.22353689211849,-163.27352878703186,0,0,0,0,0,0,0
-163.22353689211849,-163.12355310229179,-163.17354499720514,0,0,0,0,0,0,0
-163.12355310229179,-163.02356931246507,-163.07356120737842,0,0,0,0,0,0,0
-163.02356931246507,-162.92358552263835,-162.97357741755172,0,0,0,0,0,0,0
-162.92358552263835,-162.82360173281165,-162.873593627725,0,0,0,0,0,0,0
-162.82360173281165,-162.7236179429849,-162.77360983789828,0,0,0,0,0,0,0
-162.7236179429849,-162.62363415315821,-162.67362604807155,0,0,0,0,0,0,0
-162.62363415315821,-162.52365036333146,-162.57364225824483,0,0,0,0,0,0,0
-162.52365036333146,-162.42366657350476,-162.47365846841811,0,0,0,0,0,0,0
-162.42366657350476,-162.32368278367807,-162.37367467859141,0,0,0,0,0,0,0
-162.32368278367807,-162.22369899385131,-162.27369088876469,0,0,0,0,0,0,0
-162.22369899385131,-162.12371520402462,-162.17370709893797,0,0,0,0,0,0,0
-162.12371520402462,-162.02373141419787,-162.07372330911124,0,0,0,0,0,0,0
-162.02373141419787,-161.92374762437117,-161.97373951928452,0,0,0,0,0,0,0
-161.92374762437117,-161.82376383454445,-161.8737557294578,0,0,0,0,0,0,0
-161.82376383454445,-161.72378004471773,-161.7737719396311,0,0,0,0,0,0,0
-161.72378004471773,-161.62379625489103,-161.67378814980438,0,0,0,0,0,0,0
-161.62379625489103,-161.52381246506428,-161.57380435997766,0,0,0,0,0,0,0
-161.52381246506428,-161.42382867523759,-161.47382057015093,0,0,0,0,0,0,0
-161.42382867523759,-161.32384488541084,-161.37383678032421,0,0,0,0,0,0,0
-161.32384488541084,-161.22386109558414,-161.27385299049749,0,0,0,0,0,0,0
-161.22386109558414,-161.12387730575742,-161.17386920067077,0,0,0,0,0,0,0
-161.12387730575742,-161.02389351593069,-161.07388541084407,0,0,0,0,0,0,0
-161.02389351593069,-160.923909726104,-160.97390162101735,0,0,0,0,0,0,0
-160.923909726104,-160.82392593627725,-160.87391783119062,0,0,0,0,0,0,0
-160.82392593627725,-160.72394214645055,-160.7739340413639,0,0,0,0,0,0,0
-160.72394214645055,-160.6239583566238,-160.67395025153718,0,0,0,0,0,0,0
-160.6239583566238,-160.52397456679711,-160.57396646171046,0,0,0,0,0,0,0
-160.52397456679711,-160.42399077697038,-160.47398267188373,0,0,0,0,0,0,0
-160.42399077697038,-160.32400698714366,-160.37399888205704,0,0,0,0,0,0,0
-160.32400698714366,-160.22402319731697,-160.27401509223031,0,0,0,0,0,0,0
-160.22402319731697,-160.12403940749022,-160.17403130240359,0,0,0,0,0,0,0
-160.12403940749022,-160.02405561766352,-160.07404751257687,0,0,0,0,0,0,0
-160.02405561766352,-159.92407182783677,-159.97406372275015,0,0,0,0,0,0,0
-159.92407182783677,-159.82408803801007,-159.87407993292342,0,0,0,0,0,0,0
-159.82408803801007,-159.72410424818335,-159.7740961430967,0,0,0,0,0,0,0
-159.72410424818335,-159.62412045835663,-159.67411235327,0,0,0,0,0,0,0
-159.62412045835663,-159.52413666852993,-159.57412856344328,0,0,0,0,0,0,0
-159.52413666852993,-159.42415287870318,-159.47414477361656,0,0,0,0,0,0,0
-159.42415287870318,-159.32416908887649,-159.37416098378984,0,0,0,0,0,0,0
-159.32416908887649,-159.22418529904974,-159.27417719396311,0,0,0,0,0,0,0
-159.22418529904974,-159.12420150922304,-159.17419340413639,0,0,0,0,0,0,0
-159.12420150922304,-159.02421771939632,-159.07420961430967,0,0,0,0,0,0,0
-159.02421771939632,-158.9242339295696,-158.97422582448297,0,0,0,0,0,0,0
-158.9242339295696,-158.8242501397429,-158.87424203465625,0,0,0,0,0,0,0
-158.8242501397429,-158.72426634991615,-158.77425824482953,0,0,0,0,0,0,0
-158.72426634991615,-158.62428256008945,-158.6742744550028,0,0,0,0,0,0,0
-158.62428256008945,-158.5242987702627,-158.57429066517608,0,0,0,0,0,0,0
-158.5242987702627,-158.42431498043601,-158.47430687534936,0,0,0,0,0,0,0
-158.42431498043601,-158.32433119060929,-158.37432308552263,0,0,0,0,0,0,0
-158.32433119060929,-158.22434740078256,-158.27433929569594,0,0,0,0,0,0,0
-158.22434740078256,-158.12436361095587,-158.17435550586922,0,0,0,0,0,0,0
-158.12436361095587,-158.02437982112912,-158.07437171604249,0,0,0,0,0,0,0
-158.02437982112912,-157.92439603130242,-157.97438792621577,0,0,0,0,0,0,0
-157.92439603130242,-157.82441224147567,-157.87440413638905,0,0,0,0,0,0,0
-157.82441224147567,-157.72442845164898,-157.77442034656232,0,0,0,0,0,0,0
-157.72442845164898,-157.62444466182228,-157.67443655673563,0,0,0,0,0,0,0
-157.62444466182228,-157.52446087199553,-157.57445276690891,0,0,0,0,0,0,0
-157.52446087199553,-157.42447708216883,-157.47446897708218,0,0,0,0,0,0,0
-157.42447708216883,-157.32449329234208,-157.37448518725546,0,0,0,0,0,0,0
-157.32449329234208,-157.22450950251539,-157.27450139742874,0,0,0,0,0,0,0
-157.22450950251539,-157.12452571268867,-157.17451760760201,0,0,0,0,0,0,0
-157.12452571268867,-157.02454192286194,-157.07453381777532,0,0,0,0,0,0,0
-157.02454192286194,-156.92455813303525,-156.9745500279486,0,0,0,0,0,0,0
-156.92455813303525,-156.8245743432085,-156.87456623812187,0,0,0,0,0,0,0
-156.8245743432085,-156.7245905533818,-156.77458244829515,0,0,0,0,0,0,0
-156.7245905533818,-156.62460676355505,-156.67459865846843,0,0,0,0,0,0,0
-156.62460676355505,-156.52462297372836,-156.5746148686417,0,0,0,0,0,0,0
-156.52462297372836,-156.42463918390163,-156.47463107881498,0,0,0,0,0,0,0
-156.42463918390163,-156.32465539407491,-156.37464728898829,0,0,0,0,0,0,0
-156.32465539407491,-156.22467160424821,-156.27466349916156,0,0,0,0,0,0,0
-156.22467160424821,-156.12468781442146,-156.17467970933484,0,0,0,0,0,0,0
-156.12468781442146,-156.02470402459477,-156.07469591950812,0,0,0,0,0,0,0
-156.02470402459477,-155.92472023476802,-155.97471212968139,0,0,0,0,0,0,0
-155.92472023476802,-155.82473644494132,-155.87472833985467,0,0,0,0,0,0,0
-155.82473644494132,-155.7247526551146,-155.77474455002795,0,0,0,0,0,0,0
-155.7247526551146,-155.62476886528788,-155.67476076020125,0,0,0,0,0,0,0
-155.62476886528788,-155.52478507546118,-155.57477697037453,0,0,0,0,0,0,0
-155.52478507546118,-155.42480128563443,-155.47479318054781,0,0,0,0,0,0,0
-155.42480128563443,-155.32481749580774,-155.37480939072108,0,0,0,0,0,0,0
-155.32481749580774,-155.22483370598098,-155.27482560089436,0,0,0,0,0,0,0
-155.22483370598098,-155.12484991615429,-155.17484181106764,0,0,0,0,0,0,0
-155.12484991615429,-155.02486612632757,-155.07485802124091,0,0,0,0,0,0,0
-155.02486612632757,-154.92488233650084,-154.97487423141422,0,0,0,0,0,0,0
-154.92488233650084,-154.82489854667415,-154.8748904415875,0,0,0,0,0,0,0
-154.82489854667415,-154.7249147568474,-154.77490665176077,0,0,0,0,0,0,0
-154.7249147568474,-154.6249309670207,-154.67492286193405,0,0,0,0,0,0,0
-154.6249309670207,-154.52494717719395,-154.57493907210733,0,0,0,0,0,0,0
-154.52494717719395,-154.42496338736726,-154.4749552822806,0,0,0,0,0,0,0
-154.42496338736726,-154.32497959754053,-154.37497149245388,0,0,0,0,0,0,0
-154.32497959754053,-154.22499580771381,-154.27498770262719,0,0,0,0,0,0,0
-154.22499580771381,-154.12501201788712,-154.17500391280046,0,0,0,0,0,0,0
-154.12501201788712,-154.02502822806036,-154.07502012297374,0,0,0,0,0,0,0
-154.02502822806036,-153.92504443823367,-153.97503633314702,0,0,0,0,0,0,0
-153.92504443823367,-153.82506064840692,-153.87505254332029,0,0,0,0,0,0,0
-153.82506064840692,-153.72507685858022,-153.77506875349357,0,0,0,0,0,0,0
-153.72507685858022,-153.6250930687535,-153.67508496366685,0,0,0,0,0,0,0
-153.6250930687535,-153.52510927892678,-153.57510117384015,0,0,0,0,0,0,0
-153.52510927892678,-153.42512548910008,-153.47511738401343,0,0,0,0,0,0,0
-153.42512548910008,-153.32514169927333,-153.37513359418671,0,0,0,0,0,0,0
-153.32514169927333,-153.22515790944664,-153.27514980435998,0,0,0,0,0,0,0
-153.22515790944664,-153.12517411961989,-153.17516601453326,0,0,0,0,0,0,0
-153.12517411961989,-153.02519032979319,-153.07518222470654,0,0,0,0,0,0,0
-153.02519032979319,-152.9252065399665,-152.97519843487984,0,0,0,0,0,0,0
-152.9252065399665,-152.82522275013974,-152.87521464505312,0,0,0,0,0,0,0
-152.82522275013974,-152.72523896031305,-152.7752308552264,0,0,0,0,0,0,0
-152.72523896031305,-152.6252551704863,-152.67524706539967,0,0,0,0,0,0,0
-152.6252551704863,-152.5252713806596,-152.57526327557295,0,0,0,0,0,0,0
-152.5252713806596,-152.42528759083288,-152.47527948574623,0,0,0,0,0,0,0
-152.42528759083288,-152.32530380100616,-152.37529569591953,0,0,0,0,0,0,0
-152.32530380100616,-152.22532001117946,-152.27531190609281,0,0,0,0,0,0,0
-152.22532001117946,-152.12533622135271,-152.17532811626609,0,0,0,0,0,0,0
-152.12533622135271,-152.02535243152602,-152.07534432643936,0,0,0,0,0,0,0
-152.02535243152602,-151.92536864169927,-151.97536053661264,0,0,0,0,0,0,0
-151.92536864169927,-151.82538485187257,-151.87537674678592,0,0,0,0,0,0,0
-151.82538485187257,-151.72540106204585,-151.77539295695919,0,0,0,0,0,0,0
-151.72540106204585,-151.62541727221912,-151.6754091671325,0,0,0,0,0,0,0
-151.62541727221912,-151.52543348239243,-151.57542537730578,0,0,0,0,0,0,0
-151.52543348239243,-151.42544969256568,-151.47544158747905,0,0,0,0,0,0,0
-151.42544969256568,-151.32546590273898,-151.37545779765233,0,0,0,0,0,0,0
-151.32546590273898,-151.22548211291223,-151.27547400782561,0,0,0,0,0,0,0
-151.22548211291223,-151.12549832308554,-151.17549021799888,0,0,0,0,0,0,0
-151.12549832308554,-151.02551453325881,-151.07550642817216,0,0,0,0,0,0,0
-151.02551453325881,-150.92553074343209,-150.97552263834547,0,0,0,0,0,0,0
-150.92553074343209,-150.8255469536054,-150.87553884851874,0,0,0,0,0,0,0
-150.8255469536054,-150.72556316377865,-150.77555505869202,0,0,0,0,0,0,0
-150.72556316377865,-150.62557937395195,-150.6755712688653,0,0,0,0,0,0,0
-150.62557937395195,-150.5255955841252,-150.57558747903857,0,0,0,0,0,0,0
-150.5255955841252,-150.4256117942985,-150.47560368921185,0,0,0,0,0,0,0
-150.4256117942985,-150.32562800447178,-150.37561989938513,0,0,0,0,0,0,0
-150.32562800447178,-150.22564421464506,-150.27563610955843,0,0,0,0,0,0,0
-150.22564421464506,-150.12566042481836,-150.17565231973171,0,0,0,0,0,0,0
-150.12566042481836,-150.02567663499161,-150.07566852990499,0,0,0,0,0,0,0
-150.02567663499161,-149.92569284516492,-149.97568474007826,0,0,0,0,0,0,0
-149.92569284516492,-149.82570905533817,-149.87570095025154,0,0,0,0,0,0,0
-149.82570905533817,-149.72572526551147,-149.77571716042482,0,0,0,0,0,0,0
-149.72572526551147,-149.62574147568475,-149.6757333705981,0,0,0,0,0,0,0
-149.62574147568475,-149.52575768585803,-149.5757495807714,0,0,0,0,0,0,0
-149.52575768585803,-149.42577389603133,-149.47576579094468,0,0,0,0,0,0,0
-149.42577389603133,-149.32579010620458,-149.37578200111795,0,0,0,0,0,0,0
-149.32579010620458,-149.22580631637788,-149.27579821129123,0,0,0,0,0,0,0
-149.22580631637788,-149.12582252655113,-149.17581442146451,0,0,0,0,0,0,0
-149.12582252655113,-149.02583873672444,-149.07583063163779,0,0,0,0,0,0,0
-149.02583873672444,-148.92585494689772,-148.97584684181106,0,0,0,0,0,0,0
-148.92585494689772,-148.82587115707099,-148.87586305198437,0,0,0,0,0,0,0
-148.82587115707099,-148.7258873672443,-148.77587926215764,0,0,0,0,0,0,0
-148.7258873672443,-148.62590357741755,-148.67589547233092,0,0,0,0,0,0,0
-148.62590357741755,-148.52591978759085,-148.5759116825042,0,0,0,0,0,0,0
-148.52591978759085,-148.4259359977641,-148.47592789267748,0,0,0,0,0,0,0
-148.4259359977641,-148.32595220793741,-148.37594410285075,0,0,0,0,0,0,0
-148.32595220793741,-148.22596841811071,-148.27596031302406,0,0,0,0,0,0,0
-148.22596841811071,-148.12598462828396,-148.17597652319733,0,0,0,0,0,0,0
-148.12598462828396,-148.02600083845726,-148.07599273337061,0,0,0,0,0,0,0
-148.02600083845726,-147.92601704863051,-147.97600894354389,0,0,0,0,0,0,0
-147.92601704863051,-147.82603325880382,-147.87602515371717,0,0,0,0,0,0,0
-147.82603325880382,-147.7260494689771,-147.77604136389044,0,0,0,0,0,0,0
-147.7260494689771,-147.62606567915037,-147.67605757406375,0,0,0,0,0,0,0
-147.62606567915037,-147.52608188932368,-147.57607378423702,0,0,0,0,0,0,0
-147.52608188932368,-147.42609809949693,-147.4760899944103,0,0,0,0,0,0,0
-147.42609809949693,-147.32611430967023,-147.37610620458358,0,0,0,0,0,0,0
-147.32611430967023,-147.22613051984348,-147.27612241475686,0,0,0,0,0,0,0
-147.22613051984348,-147.12614673001679,-147.17613862493013,0,0,0,0,0,0,0
-147.12614673001679,-147.02616294019006,-147.07615483510341,0,0,0,0,0,0,0
-147.02616294019006,-146.92617915036334,-146.97617104527671,0,0,0,0,0,0,0
-146.92617915036334,-146.82619536053664,-146.87618725544999,0,0,0,0,0,0,0
-146.82619536053664,-146.72621157070989,-146.77620346562327,0,0,0,0,0,0,0
-146.72621157070989,-146.6262277808832,-146.67621967579655,0,0,0,0,0,0,0
-146.6262277808832,-146.52624399105645,-146.57623588596982,0,0,0,0,0,0,0
-146.52624399105645,-146.42626020122975,-146.4762520961431,0,0,0,0,0,0,0
-146.42626020122975,-146.32627641140303,-146.37626830631638,0,0,0,0,0,0,0
-146.32627641140303,-146.22629262157631,-146.27628451648968,0,0,0,0,0,0,0
-146.22629262157631,-146.12630883174961,-146.17630072666296,0,0,0,0,0,0,0
-146.12630883174961,-146.02632504192286,-146.07631693683624,0,0,0,0,0,0,0
-146.02632504192286,-145.92634125209617,-145.97633314700951,0,0,0,0,0,0,0
-145.92634125209617,-145.82635746226941,-145.87634935718279,0,0,0,0,0,0,0
-145.82635746226941,-145.72637367244272,-145.77636556735607,0,0,0,0,0,0,0
-145.72637367244272,-145.626389882616,-145.67638177752934,0,0,0,0,0,0,0
-145.626389882616,-145.52640609278927,-145.57639798770265,0,0,0,0,0,0,0
-145.52640609278927,-145.42642230296258,-145.47641419787593,0,0,0,0,0,0,0
-145.42642230296258,-145.32643851313583,-145.3764304080492,0,0,0,0,0,0,0
-145.32643851313583,-145.22645472330913,-145.27644661822248,0,0,0,0,0,0,0
-145.22645472330913,-145.12647093348238,-145.17646282839576,0,0,0,0,0,0,0
-145.12647093348238,-145.02648714365569,-145.07647903856903,0,0,0,0,0,0,0
-145.02648714365569,-144.92650335382896,-144.97649524874231,0,0,0,0,0,0,0
-144.92650335382896,-144.82651956400224,-144.87651145891562,0,0,0,0,0,0,0
-144.82651956400224,-144.72653577417555,-144.77652766908889,0,0,0,0,0,0,0
-144.72653577417555,-144.62655198434879,-144.67654387926217,0,0,0,0,0,0,0
-144.62655198434879,-144.5265681945221,-144.57656008943545,0,0,0,0,0,0,0
-144.5265681945221,-144.42658440469538,-144.47657629960872,0,0,0,0,0,0,0
-144.42658440469538,-144.32660061486865,-144.37659250978203,0,0,0,0,0,0,0
-144.32660061486865,-144.22661682504193,-144.27660871995528,0,0,0,0,0,0,0
-144.22661682504193,-144.12663303521521,-144.17662493012858,0,0,0,0,0,0,0
-144.12663303521521,-144.02664924538851,-144.07664114030186,0,0,0,0,0,0,0
-144.02664924538851,-143.92666545556176,-143.97665735047514,0,0,0,0,0,0,0
-143.92666545556176,-143.82668166573507,-143.87667356064841,0,0,0,0,0,0,0
-143.82668166573507,-143.72669787590834,-143.77668977082169,0,0,0,0,0,0,0
-143.72669787590834,-143.62671408608162,-143.676705980995,0,0,0,0,0,0,0
-143.62671408608162,-143.5267302962549,-143.57672219116824,0,0,0,0,0,0,0
-143.5267302962549,-143.42674650642817,-143.47673840134155,0,0,0,0,0,0,0
-143.42674650642817,-143.32676271660148,-143.37675461151483,0,0,0,0,0,0,0
-143.32676271660148,-143.22677892677473,-143.2767708216881,0,0,0,0,0,0,0
-143.22677892677473,-143.12679513694803,-143.17678703186138,0,0,0,0,0,0,0
-143.12679513694803,-143.02681134712131,-143.07680324203466,0,0,0,0,0,0,0
-143.02681134712131,-142.92682755729459,-142.97681945220796,0,0,0,0,0,0,0
-142.92682755729459,-142.82684376746786,-142.87683566238121,0,0,0,0,0,0,0
-142.82684376746786,-142.72685997764114,-142.77685187255452,0,0,0,0,0,0,0
-142.72685997764114,-142.62687618781445,-142.67686808272779,0,0,0,0,0,0,0
-142.62687618781445,-142.52689239798769,-142.57688429290107,0,0,0,0,0,0,0
-142.52689239798769,-142.426908608161,-142.47690050307435,0,0,0,0,0,0,0
-142.426908608161,-142.32692481833428,-142.37691671324762,0,0,0,0,0,0,0
-142.32692481833428,-142.22694102850755,-142.27693292342093,0,0,0,0,0,0,0
-142.22694102850755,-142.12695723868086,-142.17694913359421,0,0,0,0,0,0,0
-142.12695723868086,-142.02697344885411,-142.07696534376748,0,0,0,0,0,0,0
-142.02697344885411,-141.92698965902741,-141.97698155394076,0,0,0,0,0,0,0
-141.92698965902741,-141.82700586920066,-141.87699776411404,0,0,0,0,0,0,0
-141.82700586920066,-141.72702207937397,-141.77701397428731,0,0,0,0,0,0,0
-141.72702207937397,-141.62703828954724,-141.67703018446059,0,0,0,0,0,0,0
-141.62703828954724,-141.52705449972052,-141.5770463946339,0,0,0,0,0,0,0
-141.52705449972052,-141.42707070989383,-141.47706260480717,0,0,0,0,0,0,0
-141.42707070989383,-141.32708692006707,-141.37707881498045,0,0,0,0,0,0,0
-141.32708692006707,-141.22710313024038,-141.27709502515373,0,0,0,0,0,0,0
-141.22710313024038,-141.12711934041363,-141.177111235327,0,0,0,0,0,0,0
-141.12711934041363,-141.02713555058693,-141.07712744550028,0,0,0,0,0,0,0
-141.02713555058693,-140.92715176076021,-140.97714365567356,0,0,0,0,0,0,0
-140.92715176076021,-140.82716797093349,-140.87715986584686,0,0,0,0,0,0,0
-140.82716797093349,-140.72718418110679,-140.77717607602014,0,0,0,0,0,0,0
-140.72718418110679,-140.62720039128004,-140.67719228619342,0,0,0,0,0,0,0
-140.62720039128004,-140.52721660145335,-140.57720849636669,0,0,0,0,0,0,0
-140.52721660145335,-140.4272328116266,-140.47722470653997,0,0,0,0,0,0,0
-140.4272328116266,-140.3272490217999,-140.37724091671325,0,0,0,0,0,0,0
-140.3272490217999,-140.22726523197318,-140.27725712688652,0,0,0,0,0,0,0
-140.22726523197318,-140.12728144214645,-140.17727333705983,0,0,0,0,0,0,0
-140.12728144214645,-140.02729765231976,-140.07728954723311,0,0,0,0,0,0,0
-140.02729765231976,-139.92731386249301,-139.97730575740638,0,0,0,0,0,0,0
-139.92731386249301,-139.82733007266631,-139.87732196757966,0,0,0,0,0,0,0
-139.82733007266631,-139.72734628283959,-139.77733817775294,0,0,0,0,0,0,0
-139.72734628283959,-139.62736249301287,-139.67735438792624,0,0,0,0,0,0,0
-139.62736249301287,-139.52737870318614,-139.57737059809949,0,0,0,0,0,0,0
-139.52737870318614,-139.42739491335942,-139.4773868082728,0,0,0,0,0,0,0
-139.42739491335942,-139.32741112353273,-139.37740301844607,0,0,0,0,0,0,0
-139.32741112353273,-139.22742733370598,-139.27741922861935,0,0,0,0,0,0,0
-139.22742733370598,-139.12744354387928,-139.17743543879263,0,0,0,0,0,0,0
-139.12744354387928,-139.02745975405256,-139.0774516489659,0,0,0,0,0,0,0
-139.02745975405256,-138.92747596422583,-138.97746785913921,0,0,0,0,0,0,0
-138.92747596422583,-138.82749217439911,-138.87748406931246,0,0,0,0,0,0,0
-138.82749217439911,-138.72750838457239,-138.77750027948576,0,0,0,0,0,0,0
-138.72750838457239,-138.62752459474569,-138.67751648965904,0,0,0,0,0,0,0
-138.62752459474569,-138.52754080491894,-138.57753269983232,0,0,0,0,0,0,0
-138.52754080491894,-138.42755701509225,-138.47754891000559,0,0,0,0,0,0,0
-138.42755701509225,-138.32757322526552,-138.37756512017887,0,0,0,0,0,0,0
-138.32757322526552,-138.2275894354388,-138.27758133035218,0,0,0,0,0,0,0
-138.2275894354388,-138.12760564561208,-138.17759754052543,0,0,0,0,0,0,0
-138.12760564561208,-138.02762185578536,-138.07761375069873,0,0,0,0,0,0,0
-138.02762185578536,-137.92763806595866,-137.97762996087201,0,0,0,0,0,0,0
-137.92763806595866,-137.82765427613191,-137.87764617104528,0,0,0,0,0,0,0
-137.82765427613191,-137.72767048630521,-137.77766238121856,0,0,0,0,0,0,0
-137.72767048630521,-137.62768669647849,-137.67767859139184,0,0,0,0,0,0,0
-137.62768669647849,-137.52770290665177,-137.57769480156514,0,0,0,0,0,0,0
-137.52770290665177,-137.42771911682507,-137.47771101173842,0,0,0,0,0,0,0
-137.42771911682507,-137.32773532699832,-137.3777272219117,0,0,0,0,0,0,0
-137.32773532699832,-137.22775153717163,-137.27774343208497,0,0,0,0,0,0,0
-137.22775153717163,-137.12776774734488,-137.17775964225825,0,0,0,0,0,0,0
-137.12776774734488,-137.02778395751818,-137.07777585243153,0,0,0,0,0,0,0
-137.02778395751818,-136.92780016769146,-136.97779206260481,0,0,0,0,0,0,0
-136.92780016769146,-136.82781637786474,-136.87780827277811,0,0,0,0,0,0,0
-136.82781637786474,-136.72783258803804,-136.77782448295139,0,0,0,0,0,0,0
-136.72783258803804,-136.62784879821129,-136.67784069312466,0,0,0,0,0,0,0
-136.62784879821129,-136.52786500838459,-136.57785690329794,0,0,0,0,0,0,0
-136.52786500838459,-136.42788121855784,-136.47787311347122,0,0,0,0,0,0,0
-136.42788121855784,-136.32789742873115,-136.3778893236445,0,0,0,0,0,0,0
-136.32789742873115,-136.22791363890443,-136.27790553381777,0,0,0,0,0,0,0
-136.22791363890443,-136.1279298490777,-136.17792174399108,0,0,0,0,0,0,0
-136.1279298490777,-136.02794605925101,-136.07793795416436,0,0,0,0,0,0,0
-136.02794605925101,-135.92796226942426,-135.97795416433763,0,0,0,0,0,0,0
-135.92796226942426,-135.82797847959756,-135.87797037451091,0,0,0,0,0,0,0
-135.82797847959756,-135.72799468977081,-135.77798658468419,0,0,0,0,0,0,0
-135.72799468977081,-135.62801089994412,-135.67800279485746,0,0,0,0,0,0,0
-135.62801089994412,-135.52802711011739,-135.57801900503074,0,0,0,0,0,0,0
-135.52802711011739,-135.42804332029067,-135.47803521520405,0,0,0,0,0,0,0
-135.42804332029067,-135.32805953046397,-135.37805142537732,0,0,0,0,0,0,0
-135.32805953046397,-135.22807574063722,-135.2780676355506,0,0,0,0,0,0,0
-135.22807574063722,-135.12809195081053,-135.17808384572388,0,0,0,0,0,0,0
-135.12809195081053,-135.02810816098381,-135.07810005589715,0,0,0,0,0,0,0
-135.02810816098381,-134.92812437115708,-134.97811626607046,0,0,0,0,0,0,0
-134.92812437115708,-134.82814058133036,-134.87813247624371,0,0,0,0,0,0,0
-134.82814058133036,-134.72815679150364,-134.77814868641701,0,0,0,0,0,0,0
-134.72815679150364,-134.62817300167694,-134.67816489659029,0,0,0,0,0,0,0
-134.62817300167694,-134.52818921185019,-134.57818110676357,0,0,0,0,0,0,0
-134.52818921185019,-134.4282054220235,-134.47819731693684,0,0,0,0,0,0,0
-134.4282054220235,-134.32822163219677,-134.37821352711012,0,0,0,0,0,0,0
-134.32822163219677,-134.22823784237005,-134.27822973728343,0,0,0,0,0,0,0
-134.22823784237005,-134.12825405254333,-134.17824594745667,0,0,0,0,0,0,0
-134.12825405254333,-134.0282702627166,-134.07826215762998,0,0,0,0,0,0,0
-134.0282702627166,-133.92828647288991,-133.97827836780326,0,0,0,0,0,0,0
-133.92828647288991,-133.82830268306316,-133.87829457797653,0,0,0,0,0,0,0
-133.82830268306316,-133.72831889323646,-133.77831078814981,0,0,0,0,0,0,0
-133.72831889323646,-133.62833510340974,-133.67832699832309,0,0,0,0,0,0,0
-133.62833510340974,-133.52835131358302,-133.57834320849639,0,0,0,0,0,0,0
-133.52835131358302,-133.42836752375629,-133.47835941866964,0,0,0,0,0,0,0
-133.42836752375629,-133.32838373392957,-133.37837562884295,0,0,0,0,0,0,0
-133.32838373392957,-133.22839994410288,-133.27839183901622,0,0,0,0,0,0,0
-133.22839994410288,-133.12841615427612,-133.1784080491895,0,0,0,0,0,0,0
-133.12841615427612,-133.02843236444943,-133.07842425936278,0,0,0,0,0,0,0
-133.02843236444943,-132.92844857462271,-132.97844046953605,0,0,0,0,0,0,0
-132.92844857462271,-132.82846478479598,-132.87845667970936,0,0,0,0,0,0,0
-132.82846478479598,-132.72848099496929,-132.77847288988264,0,0,0,0,0,0,0
-132.72848099496929,-132.62849720514254,-132.67848910005591,0,0,0,0,0,0,0
-132.62849720514254,-132.52851341531584,-132.57850531022919,0,0,0,0,0,0,0
-132.52851341531584,-132.42852962548909,-132.47852152040247,0,0,0,0,0,0,0
-132.42852962548909,-132.3285458356624,-132.37853773057574,0,0,0,0,0,0,0
-132.3285458356624,-132.22856204583567,-132.27855394074902,0,0,0,0,0,0,0
-132.22856204583567,-132.12857825600895,-132.17857015092233,0,0,0,0,0,0,0
-132.12857825600895,-132.02859446618226,-132.0785863610956,0,0,0,0,0,0,0
-132.02859446618226,-131.9286106763555,-131.97860257126888,0,0,0,0,0,0,0
-131.9286106763555,-131.82862688652881,-131.87861878144216,0,0,0,0,0,0,0
-131.82862688652881,-131.72864309670206,-131.77863499161543,0,0,0,0,0,0,0
-131.72864309670206,-131.62865930687536,-131.67865120178871,0,0,0,0,0,0,0
-131.62865930687536,-131.52867551704864,-131.57866741196199,0,0,0,0,0,0,0
-131.52867551704864,-131.42869172722192,-131.47868362213529,0,0,0,0,0,0,0
-131.42869172722192,-131.32870793739522,-131.37869983230857,0,0,0,0,0,0,0
-131.32870793739522,-131.22872414756847,-131.27871604248185,0,0,0,0,0,0,0
-131.22872414756847,-131.12874035774178,-131.17873225265512,0,0,0,0,0,0,0
-131.12874035774178,-131.02875656791502,-131.0787484628284,0,0,0,0,0,0,0
-131.02875656791502,-130.92877277808833,-130.97876467300168,0,0,0,0,0,0,0
-130.92877277808833,-130.82878898826161,-130.87878088317495,0,0,0,0,0,0,0
-130.82878898826161,-130.72880519843488,-130.77879709334826,0,0,0,0,0,0,0
-130.72880519843488,-130.62882140860819,-130.67881330352154,0,0,0,0,0,0,0
-130.62882140860819,-130.52883761878144,-130.57882951369481,0,0,0,0,0,0,0
-130.52883761878144,-130.42885382895474,-130.47884572386809,0,0,0,0,0,0,0
-130.42885382895474,-130.32887003912802,-130.37886193404137,0,0,0,0,0,0,0
-130.32887003912802,-130.2288862493013,-130.27887814421467,0,0,0,0,0,0,0
-130.2288862493013,-130.12890245947457,-130.17889435438792,0,0,0,0,0,0,0
-130.12890245947457,-130.02891866964785,-130.07891056456123,0,0,0,0,0,0,0
-130.02891866964785,-129.92893487982116,-129.9789267747345,0,0,0,0,0,0,0
-129.92893487982116,-129.8289510899944,-129.87894298490778,0,0,0,0,0,0,0
-129.8289510899944,-129.72896730016771,-129.77895919508106,0,0,0,0,0,0,0
-129.72896730016771,-129.62898351034099,-129.67897540525433,0,0,0,0,0,0,0
-129.62898351034099,-129.52899972051426,-129.57899161542764,0,0,0,0,0,0,0
-129.52899972051426,-129.42901593068754,-129.47900782560089,0,0,0,0,0,0,0
-129.42901593068754,-129.32903214086082,-129.37902403577419,0,0,0,0,0,0,0
-129.32903214086082,-129.22904835103412,-129.27904024594747,0,0,0,0,0,0,0
-129.22904835103412,-129.12906456120737,-129.17905645612075,0,0,0,0,0,0,0
-129.12906456120737,-129.02908077138068,-129.07907266629402,0,0,0,0,0,0,0
-129.02908077138068,-128.92909698155395,-128.9790888764673,0,0,0,0,0,0,0
-128.92909698155395,-128.82911319172723,-128.87910508664061,0,0,0,0,0,0,0
-128.82911319172723,-128.72912940190051,-128.77912129681386,0,0,0,0,0,0,0
-128.72912940190051,-128.62914561207378,-128.67913750698716,0,0,0,0,0,0,0
-128.62914561207378,-128.52916182224709,-128.57915371716044,0,0,0,0,0,0,0
-128.52916182224709,-128.42917803242034,-128.47916992733371,0,0,0,0,0,0,0
-128.42917803242034,-128.32919424259364,-128.37918613750699,0,0,0,0,0,0,0
-128.32919424259364,-128.22921045276692,-128.27920234768027,0,0,0,0,0,0,0
-128.22921045276692,-128.1292266629402,-128.17921855785357,0,0,0,0,0,0,0
-128.1292266629402,-128.0292428731135,-128.07923476802685,0,0,0,0,0,0,0
-128.0292428731135,-127.92925908328677,-127.97925097820013,0,0,0,0,0,0,0
-127.92925908328677,-127.82927529346004,-127.8792671883734,0,0,0,0,0,0,0
-127.82927529346004,-127.72929150363332,-127.77928339854668,0,0,0,0,0,0,0
-127.72929150363332,-127.62930771380661,-127.67929960871996,0,0,0,0,0,0,0
-127.62930771380661,-127.52932392397989,-127.57931581889325,0,0,0,0,0,0,0
-127.52932392397989,-127.42934013415316,-127.47933202906653,0,0,0,0,0,0,0
-127.42934013415316,-127.32935634432646,-127.37934823923982,0,0,0,0,0,0,0
-127.32935634432646,-127.22937255449973,-127.27936444941309,0,0,0,0,0,0,0
-127.22937255449973,-127.12938876467301,-127.17938065958637,0,0,0,0,0,0,0
-127.12938876467301,-127.02940497484629,-127.07939686975965,0,0,0,0,0,0,0
-127.02940497484629,-126.92942118501958,-126.97941307993293,0,0,0,0,0,0,0
-126.92942118501958,-126.82943739519285,-126.87942929010622,0,0,0,0,0,0,0
-126.82943739519285,-126.72945360536613,-126.77944550027949,0,0,0,0,0,0,0
-126.72945360536613,-126.62946981553942,-126.67946171045278,0,0,0,0,0,0,0
-126.62946981553942,-126.5294860257127,-126.57947792062606,0,0,0,0,0,0,0
-126.5294860257127,-126.42950223588598,-126.47949413079934,0,0,0,0,0,0,0
-126.42950223588598,-126.32951844605925,-126.37951034097262,0,0,0,0,0,0,0
-126.32951844605925,-126.22953465623254,-126.27952655114589,0,0,0,0,0,0,0
-126.22953465623254,-126.12955086640582,-126.17954276131918,0,0,0,0,0,0,0
-126.12955086640582,-126.02956707657911,-126.07955897149247,0,0,0,0,0,0,0
-126.02956707657911,-125.92958328675239,-125.97957518166575,0,0,0,0,0,0,0
-125.92958328675239,-125.82959949692567,-125.87959139183903,0,0,0,0,0,0,0
-125.82959949692567,-125.72961570709894,-125.77960760201231,0,0,0,0,0,0,0
-125.72961570709894,-125.62963191727223,-125.67962381218558,0,0,0,0,0,0,0
-125.62963191727223,-125.52964812744551,-125.57964002235887,0,0,0,0,0,0,0
-125.52964812744551,-125.42966433761879,-125.47965623253215,0,0,0,0,0,0,0
-125.42966433761879,-125.32968054779208,-125.37967244270544,0,0,0,0,0,0,0
-125.32968054779208,-125.22969675796536,-125.27968865287872,0,0,0,0,0,0,0
-125.22969675796536,-125.12971296813863,-125.179704863052,0,0,0,0,0,0,0
-125.12971296813863,-125.02972917831191,-125.07972107322527,0,0,0,0,0,0,0
-125.02972917831191,-124.9297453884852,-124.97973728339855,0,0,0,0,0,0,0
-124.9297453884852,-124.82976159865848,-124.87975349357184,0,0,0,0,0,0,0
-124.82976159865848,-124.72977780883176,-124.77976970374512,0,0,0,0,0,0,0
-124.72977780883176,-124.62979401900505,-124.67978591391841,0,0,0,0,0,0,0
-124.62979401900505,-124.52981022917832,-124.57980212409169,0,0,0,0,0,0,0
-124.52981022917832,-124.4298264393516,-124.47981833426496,0,0,0,0,0,0,0
-124.4298264393516,-124.32984264952488,-124.37983454443824,0,0,0,0,0,0,0
-124.32984264952488,-124.22985885969817,-124.27985075461152,0,0,0,0,0,0,0
-124.22985885969817,-124.12987506987145,-124.17986696478481,0,0,0,0,0,0,0
-124.12987506987145,-124.02989128004472,-124.07988317495808,0,0,0,0,0,0,0
-124.02989128004472,-123.92990749021801,-123.97989938513138,0,0,0,0,0,0,0
-123.92990749021801,-123.82992370039129,-123.87991559530465,0,0,0,0,0,0,0
-123.82992370039129,-123.72993991056457,-123.77993180547793,0,0,0,0,0,0,0
-123.72993991056457,-123.62995612073784,-123.67994801565121,0,0,0,0,0,0,0
-123.62995612073784,-123.52997233091114,-123.57996422582448,0,0,0,0,0,0,0
-123.52997233091114,-123.42998854108441,-123.47998043599777,0,0,0,0,0,0,0
-123.42998854108441,-123.3300047512577,-123.37999664617107,0,0,0,0,0,0,0
-123.3300047512577,-123.23002096143098,-123.28001285634434,0,0,0,0,0,0,0
-123.23002096143098,-123.13003717160426,-123.18002906651762,0,0,0,0,0,0,0
-123.13003717160426,-123.03005338177753,-123.0800452766909,0,0,0,0,0,0,0
-123.03005338177753,-122.93006959195083,-122.98006148686417,0,0,0,0,0,0,0
-122.93006959195083,-122.8300858021241,-122.88007769703746,0,0,0,0,0,0,0
-122.8300858021241,-122.73010201229738,-122.78009390721074,0,0,0,0,0,0,0
-122.73010201229738,-122.63011822247067,-122.68011011738403,0,0,0,0,0,0,0
-122.63011822247067,-122.53013443264395,-122.58012632755731,0,0,0,0,0,0,0
-122.53013443264395,-122.43015064281722,-122.48014253773059,0,0,0,0,0,0,0
-122.43015064281722,-122.3301668529905,-122.38015874790386,0,0,0,0,0,0,0
-122.3301668529905,-122.23018306316379,-122.28017495807714,0,0,0,0,0,0,0
-122.23018306316379,-122.13019927333707,-122.18019116825043,0,0,0,0,0,0,0
-122.13019927333707,-122.03021548351035,-122.08020737842371,0,0,0,0,0,0,0
-122.03021548351035,-121.93023169368364,-121.980223588597,0,0,0,0,0,0,0
-121.93023169368364,-121.83024790385691,-121.88023979877028,0,0,0,0,0,0,0
-121.83024790385691,-121.73026411403019,-121.78025600894355,0,0,0,0,0,0,0
-121.73026411403019,-121.63028032420347,-121.68027221911683,0,0,0,0,0,0,0
-121.63028032420347,-121.53029653437676,-121.58028842929011,0,0,0,0,0,0,0
-121.53029653437676,-121.43031274455004,-121.4803046394634,0,0,0,0,0,0,0
-121.43031274455004,-121.33032895472333,-121.38032084963669,0,0,0,0,0,0,0
-121.33032895472333,-121.2303451648966,-121.28033705980997,0,0,0,0,0,0,0
-121.2303451648966,-121.13036137506988,-121.18035326998324,0,0,0,0,0,0,0
-121.13036137506988,-121.03037758524316,-121.08036948015652,0,0,0,0,0,0,0
-121.03037758524316,-120.93039379541645,-120.9803856903298,0,0,0,0,0,0,0
-120.93039379541645,-120.83041000558973,-120.88040190050309,0,0,0,0,0,0,0
-120.83041000558973,-120.730426215763,-120.78041811067637,0,0,0,0,0,0,0
-120.730426215763,-120.63044242593629,-120.68043432084966,0,0,0,0,0,0,0
-120.63044242593629,-120.53045863610957,-120.58045053102293,0,0,0,0,0,0,0
-120.53045863610957,-120.43047484628285,-120.48046674119621,0,0,0,0,0,0,0
-120.43047484628285,-120.33049105645613,-120.38048295136949,0,0,0,0,0,0,0
-120.33049105645613,-120.23050726662942,-120.28049916154276,0,0,0,0,0,0,0
-120.23050726662942,-120.13052347680269,-120.18051537171606,0,0,0,0,0,0,0
-120.13052347680269,-120.03053968697597,-120.08053158188933,0,0,0,0,0,0,0
-120.03053968697597,-119.93055589714926,-119.98054779206262,0,0,0,0,0,0,0
-119.93055589714926,-119.83057210732254,-119.8805640022359,0,0,0,0,0,0,0
-119.83057210732254,-119.73058831749582,-119.78058021240918,0,0,0,0,0,0,0
-119.73058831749582,-119.63060452766909,-119.68059642258245,0,0,0,0,0,0,0
-119.63060452766909,-119.53062073784238,-119.58061263275573,0,0,0,0,0,0,0
-119.53062073784238,-119.43063694801566,-119.48062884292902,0,0,0,0,0,0,0
-119.43063694801566,-119.33065315818894,-119.3806450531023,0,0,0,0,0,0,0
-119.33065315818894,-119.23066936836223,-119.28066126327559,0,0,0,0,0,0,0
-119.23066936836223,-119.13068557853551,-119.18067747344887,0,0,0,0,0,0,0
-119.13068557853551,-119.03070178870878,-119.08069368362214,0,0,0,0,0,0,0
-119.03070178870878,-118.93071799888206,-118.98070989379542,0,0,0,0,0,0,0
-118.93071799888206,-118.83073420905535,-118.8807261039687,0,0,0,0,0,0,0
-118.83073420905535,-118.73075041922863,-118.78074231414199,0,0,0,0,0,0,0
-118.73075041922863,-118.63076662940192,-118.68075852431528,0,0,0,0,0,0,0
-118.63076662940192,-118.5307828395752,-118.58077473448856,0,0,0,0,0,0,0
-118.5307828395752,-118.43079904974847,-118.48079094466183,0,0,0,0,0,0,0
-118.43079904974847,-118.33081525992175,-118.38080715483511,0,0,0,0,0,0,0
-118.33081525992175,-118.23083147009504,-118.28082336500839,0,0,0,0,0,0,0
-118.23083147009504,-118.13084768026832,-118.18083957518168,0,0,0,0,0,0,0
-118.13084768026832,-118.03086389044159,-118.08085578535496,0,0,0,0,0,0,0
-118.03086389044159,-117.93088010061489,-117.98087199552825,0,0,0,0,0,0,0
-117.93088010061489,-117.83089631078816,-117.88088820570152,0,0,0,0,0,0,0
-117.83089631078816,-117.73091252096144,-117.7809044158748,0,0,0,0,0,0,0
-117.73091252096144,-117.63092873113472,-117.68092062604808,0,0,0,0,0,0,0
-117.63092873113472,-117.53094494130801,-117.58093683622135,0,0,0,0,0,0,0
-117.53094494130801,-117.43096115148128,-117.48095304639465,0,0,0,0,0,0,0
-117.43096115148128,-117.33097736165456,-117.38096925656792,0,0,0,0,0,0,0
-117.33097736165456,-117.23099357182785,-117.28098546674121,0,0,0,0,0,0,0
-117.23099357182785,-117.13100978200113,-117.18100167691449,0,0,0,0,0,0,0
-117.13100978200113,-117.03102599217441,-117.08101788708777,0,0,0,0,0,0,0
-117.03102599217441,-116.93104220234768,-116.98103409726104,0,0,0,0,0,0,0
-116.93104220234768,-116.83105841252097,-116.88105030743432,0,0,0,0,0,0,0
-116.83105841252097,-116.73107462269425,-116.78106651760761,0,0,0,0,0,0,0
-116.73107462269425,-116.63109083286754,-116.6810827277809,0,0,0,0,0,0,0
-116.63109083286754,-116.53110704304082,-116.58109893795418,0,0,0,0,0,0,0
-116.53110704304082,-116.4311232532141,-116.48111514812746,0,0,0,0,0,0,0
-116.4311232532141,-116.33113946338737,-116.38113135830073,0,0,0,0,0,0,0
-116.33113946338737,-116.23115567356066,-116.28114756847401,0,0,0,0,0,0,0
-116.23115567356066,-116.13117188373394,-116.1811637786473,0,0,0,0,0,0,0
-116.13117188373394,-116.03118809390722,-116.08117998882058,0,0,0,0,0,0,0
-116.03118809390722,-115.93120430408051,-115.98119619899387,0,0,0,0,0,0,0
-115.93120430408051,-115.83122051425379,-115.88121240916715,0,0,0,0,0,0,0
-115.83122051425379,-115.73123672442706,-115.78122861934042,0,0,0,0,0,0,0
-115.73123672442706,-115.63125293460034,-115.6812448295137,0,0,0,0,0,0,0
-115.63125293460034,-115.53126914477363,-115.58126103968698,0,0,0,0,0,0,0
-115.53126914477363,-115.43128535494691,-115.48127724986027,0,0,0,0,0,0,0
-115.43128535494691,-115.33130156512019,-115.38129346003355,0,0,0,0,0,0,0
-115.33130156512019,-115.23131777529348,-115.28130967020684,0,0,0,0,0,0,0
-115.23131777529348,-115.13133398546675,-115.18132588038011,0,0,0,0,0,0,0
-115.13133398546675,-115.03135019564003,-115.08134209055339,0,0,0,0,0,0,0
-115.03135019564003,-114.93136640581331,-114.98135830072667,0,0,0,0,0,0,0
-114.93136640581331,-114.8313826159866,-114.88137451089995,0,0,0,0,0,0,0
-114.8313826159866,-114.73139882615988,-114.78139072107324,0,0,0,0,0,0,0
-114.73139882615988,-114.63141503633315,-114.68140693124651,0,0,0,0,0,0,0
-114.63141503633315,-114.53143124650644,-114.5814231414198,0,0,0,0,0,0,0
-114.53143124650644,-114.43144745667972,-114.48143935159308,0,0,0,0,0,0,0
-114.43144745667972,-114.331463666853,-114.38145556176636,0,0,0,0,0,0,0
-114.331463666853,-114.23147987702629,-114.28147177193964,0,0,0,0,0,0,0
-114.23147987702629,-114.13149608719957,-114.18148798211293,0,0,0,0,0,0,0
-114.13149608719957,-114.03151229737284,-114.0815041922862,0,0,0,0,0,0,0
-114.03151229737284,-113.93152850754612,-113.98152040245948,0,0,0,0,0,0,0
-113.93152850754612,-113.83154471771941,-113.88153661263277,0,0,0,0,0,0,0
-113.83154471771941,-113.73156092789269,-113.78155282280605,0,0,0,0,0,0,0
-113.73156092789269,-113.63157713806596,-113.68156903297933,0,0,0,0,0,0,0
-113.63157713806596,-113.53159334823926,-113.5815852431526,0,0,0,0,0,0,0
-113.53159334823926,-113.43160955841253,-113.48160145332589,0,0,0,0,0,0,0
-113.43160955841253,-113.33162576858581,-113.38161766349917,0,0,0,0,0,0,0
-113.33162576858581,-113.23164197875909,-113.28163387367245,0,0,0,0,0,0,0
-113.23164197875909,-113.13165818893238,-113.18165008384574,0,0,0,0,0,0,0
-113.13165818893238,-113.03167439910565,-113.08166629401902,0,0,0,0,0,0,0
-113.03167439910565,-112.93169060927895,-112.98168250419229,0,0,0,0,0,0,0
-112.93169060927895,-112.83170681945222,-112.88169871436558,0,0,0,0,0,0,0
-112.83170681945222,-112.7317230296255,-112.78171492453886,0,0,0,0,0,0,0
-112.7317230296255,-112.63173923979878,-112.68173113471214,0,0,0,0,0,0,0
-112.63173923979878,-112.53175544997205,-112.58174734488541,0,0,0,0,0,0,0
-112.53175544997205,-112.43177166014534,-112.48176355505871,0,0,0,0,0,0,0
-112.43177166014534,-112.33178787031862,-112.38177976523198,0,0,0,0,0,0,0
-112.33178787031862,-112.23180408049191,-112.28179597540526,0,0,0,0,0,0,0
-112.23180408049191,-112.13182029066519,-112.18181218557855,0,0,0,0,0,0,0
-112.13182029066519,-112.03183650083847,-112.08182839575183,0,0,0,0,0,0,0
-112.03183650083847,-111.93185271101174,-111.9818446059251,0,0,0,0,0,0,0
-111.93185271101174,-111.83186892118503,-111.8818608160984,0,0,0,0,0,0,0
-111.83186892118503,-111.73188513135831,-111.78187702627167,0,0,0,0,0,0,0
-111.73188513135831,-111.63190134153159,-111.68189323644495,0,0,0,0,0,0,0
-111.63190134153159,-111.53191755170488,-111.58190944661823,0,0,0,0,0,0,0
-111.53191755170488,-111.43193376187816,-111.48192565679152,0,0,0,0,0,0,0
-111.43193376187816,-111.33194997205143,-111.38194186696479,0,0,0,0,0,0,0
-111.33194997205143,-111.23196618222471,-111.28195807713807,0,0,0,0,0,0,0
-111.23196618222471,-111.131982392398,-111.18197428731136,0,0,0,0,0,0,0
-111.131982392398,-111.03199860257128,-111.08199049748464,0,0,0,0,0,0,0
-111.03199860257128,-110.93201481274457,-110.98200670765792,0,0,0,0,0,0,0
-110.93201481274457,-110.83203102291785,-110.88202291783121,0,0,0,0,0,0,0
-110.83203102291785,-110.73204723309112,-110.78203912800448,0,0,0,0,0,0,0
-110.73204723309112,-110.6320634432644,-110.68205533817776,0,0,0,0,0,0,0
-110.6320634432644,-110.53207965343768,-110.58207154835104,0,0,0,0,0,0,0
-110.53207965343768,-110.43209586361097,-110.48208775852433,0,0,0,0,0,0,0
-110.43209586361097,-110.33211207378424,-110.38210396869761,0,0,0,0,0,0,0
-110.33211207378424,-110.23212828395754,-110.28212017887088,0,0,0,0,0,0,0
-110.23212828395754,-110.13214449413081,-110.18213638904417,0,0,0,0,0,0,0
-110.13214449413081,-110.03216070430409,-110.08215259921745,0,0,0,0,0,0,0
-110.03216070430409,-109.93217691447737,-109.98216880939073,0,0,0,0,0,0,0
-109.93217691447737,-109.83219312465066,-109.88218501956402,0,0,0,0,0,0,0
-109.83219312465066,-109.73220933482393,-109.7822012297373,0,0,0,0,0,0,0
-109.73220933482393,-109.63222554499721,-109.68221743991057,0,0,0,0,0,0,0
-109.63222554499721,-109.5322417551705,-109.58223365008385,0,0,0,0,0,0,0
-109.5322417551705,-109.43225796534378,-109.48224986025714,0,0,0,0,0,0,0
-109.43225796534378,-109.33227417551706,-109.38226607043042,0,0,0,0,0,0,0
-109.33227417551706,-109.23229038569033,-109.2822822806037,0,0,0,0,0,0,0
-109.23229038569033,-109.13230659586362,-109.18229849077699,0,0,0,0,0,0,0
-109.13230659586362,-109.0323228060369,-109.08231470095026,0,0,0,0,0,0,0
-109.0323228060369,-108.93233901621018,-108.98233091112354,0,0,0,0,0,0,0
-108.93233901621018,-108.83235522638347,-108.88234712129682,0,0,0,0,0,0,0
-108.83235522638347,-108.73237143655675,-108.78236333147011,0,0,0,0,0,0,0
-108.73237143655675,-108.63238764673002,-108.68237954164339,0,0,0,0,0,0,0
-108.63238764673002,-108.5324038569033,-108.58239575181666,0,0,0,0,0,0,0
-108.5324038569033,-108.43242006707659,-108.48241196198995,0,0,0,0,0,0,0
-108.43242006707659,-108.33243627724987,-108.38242817216323,0,0,0,0,0,0,0
-108.33243627724987,-108.23245248742316,-108.28244438233651,0,0,0,0,0,0,0
-108.23245248742316,-108.13246869759644,-108.1824605925098,0,0,0,0,0,0,0
-108.13246869759644,-108.03248490776971,-108.08247680268308,0,0,0,0,0,0,0
-108.03248490776971,-107.93250111794299,-107.98249301285635,0,0,0,0,0,0,0
-107.93250111794299,-107.83251732811627,-107.88250922302963,0,0,0,0,0,0,0
-107.83251732811627,-107.73253353828956,-107.78252543320292,0,0,0,0,0,0,0
-107.73253353828956,-107.63254974846284,-107.6825416433762,0,0,0,0,0,0,0
-107.63254974846284,-107.53256595863613,-107.58255785354947,0,0,0,0,0,0,0
-107.53256595863613,-107.4325821688094,-107.48257406372277,0,0,0,0,0,0,0
-107.4325821688094,-107.33259837898268,-107.38259027389604,0,0,0,0,0,0,0
-107.33259837898268,-107.23261458915596,-107.28260648406932,0,0,0,0,0,0,0
-107.23261458915596,-107.13263079932925,-107.18262269424261,0,0,0,0,0,0,0
-107.13263079932925,-107.03264700950253,-107.08263890441589,0,0,0,0,0,0,0
-107.03264700950253,-106.9326632196758,-106.98265511458916,0,0,0,0,0,0,0
-106.9326632196758,-106.83267942984909,-106.88267132476244,0,0,0,0,0,0,0
-106.83267942984909,-106.73269564002237,-106.78268753493573,0,0,0,0,0,0,0
-106.73269564002237,-106.63271185019565,-106.68270374510901,0,0,0,0,0,0,0
-106.63271185019565,-106.53272806036892,-106.58271995528229,0,0,0,0,0,0,0
-106.53272806036892,-106.43274427054222,-106.48273616545558,0,0,0,0,0,0,0
-106.43274427054222,-106.33276048071549,-106.38275237562885,0,0,0,0,0,0,0
-106.33276048071549,-106.23277669088878,-106.28276858580213,0,0,0,0,0,0,0
-106.23277669088878,-106.13279290106206,-106.18278479597542,0,0,0,0,0,0,0
-106.13279290106206,-106.03280911123534,-106.0828010061487,0,0,0,0,0,0,0
-106.03280911123534,-105.93282532140861,-105.98281721632198,0,0,0,0,0,0,0
-105.93282532140861,-105.83284153158189,-105.88283342649525,0,0,0,0,0,0,0
-105.83284153158189,-105.73285774175518,-105.78284963666854,0,0,0,0,0,0,0
-105.73285774175518,-105.63287395192846,-105.68286584684182,0,0,0,0,0,0,0
-105.63287395192846,-105.53289016210175,-105.5828820570151,0,0,0,0,0,0,0
-105.53289016210175,-105.43290637227503,-105.48289826718839,0,0,0,0,0,0,0
-105.43290637227503,-105.3329225824483,-105.38291447736167,0,0,0,0,0,0,0
-105.3329225824483,-105.23293879262158,-105.28293068753494,0,0,0,0,0,0,0
-105.23293879262158,-105.13295500279487,-105.18294689770823,0,0,0,0,0,0,0
-105.13295500279487,-105.03297121296815,-105.08296310788151,0,0,0,0,0,0,0
-105.03297121296815,-104.93298742314143,-104.98297931805479,0,0,0,0,0,0,0
-104.93298742314143,-104.83300363331472,-104.88299552822807,0,0,0,0,0,0,0
-104.83300363331472,-104.73301984348799,-104.78301173840136,0,0,0,0,0,0,0
-104.73301984348799,-104.63303605366127,-104.68302794857463,0,0,0,0,0,0,0
-104.63303605366127,-104.53305226383455,-104.58304415874791,0,0,0,0,0,0,0
-104.53305226383455,-104.43306847400784,-104.4830603689212,0,0,0,0,0,0,0
-104.43306847400784,-104.33308468418112,-104.38307657909448,0,0,0,0,0,0,0
-104.33308468418112,-104.23310089435439,-104.28309278926776,0,0,0,0,0,0,0
-104.23310089435439,-104.13311710452768,-104.18310899944103,0,0,0,0,0,0,0
-104.13311710452768,-104.03313331470096,-104.08312520961432,0,0,0,0,0,0,0
-104.03313331470096,-103.93314952487424,-103.9831414197876,0,0,0,0,0,0,0
-103.93314952487424,-103.83316573504752,-103.88315762996088,0,0,0,0,0,0,0
-103.83316573504752,-103.73318194522081,-103.78317384013417,0,0,0,0,0,0,0
-103.73318194522081,-103.63319815539408,-103.68319005030745,0,0,0,0,0,0,0
-103.63319815539408,-103.53321436556737,-103.58320626048072,0,0,0,0,0,0,0
-103.53321436556737,-103.43323057574065,-103.48322247065401,0,0,0,0,0,0,0
-103.43323057574065,-103.33324678591393,-103.38323868082729,0,0,0,0,0,0,0
-103.33324678591393,-103.23326299608721,-103.28325489100057,0,0,0,0,0,0,0
-103.23326299608721,-103.13327920626048,-103.18327110117384,0,0,0,0,0,0,0
-103.13327920626048,-103.03329541643377,-103.08328731134714,0,0,0,0,0,0,0
-103.03329541643377,-102.93331162660705,-102.98330352152041,0,0,0,0,0,0,0
-102.93331162660705,-102.83332783678034,-102.88331973169369,0,0,0,0,0,0,0
-102.83332783678034,-102.73334404695362,-102.78333594186698,0,0,0,0,0,0,0
-102.73334404695362,-102.6333602571269,-102.68335215204026,0,0,0,0,0,0,0
-102.6333602571269,-102.53337646730017,-102.58336836221353,0,0,0,0,0,0,0
-102.53337646730017,-102.43339267747346,-102.48338457238683,0,0,0,0,0,0,0
-102.43339267747346,-102.33340888764674,-102.3834007825601,0,0,0,0,0,0,0
-102.33340888764674,-102.23342509782002,-102.28341699273338,0,0,0,0,0,0,0
-102.23342509782002,-102.13344130799331,-102.18343320290666,0,0,0,0,0,0,0
-102.13344130799331,-102.03345751816659,-102.08344941307995,0,0,0,0,0,0,0
-102.03345751816659,-101.93347372833986,-101.98346562325322,0,0,0,0,0,0,0
-101.93347372833986,-101.83348993851314,-101.8834818334265,0,0,0,0,0,0,0
-101.83348993851314,-101.73350614868643,-101.78349804359979,0,0,0,0,0,0,0
-101.73350614868643,-101.63352235885971,-101.68351425377307,0,0,0,0,0,0,0
-101.63352235885971,-101.533538569033,-101.58353046394635,0,0,0,0,0,0,0
-101.533538569033,-101.43355477920628,-101.48354667411964,0,0,0,0,0,0,0
-101.43355477920628,-101.33357098937955,-101.38356288429291,0,0,0,0,0,0,0
-101.33357098937955,-101.23358719955283,-101.28357909446619,0,0,0,0,0,0,0
-101.23358719955283,-101.13360340972611,-101.18359530463947,0,0,0,0,0,0,0
-101.13360340972611,-101.0336196198994,-101.08361151481276,0,0,0,0,0,0,0
-101.0336196198994,-100.93363583007267,-100.98362772498604,0,0,0,0,0,0,0
-100.93363583007267,-100.83365204024597,-100.88364393515931,0,0,0,0,0,0,0
-100.83365204024597,-100.73366825041924,-100.7836601453326,0,0,0,0,0,0,0
-100.73366825041924,-100.63368446059252,-100.68367635550588,0,0,0,0,0,0,0
-100.63368446059252,-100.5337006707658,-100.58369256567916,0,0,0,0,0,0,0
-100.5337006707658,-100.43371688093909,-100.48370877585245,0,0,0,0,0,0,0
-100.43371688093909,-100.33373309111236,-100.38372498602573,0,0,0,0,0,0,0
-100.33373309111236,-100.23374930128564,-100.283741196199,0,0,0,0,0,0,0
-100.23374930128564,-100.13376551145893,-100.18375740637228,0,0,0,0,0,0,0
-100.13376551145893,-100.03378172163221,-100.08377361654557,0,0,0,0,0,0,0
-100.03378172163221,-99.933797931805486,-99.983789826718848,0,0,0,0,0,0,0
-99.933797931805486,-99.833814141978763,-99.883806036892125,0,0,0,0,0,0,0
-99.833814141978763,-99.733830352152054,-99.783822247065416,0,0,0,0,0,0,0
-99.733830352152054,-99.633846562325331,-99.683838457238693,0,0,0,0,0,0,0
-99.633846562325331,-99.533862772498608,-99.58385466741197,0,0,0,0,0,0,0
-99.533862772498608,-99.433878982671899,-99.483870877585247,0,0,0,0,0,0,0
-99.433878982671899,-99.333895192845176,-99.383887087758538,0,0,0,0,0,0,0
-99.333895192845176,-99.233911403018453,-99.283903297931815,0,0,0,0,0,0,0
-99.233911403018453,-99.13392761319173,-99.183919508105092,0,0,0,0,0,0,0
-99.13392761319173,-99.033943823365021,-99.083935718278383,0,0,0,0,0,0,0
-99.033943823365021,-98.933960033538298,-98.98395192845166,0,0,0,0,0,0,0
-98.933960033538298,-98.833976243711589,-98.883968138624937,0,0,0,0,0,0,0
-98.833976243711589,-98.733992453884866,-98.783984348798228,0,0,0,0,0,0,0
-98.733992453884866,-98.634008664058143,-98.684000558971505,0,0,0,0,0,0,0
-98.634008664058143,-98.53402487423142,-98.584016769144782,0,0,0,0,0,0,0
-98.53402487423142,-98.434041084404697,-98.484032979318059,0,0,0,0,0,0,0
-98.434041084404697,-98.334057294577988,-98.38404918949135,0,0,0,0,0,0,0
-98.334057294577988,-98.234073504751265,-98.284065399664627,0,0,0,0,0,0,0
-98.234073504751265,-98.134089714924556,-98.184081609837904,0,0,0,0,0,0,0
-98.134089714924556,-98.034105925097833,-98.084097820011195,0,0,0,0,0,0,0
-98.034105925097833,-97.93412213527111,-97.984114030184472,0,0,0,0,0,0,0
-97.93412213527111,-97.834138345444387,-97.884130240357749,0,0,0,0,0,0,0
-97.834138345444387,-97.734154555617678,-97.78414645053104,0,0,0,0,0,0,0
-97.734154555617678,-97.634170765790955,-97.684162660704317,0,0,0,0,0,0,0
-97.634170765790955,-97.534186975964232,-97.584178870877594,0,0,0,0,0,0,0
-97.534186975964232,-97.434203186137523,-97.484195081050871,0,0,0,0,0,0,0
-97.434203186137523,-97.3342193963108,-97.384211291224162,0,0,0,0,0,0,0
-97.3342193963108,-97.234235606484077,-97.284227501397439,0,0,0,0,0,0,0
-97.234235606484077,-97.134251816657354,-97.184243711570716,0,0,0,0,0,0,0
-97.134251816657354,-97.034268026830645,-97.084259921744007,0,0,0,0,0,0,0
-97.034268026830645,-96.934284237003922,-96.984276131917284,0,0,0,0,0,0,0
-96.934284237003922,-96.834300447177213,-96.884292342090561,0,0,0,0,0,0,0
-96.834300447177213,-96.73431665735049,-96.784308552263852,0,0,0,0,0,0,0
-96.73431665735049,-96.634332867523767,-96.684324762437129,0,0,0,0,0,0,0
-96.634332867523767,-96.534349077697044,-96.584340972610406,0,0,0,0,0,0,0
-96.534349077697044,-96.434365287870321,-96.484357182783683,0,0,0,0,0,0,0
-96.434365287870321,-96.334381498043612,-96.384373392956974,0,0,0,0,0,0,0
-96.334381498043612,-96.234397708216889,-96.284389603130251,0,0,0,0,0,0,0
-96.234397708216889,-96.13441391839018,-96.184405813303528,0,0,0,0,0,0,0
-96.13441391839018,-96.034430128563457,-96.084422023476819,0,0,0,0,0,0,0
-96.034430128563457,-95.934446338736734,-95.984438233650096,0,0,0,0,0,0,0
-95.934446338736734,-95.834462548910011,-95.884454443823373,0,0,0,0,0,0,0
-95.834462548910011,-95.734478759083302,-95.784470653996664,0,0,0,0,0,0,0
-95.734478759083302,-95.634494969256579,-95.684486864169941,0,0,0,0,0,0,0
-95.634494969256579,-95.534511179429856,-95.584503074343218,0,0,0,0,0,0,0
-95.534511179429856,-95.434527389603147,-95.484519284516495,0,0,0,0,0,0,0
-95.434527389603147,-95.334543599776424,-95.384535494689786,0,0,0,0,0,0,0
-95.334543599776424,-95.234559809949701,-95.284551704863063,0,0,0,0,0,0,0
-95.234559809949701,-95.134576020122978,-95.18456791503634,0,0,0,0,0,0,0
-95.134576020122978,-95.034592230296269,-95.084584125209631,0,0,0,0,0,0,0
-95.034592230296269,-94.934608440469546,-94.984600335382908,0,0,0,0,0,0,0
-94.934608440469546,-94.834624650642823,-94.884616545556185,0,0,0,0,0,0,0
-94.834624650642823,-94.734640860816114,-94.784632755729461,0,0,0,0,0,0,0
-94.734640860816114,-94.634657070989391,-94.684648965902753,0,0,0,0,0,0,0
-94.634657070989391,-94.534673281162668,-94.58466517607603,0,0,0,0,0,0,0
-94.534673281162668,-94.434689491335945,-94.484681386249306,0,0,0,0,0,0,0
-94.434689491335945,-94.334705701509236,-94.384697596422598,0,0,0,0,0,0,0
-94.334705701509236,-94.234721911682513,-94.284713806595875,0,0,0,0,0,0,0
-94.234721911682513,-94.134738121855804,-94.184730016769151,0,0,0,0,0,0,0
-94.134738121855804,-94.034754332029081,-94.084746226942443,0,0,0,0,0,0,0
-94.034754332029081,-93.934770542202358,-93.98476243711572,0,0,0,0,0,0,0
-93.934770542202358,-93.834786752375635,-93.884778647288996,0,0,0,0,0,0,0
-93.834786752375635,-93.734802962548912,-93.784794857462273,0,0,0,0,0,0,0
-93.734802962548912,-93.634819172722203,-93.684811067635565,0,0,0,0,0,0,0
-93.634819172722203,-93.53483538289548,-93.584827277808841,0,0,0,0,0,0,0
-93.53483538289548,-93.434851593068771,-93.484843487982118,0,0,0,0,0,0,0
-93.434851593068771,-93.334867803242048,-93.38485969815541,0,0,0,0,0,0,0
-93.334867803242048,-93.234884013415325,-93.284875908328686,0,0,0,0,0,0,0
-93.234884013415325,-93.134900223588602,-93.184892118501963,0,0,0,0,0,0,0
-93.134900223588602,-93.034916433761893,-93.084908328675255,0,0,0,0,0,0,0
-93.034916433761893,-92.93493264393517,-92.984924538848531,0,0,0,0,0,0,0
-92.93493264393517,-92.834948854108447,-92.884940749021808,0,0,0,0,0,0,0
-92.834948854108447,-92.734965064281738,-92.784956959195085,0,0,0,0,0,0,0
-92.734965064281738,-92.634981274455015,-92.684973169368376,0,0,0,0,0,0,0
-92.634981274455015,-92.534997484628292,-92.584989379541653,0,0,0,0,0,0,0
-92.534997484628292,-92.435013694801569,-92.48500558971493,0,0,0,0,0,0,0
-92.435013694801569,-92.33502990497486,-92.385021799888221,0,0,0,0,0,0,0
-92.33502990497486,-92.235046115148137,-92.285038010061498,0,0,0,0,0,0,0
-92.235046115148137,-92.135062325321428,-92.185054220234775,0,0,0,0,0,0,0
-92.135062325321428,-92.035078535494705,-92.085070430408066,0,0,0,0,0,0,0
-92.035078535494705,-91.935094745667982,-91.985086640581343,0,0,0,0,0,0,0
-91.935094745667982,-91.835110955841259,-91.88510285075462,0,0,0,0,0,0,0
-91.835110955841259,-91.735127166014536,-91.785119060927897,0,0,0,0,0,0,0
-91.735127166014536,-91.635143376187827,-91.685135271101188,0,0,0,0,0,0,0
-91.635143376187827,-91.535159586361104,-91.585151481274465,0,0,0,0,0,0,0
-91.535159586361104,-91.435175796534395,-91.485167691447742,0,0,0,0,0,0,0
-91.435175796534395,-91.335192006707672,-91.385183901621033,0,0,0,0,0,0,0
-91.335192006707672,-91.235208216880949,-91.28520011179431,0,0,0,0,0,0,0
-91.235208216880949,-91.135224427054226,-91.185216321967587,0,0,0,0,0,0,0
-91.135224427054226,-91.035240637227517,-91.085232532140878,0,0,0,0,0,0,0
-91.035240637227517,-90.935256847400794,-90.985248742314155,0,0,0,0,0,0,0
-90.935256847400794,-90.835273057574071,-90.885264952487432,0,0,0,0,0,0,0
-90.835273057574071,-90.735289267747362,-90.785281162660709,0,0,0,0,0,0,0
-90.735289267747362,-90.635305477920639,-90.685297372834,0,0,0,0,0,0,0
-90.635305477920639,-90.535321688093916,-90.585313583007277,0,0,0,0,0,0,0
-90.535321688093916,-90.435337898267193,-90.485329793180554,0,0,0,0,0,0,0
-90.435337898267193,-90.335354108440484,-90.385346003353845,0,0,0,0,0,0,0
-90.335354108440484,-90.235370318613761,-90.285362213527122,0,0,0,0,0,0,0
-90.235370318613761,-90.135386528787038,-90.185378423700399,0,0,0,0,0,0,0
-90.135386528787038,-90.035402738960329,-90.085394633873676,0,0,0,0,0,0,0
-90.035402738960329,-89.935418949133606,-89.985410844046967,0,0,0,0,0,0,0
-89.935418949133606,-89.835435159306883,-89.885427054220244,0,0,0,0,0,0,0
-89.835435159306883,-89.73545136948016,-89.785443264393521,0,0,0,0,0,0,0
-89.73545136948016,-89.635467579653451,-89.685459474566812,0,0,0,0,0,0,0
-89.635467579653451,-89.535483789826728,-89.585475684740089,0,0,0,0,0,0,0
-89.535483789826728,-89.435500000000019,-89.485491894913366,0,0,0,0,0,0,0
-89.435500000000019,-89.335516210173296,-89.385508105086657,0,0,0,0,0,0,0
-89.335516210173296,-89.235532420346573,-89.285524315259934,0,0,0,0,0,0,0
-89.235532420346573,-89.13554863051985,-89.185540525433211,0,0,0,0,0,0,0
-89.13554863051985,-89.035564840693127,-89.085556735606488,0,0,0,0,0,0,0
-89.035564840693127,-88.935581050866418,-88.985572945779779,0,0,0,0,0,0,0
-88.935581050866418,-88.835597261039695,-88.885589155953056,0,0,0,0,0,0,0
-88.835597261039695,-88.735613471212986,-88.785605366126333,0,0,0,0,0,0,0
-88.735613471212986,-88.635629681386263,-88.685621576299624,0,0,0,0,0,0,0
-88.635629681386263,-88.53564589155954,-88.585637786472901,0,0,0,0,0,0,0
-88.53564589155954,-88.435662101732817,-88.485653996646178,0,0,0,0,0,0,0
-88.435662101732817,-88.335678311906108,-88.385670206819469,0,0,0,0,0,0,0
-88.335678311906108,-88.235694522079385,-88.285686416992746,0,0,0,0,0,0,0
-88.235694522079385,-88.135710732252662,-88.185702627166023,0,0,0,0,0,0,0
-88.135710732252662,-88.035726942425953,-88.0857188373393,0,0,0,0,0,0,0
-88.035726942425953,-87.93574315259923,-87.985735047512591,0,0,0,0,0,0,0
-87.93574315259923,-87.835759362772507,-87.885751257685868,0,0,0,0,0,0,0
-87.835759362772507,-87.735775572945784,-87.785767467859145,0,0,0,0,0,0,0
-87.735775572945784,-87.635791783119075,-87.685783678032436,0,0,0,0,0,0,0
-87.635791783119075,-87.535807993292352,-87.585799888205713,0,0,0,0,0,0,0
-87.535807993292352,-87.435824203465643,-87.48581609837899,0,0,0,0,0,0,0
-87.435824203465643,-87.33584041363892,-87.385832308552281,0,0,0,0,0,0,0
-87.33584041363892,-87.235856623812197,-87.285848518725558,0,0,0,0,0,0,0
-87.235856623812197,-87.135872833985474,-87.185864728898835,0,0,0,0,0,0,0
-87.135872833985474,-87.03588904415875,-87.085880939072112,0,0,0,0,0,0,0
-87.03588904415875,-86.935905254332042,-86.985897149245403,0,0,0,0,0,0,0
-86.935905254332042,-86.835921464505319,-86.88591335941868,0,0,0,0,0,0,0
-86.835921464505319,-86.73593767467861,-86.785929569591957,0,0,0,0,0,0,0
-86.73593767467861,-86.635953884851887,-86.685945779765248,0,0,0,0,0,0,0
-86.635953884851887,-86.535970095025164,-86.585961989938525,0,0,0,0,0,0,0
-86.535970095025164,-86.435986305198441,-86.485978200111802,0,0,0,0,0,0,0
-86.435986305198441,-86.336002515371732,-86.385994410285093,0,0,0,0,0,0,0
-86.336002515371732,-86.236018725545009,-86.28601062045837,0,0,0,0,0,0,0
-86.236018725545009,-86.136034935718286,-86.186026830631647,0,0,0,0,0,0,0
-86.136034935718286,-86.036051145891577,-86.086043040804924,0,0,0,0,0,0,0
-86.036051145891577,-85.936067356064854,-85.986059250978215,0,0,0,0,0,0,0
-85.936067356064854,-85.836083566238131,-85.886075461151492,0,0,0,0,0,0,0
-85.836083566238131,-85.736099776411407,-85.786091671324769,0,0,0,0,0,0,0
-85.736099776411407,-85.636115986584699,-85.68610788149806,0,0,0,0,0,0,0
-85.636115986584699,-85.536132196757976,-85.586124091671337,0,0,0,0,0,0,0
-85.536132196757976,-85.436148406931252,-85.486140301844614,0,0,0,0,0,0,0
-85.436148406931252,-85.336164617104544,-85.386156512017891,0,0,0,0,0,0,0
-85.336164617104544,-85.236180827277821,-85.286172722191182,0,0,0,0,0,0,0
-85.236180827277821,-85.136197037451097,-85.186188932364459,0,0,0,0,0,0,0
-85.136197037451097,-85.036213247624374,-85.086205142537736,0,0,0,0,0,0,0
-85.036213247624374,-84.936229457797666,-84.986221352711027,0,0,0,0,0,0,0
-84.936229457797666,-84.836245667970942,-84.886237562884304,0,0,0,0,0,0,0
-84.836245667970942,-84.736261878144234,-84.786253773057581,0,0,0,0,0,0,0
-84.736261878144234,-84.636278088317511,-84.686269983230872,0,0,0,0,0,0,0
-84.636278088317511,-84.536294298490787,-84.586286193404149,0,0,0,0,0,0,0
-84.536294298490787,-84.436310508664064,-84.486302403577426,0,0,0,0,0,0,0
-84.436310508664064,-84.336326718837341,-84.386318613750703,0,0,0,0,0,0,0
-84.336326718837341,-84.236342929010632,-84.286334823923994,0,0,0,0,0,0,0
-84.236342929010632,-84.136359139183909,-84.186351034097271,0,0,0,0,0,0,0
-84.136359139183909,-84.036375349357201,-84.086367244270548,0,0,0,0,0,0,0
-84.036375349357201,-83.936391559530477,-83.986383454443839,0,0,0,0,0,0,0
-83.936391559530477,-83.836407769703754,-83.886399664617116,0,0,0,0,0,0,0
-83.836407769703754,-83.736423979877031,-83.786415874790393,0,0,0,0,0,0,0
-83.736423979877031,-83.636440190050322,-83.686432084963684,0,0,0,0,0,0,0
-83.636440190050322,-83.536456400223599,-83.586448295136961,0,0,0,0,0,0,0
-83.536456400223599,-83.436472610396876,-83.486464505310238,0,0,0,0,0,0,0
-83.436472610396876,-83.336488820570167,-83.386480715483515,0,0,0,0,0,0,0
-83.336488820570167,-83.236505030743444,-83.286496925656806,0,0,0,0,0,0,0
-83.236505030743444,-83.136521240916721,-83.186513135830083,0,0,0,0,0,0,0
-83.136521240916721,-83.036537451089998,-83.08652934600336,0,0,0,0,0,0,0
-83.036537451089998,-82.936553661263289,-82.986545556176651,0,0,0,0,0,0,0
-82.936553661263289,-82.836569871436566,-82.886561766349928,0,0,0,0,0,0,0
-82.836569871436566,-82.736586081609858,-82.786577976523205,0,0,0,0,0,0,0
-82.736586081609858,-82.636602291783134,-82.686594186696496,0,0,0,0,0,0,0
-82.636602291783134,-82.536618501956411,-82.586610396869773,0,0,0,0,0,0,0
-82.536618501956411,-82.436634712129688,-82.48662660704305,0,0,0,0,0,0,0
-82.436634712129688,-82.336650922302965,-82.386642817216327,0,0,0,0,0,0,0
-82.336650922302965,-82.236667132476256,-82.286659027389618,0,0,0,0,0,0,0
-82.236667132476256,-82.136683342649533,-82.186675237562895,0,0,0,0,0,0,0
-82.136683342649533,-82.036699552822824,-82.086691447736172,0,0,0,0,0,0,0
-82.036699552822824,-81.936715762996101,-81.986707657909463,0,0,0,0,0,0,0
-81.936715762996101,-81.836731973169378,-81.88672386808274,0,0,0,0,0,0,0
-81.836731973169378,-81.736748183342655,-81.786740078256017,0,0,0,0,0,0,0
-81.736748183342655,-81.636764393515946,-81.686756288429308,0,0,0,0,0,0,0
-81.636764393515946,-81.536780603689223,-81.586772498602585,0,0,0,0,0,0,0
-81.536780603689223,-81.4367968138625,-81.486788708775862,0,0,0,0,0,0,0
-81.4367968138625,-81.336813024035791,-81.386804918949139,0,0,0,0,0,0,0
-81.336813024035791,-81.236829234209068,-81.28682112912243,0,0,0,0,0,0,0
-81.236829234209068,-81.136845444382345,-81.186837339295707,0,0,0,0,0,0,0
-81.136845444382345,-81.036861654555622,-81.086853549468984,0,0,0,0,0,0,0
-81.036861654555622,-80.936877864728913,-80.986869759642275,0,0,0,0,0,0,0
-80.936877864728913,-80.83689407490219,-80.886885969815552,0,0,0,0,0,0,0
-80.83689407490219,-80.736910285075467,-80.786902179988829,0,0,0,0,0,0,0
-80.736910285075467,-80.636926495248758,-80.686918390162106,0,0,0,0,0,0,0
-80.636926495248758,-80.536942705422035,-80.586934600335397,0,0,0,0,0,0,0
-80.536942705422035,-80.436958915595312,-80.486950810508674,0,0,0,0,0,0,0
-80.436958915595312,-80.336975125768589,-80.386967020681951,0,0,0,0,0,0,0
-80.336975125768589,-80.23699133594188,-80.286983230855242,0,0,0,0,0,0,0
-80.23699133594188,-80.137007546115157,-80.186999441028519,0,0,0,0,0,0,0
-80.137007546115157,-80.037023756288448,-80.087015651201796,0,0,0,0,0,0,0
-80.037023756288448,-79.937039966461725,-79.987031861375087,0,0,0,0,0,0,0
-79.937039966461725,-79.837056176635002,-79.887048071548364,0,0,0,0,0,0,0
-79.837056176635002,-79.737072386808279,-79.787064281721641,0,0,0,0,0,0,0
-79.737072386808279,-79.637088596981556,-79.687080491894918,0,0,0,0,0,0,0
-79.637088596981556,-79.537104807154847,-79.587096702068209,0,0,0,0,0,0,0
-79.537104807154847,-79.437121017328124,-79.487112912241486,0,0,0,0,0,0,0
-79.437121017328124,-79.337137227501415,-79.387129122414763,0,0,0,0,0,0,0
-79.337137227501415,-79.237153437674692,-79.287145332588054,0,0,0,0,0,0,0
-79.237153437674692,-79.137169647847969,-79.187161542761331,0,0,0,0,0,0,0
-79.137169647847969,-79.037185858021246,-79.087177752934608,0,0,0,0,0,0,0
-79.037185858021246,-78.937202068194537,-78.987193963107899,0,0,0,0,0,0,0
-78.937202068194537,-78.837218278367814,-78.887210173281176,0,0,0,0,0,0,0
-78.837218278367814,-78.737234488541091,-78.787226383454453,0,0,0,0,0,0,0
-78.737234488541091,-78.637250698714382,-78.68724259362773,0,0,0,0,0,0,0
-78.637250698714382,-78.537266908887659,-78.587258803801021,0,0,0,0,0,0,0
-78.537266908887659,-78.437283119060936,-78.487275013974298,0,0,0,0,0,0,0
-78.437283119060936,-78.337299329234213,-78.387291224147575,0,0,0,0,0,0,0
-78.337299329234213,-78.237315539407504,-78.287307434320866,0,0,0,0,0,0,0
-78.237315539407504,-78.137331749580781,-78.187323644494143,0,0,0,0,0,0,0
-78.137331749580781,-78.037347959754072,-78.08733985466742,0,0,0,0,0,0,0
-78.037347959754072,-77.937364169927349,-77.987356064840711,0,0,0,0,0,0,0
-77.937364169927349,-77.837380380100626,-77.887372275013988,0,0,0,0,0,0,0
-77.837380380100626,-77.737396590273903,-77.787388485187265,0,0,0,0,0,0,0
-77.737396590273903,-77.63741280044718,-77.687404695360541,0,0,0,0,0,0,0
-77.63741280044718,-77.537429010620471,-77.587420905533833,0,0,0,0,0,0,0
-77.537429010620471,-77.437445220793748,-77.48743711570711,0,0,0,0,0,0,0
-77.437445220793748,-77.337461430967039,-77.387453325880387,0,0,0,0,0,0,0
-77.337461430967039,-77.237477641140316,-77.287469536053678,0,0,0,0,0,0,0
-77.237477641140316,-77.137493851313593,-77.187485746226955,0,0,0,0,0,0,0
-77.137493851313593,-77.03751006148687,-77.087501956400232,0,0,0,0,0,0,0
-77.03751006148687,-76.937526271660161,-76.987518166573523,0,0,0,0,0,0,0
-76.937526271660161,-76.837542481833438,-76.8875343767468,0,0,0,0,0,0,0
-76.837542481833438,-76.737558692006715,-76.787550586920077,0,0,0,0,0,0,0
-76.737558692006715,-76.637574902180006,-76.687566797093353,0,0,0,0,0,0,0
-76.637574902180006,-76.537591112353283,-76.587583007266645,0,0,0,0,0,0,0
-76.537591112353283,-76.43760732252656,-76.487599217439922,0,0,0,0,0,0,0
-76.43760732252656,-76.337623532699837,-76.387615427613198,0,0,0,0,0,0,0
-76.337623532699837,-76.237639742873128,-76.28763163778649,0,0,0,0,0,0,0
-76.237639742873128,-76.137655953046405,-76.187647847959767,0,0,0,0,0,0,0
-76.137655953046405,-76.037672163219682,-76.087664058133043,0,0,0,0,0,0,0
-76.037672163219682,-75.937688373392973,-75.98768026830632,0,0,0,0,0,0,0
-75.937688373392973,-75.83770458356625,-75.887696478479612,0,0,0,0,0,0,0
-75.83770458356625,-75.737720793739527,-75.787712688652888,0,0,0,0,0,0,0
-75.737720793739527,-75.637737003912804,-75.687728898826165,0,0,0,0,0,0,0
-75.637737003912804,-75.537753214086095,-75.587745108999457,0,0,0,0,0,0,0
-75.537753214086095,-75.437769424259372,-75.487761319172733,0,0,0,0,0,0,0
-75.437769424259372,-75.337785634432663,-75.38777752934601,0,0,0,0,0,0,0
-75.337785634432663,-75.23780184460594,-75.287793739519302,0,0,0,0,0,0,0
-75.23780184460594,-75.137818054779217,-75.187809949692578,0,0,0,0,0,0,0
-75.137818054779217,-75.037834264952494,-75.087826159865855,0,0,0,0,0,0,0
-75.037834264952494,-74.937850475125771,-74.987842370039132,0,0,0,0,0,0,0
-74.937850475125771,-74.837866685299062,-74.887858580212423,0,0,0,0,0,0,0
-74.837866685299062,-74.737882895472339,-74.7878747903857,0,0,0,0,0,0,0
-74.737882895472339,-74.63789910564563,-74.687891000558977,0,0,0,0,0,0,0
-74.63789910564563,-74.537915315818907,-74.587907210732268,0,0,0,0,0,0,0
-74.537915315818907,-74.437931525992184,-74.487923420905545,0,0,0,0,0,0,0
-74.437931525992184,-74.337947736165461,-74.387939631078822,0,0,0,0,0,0,0
-74.337947736165461,-74.237963946338752,-74.287955841252113,0,0,0,0,0,0,0
-74.237963946338752,-74.137980156512029,-74.18797205142539,0,0,0,0,0,0,0
-74.137980156512029,-74.037996366685306,-74.087988261598667,0,0,0,0,0,0,0
-74.037996366685306,-73.938012576858597,-73.988004471771944,0,0,0,0,0,0,0
-73.938012576858597,-73.838028787031874,-73.888020681945235,0,0,0,0,0,0,0
-73.838028787031874,-73.738044997205151,-73.788036892118512,0,0,0,0,0,0,0
-73.738044997205151,-73.638061207378428,-73.688053102291789,0,0,0,0,0,0,0
-73.638061207378428,-73.538077417551719,-73.58806931246508,0,0,0,0,0,0,0
-73.538077417551719,-73.438093627724996,-73.488085522638357,0,0,0,0,0,0,0
-73.438093627724996,-73.338109837898287,-73.388101732811634,0,0,0,0,0,0,0
-73.338109837898287,-73.238126048071564,-73.288117942984925,0,0,0,0,0,0,0
-73.238126048071564,-73.138142258244841,-73.188134153158202,0,0,0,0,0,0,0
-73.138142258244841,-73.038158468418118,-73.088150363331479,0,0,0,0,0,0,0
-73.038158468418118,-72.938174678591395,-72.988166573504756,0,0,0,0,0,0,0
-72.938174678591395,-72.838190888764686,-72.888182783678047,0,0,0,0,0,0,0
-72.838190888764686,-72.738207098937963,-72.788198993851324,0,0,0,0,0,0,0
-72.738207098937963,-72.638223309111254,-72.688215204024601,0,0,0,0,0,0,0
-72.638223309111254,-72.538239519284531,-72.588231414197892,0,0,0,0,0,0,0
-72.538239519284531,-72.438255729457808,-72.488247624371169,0,0,0,0,0,0,0
-72.438255729457808,-72.338271939631085,-72.388263834544446,0,0,0,0,0,0,0
-72.338271939631085,-72.238288149804376,-72.288280044717737,0,0,0,0,0,0,0
-72.238288149804376,-72.138304359977653,-72.188296254891014,0,0,0,0,0,0,0
-72.138304359977653,-72.03832057015093,-72.088312465064291,0,0,0,0,0,0,0
-72.03832057015093,-71.938336780324221,-71.988328675237568,0,0,0,0,0,0,0
-71.938336780324221,-71.838352990497498,-71.888344885410859,0,0,0,0,0,0,0
-71.838352990497498,-71.738369200670775,-71.788361095584136,0,0,0,0,0,0,0
-71.738369200670775,-71.638385410844052,-71.688377305757413,0,0,0,0,0,0,0
-71.638385410844052,-71.538401621017343,-71.588393515930704,0,0,0,0,0,0,0
-71.538401621017343,-71.43841783119062,-71.488409726103981,0,0,0,0,0,0,0
-71.43841783119062,-71.338434041363897,-71.388425936277258,0,0,0,0,0,0,0
-71.338434041363897,-71.238450251537188,-71.288442146450535,0,0,0,0,0,0,0
-71.238450251537188,-71.138466461710465,-71.188458356623826,0,0,0,0,0,0,0
-71.138466461710465,-71.038482671883742,-71.088474566797103,0,0,0,0,0,0,0
-71.038482671883742,-70.938498882057019,-70.98849077697038,0,0,0,0,0,0,0
-70.938498882057019,-70.83851509223031,-70.888506987143671,0,0,0,0,0,0,0
-70.83851509223031,-70.738531302403587,-70.788523197316948,0,0,0,0,0,0,0
-70.738531302403587,-70.638547512576878,-70.688539407490225,0,0,0,0,0,0,0
-70.638547512576878,-70.538563722750155,-70.588555617663516,0,0,0,0,0,0,0
-70.538563722750155,-70.438579932923432,-70.488571827836793,0,0,0,0,0,0,0
-70.438579932923432,-70.338596143096709,-70.38858803801007,0,0,0,0,0,0,0
-70.338596143096709,-70.238612353269986,-70.288604248183347,0,0,0,0,0,0,0
-70.238612353269986,-70.138628563443277,-70.188620458356638,0,0,0,0,0,0,0
-70.138628563443277,-70.038644773616554,-70.088636668529915,0,0,0,0,0,0,0
-70.038644773616554,-69.938660983789845,-69.988652878703192,0,0,0,0,0,0,0
-69.938660983789845,-69.838677193963122,-69.888669088876483,0,0,0,0,0,0,0
-69.838677193963122,-69.738693404136399,-69.78868529904976,0,0,0,0,0,0,0
-69.738693404136399,-69.638709614309676,-69.688701509223037,0,0,0,0,0,0,0
-69.638709614309676,-69.538725824482967,-69.588717719396328,0,0,0,0,0,0,0
-69.538725824482967,-69.438742034656244,-69.488733929569605,0,0,0,0,0,0,0
-69.438742034656244,-69.338758244829521,-69.388750139742882,0,0,0,0,0,0,0
-69.338758244829521,-69.238774455002812,-69.288766349916159,0,0,0,0,0,0,0
-69.238774455002812,-69.138790665176089,-69.18878256008945,0,0,0,0,0,0,0
-69.138790665176089,-69.038806875349366,-69.088798770262727,0,0,0,0,0,0,0
-69.038806875349366,-68.938823085522642,-68.988814980436004,0,0,0,0,0,0,0
-68.938823085522642,-68.838839295695934,-68.888831190609295,0,0,0,0,0,0,0
-68.838839295695934,-68.738855505869211,-68.788847400782572,0,0,0,0,0,0,0
-68.738855505869211,-68.638871716042502,-68.688863610955849,0,0,0,0,0,0,0
-68.638871716042502,-68.538887926215779,-68.58887982112914,0,0,0,0,0,0,0
-68.538887926215779,-68.438904136389056,-68.488896031302417,0,0,0,0,0,0,0
-68.438904136389056,-68.338920346562332,-68.388912241475694,0,0,0,0,0,0,0
-68.338920346562332,-68.238936556735609,-68.288928451648971,0,0,0,0,0,0,0
-68.238936556735609,-68.138952766908901,-68.188944661822262,0,0,0,0,0,0,0
-68.138952766908901,-68.038968977082178,-68.088960871995539,0,0,0,0,0,0,0
-68.038968977082178,-67.938985187255469,-67.988977082168816,0,0,0,0,0,0,0
-67.938985187255469,-67.839001397428746,-67.888993292342107,0,0,0,0,0,0,0
-67.839001397428746,-67.739017607602023,-67.789009502515384,0,0,0,0,0,0,0
-67.739017607602023,-67.639033817775299,-67.689025712688661,0,0,0,0,0,0,0
-67.639033817775299,-67.539050027948591,-67.589041922861952,0,0,0,0,0,0,0
-67.539050027948591,-67.439066238121868,-67.489058133035229,0,0,0,0,0,0,0
-67.439066238121868,-67.339082448295144,-67.389074343208506,0,0,0,0,0,0,0
-67.339082448295144,-67.239098658468436,-67.289090553381783,0,0,0,0,0,0,0
-67.239098658468436,-67.139114868641713,-67.189106763555074,0,0,0,0,0,0,0
-67.139114868641713,-67.039131078814989,-67.089122973728351,0,0,0,0,0,0,0
-67.039131078814989,-66.939147288988266,-66.989139183901628,0,0,0,0,0,0,0
-66.939147288988266,-66.839163499161558,-66.889155394074919,0,0,0,0,0,0,0
-66.839163499161558,-66.739179709334834,-66.789171604248196,0,0,0,0,0,0,0
-66.739179709334834,-66.639195919508111,-66.689187814421473,0,0,0,0,0,0,0
-66.639195919508111,-66.539212129681403,-66.58920402459475,0,0,0,0,0,0,0
-66.539212129681403,-66.439228339854679,-66.489220234768041,0,0,0,0,0,0,0
-66.439228339854679,-66.339244550027956,-66.389236444941318,0,0,0,0,0,0,0
-66.339244550027956,-66.239260760201233,-66.289252655114595,0,0,0,0,0,0,0
-66.239260760201233,-66.139276970374524,-66.189268865287886,0,0,0,0,0,0,0
-66.139276970374524,-66.039293180547801,-66.089285075461163,0,0,0,0,0,0,0
-66.039293180547801,-65.939309390721093,-65.98930128563444,0,0,0,0,0,0,0
-65.939309390721093,-65.839325600894369,-65.889317495807731,0,0,0,0,0,0,0
-65.839325600894369,-65.739341811067646,-65.789333705981008,0,0,0,0,0,0,0
-65.739341811067646,-65.639358021240923,-65.689349916154285,0,0,0,0,0,0,0
-65.639358021240923,-65.5393742314142,-65.589366126327562,0,0,0,0,0,0,0
-65.5393742314142,-65.439390441587491,-65.489382336500853,0,0,0,0,0,0,0
-65.439390441587491,-65.339406651760768,-65.38939854667413,0,0,0,0,0,0,0
-65.339406651760768,-65.239422861934059,-65.289414756847407,0,0,0,0,0,0,0
-65.239422861934059,-65.139439072107336,-65.189430967020698,0,0,0,0,0,0,0
-65.139439072107336,-65.039455282280613,-65.089447177193975,0,0,0,0,0,0,0
-65.039455282280613,-64.93947149245389,-64.989463387367252,0,0,0,0,0,0,0
-64.93947149245389,-64.839487702627181,-64.889479597540543,0,0,0,0,0,0,0
-64.839487702627181,-64.739503912800458,-64.78949580771382,0,0,0,0,0,0,0
-64.739503912800458,-64.639520122973735,-64.689512017887097,0,0,0,0,0,0,0
-64.639520122973735,-64.539536333147026,-64.589528228060374,0,0,0,0,0,0,0
-64.539536333147026,-64.439552543320303,-64.489544438233665,0,0,0,0,0,0,0
-64.439552543320303,-64.33956875349358,-64.389560648406942,0,0,0,0,0,0,0
-64.33956875349358,-64.239584963666857,-64.289576858580219,0,0,0,0,0,0,0
-64.239584963666857,-64.139601173840148,-64.18959306875351,0,0,0,0,0,0,0
-64.139601173840148,-64.039617384013425,-64.089609278926787,0,0,0,0,0,0,0
-64.039617384013425,-63.939633594186709,-63.989625489100064,0,0,0,0,0,0,0
-63.939633594186709,-63.839649804359993,-63.889641699273355,0,0,0,0,0,0,0
-63.839649804359993,-63.73966601453327,-63.789657909446632,0,0,0,0,0,0,0
-63.73966601453327,-63.639682224706547,-63.689674119619909,0,0,0,0,0,0,0
-63.639682224706547,-63.539698434879831,-63.589690329793186,0,0,0,0,0,0,0
-63.539698434879831,-63.439714645053115,-63.489706539966477,0,0,0,0,0,0,0
-63.439714645053115,-63.339730855226392,-63.389722750139754,0,0,0,0,0,0,0
-63.339730855226392,-63.239747065399676,-63.289738960313031,0,0,0,0,0,0,0
-63.239747065399676,-63.13976327557296,-63.189755170486322,0,0,0,0,0,0,0
-63.13976327557296,-63.039779485746237,-63.089771380659599,0,0,0,0,0,0,0
-63.039779485746237,-62.939795695919521,-62.989787590832876,0,0,0,0,0,0,0
-62.939795695919521,-62.839811906092805,-62.889803801006167,0,0,0,0,0,0,0
-62.839811906092805,-62.739828116266082,-62.789820011179444,0,0,0,0,0,0,0
-62.739828116266082,-62.639844326439359,-62.689836221352721,0,0,0,0,0,0,0
-62.639844326439359,-62.539860536612643,-62.589852431525998,0,0,0,0,0,0,0
-62.539860536612643,-62.439876746785927,-62.489868641699289,0,0,0,0,0,0,0
-62.439876746785927,-62.339892956959204,-62.389884851872566,0,0,0,0,0,0,0
-62.339892956959204,-62.239909167132488,-62.289901062045843,0,0,0,0,0,0,0
-62.239909167132488,-62.139925377305772,-62.189917272219134,0,0,0,0,0,0,0
-62.139925377305772,-62.039941587479049,-62.089933482392411,0,0,0,0,0,0,0
-62.039941587479049,-61.939957797652326,-61.989949692565688,0,0,0,0,0,0,0
-61.939957797652326,-61.83997400782561,-61.889965902738965,0,0,0,0,0,0,0
-61.83997400782561,-61.739990217998894,-61.789982112912256,0,0,0,0,0,0,0
-61.739990217998894,-61.640006428172171,-61.689998323085533,0,0,0,0,0,0,0
-61.640006428172171,-61.540022638345455,-61.59001453325881,0,0,0,0,0,0,0
-61.540022638345455,-61.440038848518739,-61.490030743432101,0,0,0,0,0,0,0
-61.440038848518739,-61.340055058692016,-61.390046953605378,0,0,0,0,0,0,0
-61.340055058692016,-61.2400712688653,-61.290063163778655,0,0,0,0,0,0,0
-61.2400712688653,-61.140087479038584,-61.190079373951946,0,0,0,0,0,0,0
-61.140087479038584,-61.040103689211861,-61.090095584125223,0,0,0,0,0,0,0
-61.040103689211861,-60.940119899385138,-60.9901117942985,0,0,0,0,0,0,0
-60.940119899385138,-60.840136109558422,-60.890128004471777,0,0,0,0,0,0,0
-60.840136109558422,-60.740152319731706,-60.790144214645068,0,0,0,0,0,0,0
-60.740152319731706,-60.640168529904983,-60.690160424818345,0,0,0,0,0,0,0
-60.640168529904983,-60.540184740078267,-60.590176634991622,0,0,0,0,0,0,0
-60.540184740078267,-60.440200950251551,-60.490192845164913,0,0,0,0,0,0,0
-60.440200950251551,-60.340217160424828,-60.39020905533819,0,0,0,0,0,0,0
-60.340217160424828,-60.240233370598112,-60.290225265511467,0,0,0,0,0,0,0
-60.240233370598112,-60.140249580771396,-60.190241475684758,0,0,0,0,0,0,0
-60.140249580771396,-60.040265790944673,-60.090257685858035,0,0,0,0,0,0,0
-60.040265790944673,-59.94028200111795,-59.990273896031312,0,0,0,0,0,0,0
-59.94028200111795,-59.840298211291234,-59.890290106204588,0,0,0,0,0,0,0
-59.840298211291234,-59.740314421464518,-59.79030631637788,0,0,0,0,0,0,0
-59.740314421464518,-59.640330631637795,-59.690322526551157,0,0,0,0,0,0,0
-59.640330631637795,-59.540346841811079,-59.590338736724433,0,0,0,0,0,0,0
-59.540346841811079,-59.440363051984363,-59.490354946897725,0,0,0,0,0,0,0
-59.440363051984363,-59.34037926215764,-59.390371157071002,0,0,0,0,0,0,0
-59.34037926215764,-59.240395472330924,-59.290387367244278,0,0,0,0,0,0,0
-59.240395472330924,-59.140411682504208,-59.19040357741757,0,0,0,0,0,0,0
-59.140411682504208,-59.040427892677485,-59.090419787590847,0,0,0,0,0,0,0
-59.040427892677485,-58.940444102850762,-58.990435997764123,0,0,0,0,0,0,0
-58.940444102850762,-58.840460313024046,-58.8904522079374,0,0,0,0,0,0,0
-58.840460313024046,-58.74047652319733,-58.790468418110692,0,0,0,0,0,0,0
-58.74047652319733,-58.640492733370607,-58.690484628283969,0,0,0,0,0,0,0
-58.640492733370607,-58.540508943543891,-58.590500838457245,0,0,0,0,0,0,0
-58.540508943543891,-58.440525153717175,-58.490517048630537,0,0,0,0,0,0,0
-58.440525153717175,-58.340541363890452,-58.390533258803814,0,0,0,0,0,0,0
-58.340541363890452,-58.240557574063736,-58.29054946897709,0,0,0,0,0,0,0
-58.240557574063736,-58.14057378423702,-58.190565679150382,0,0,0,0,0,0,0
-58.14057378423702,-58.040589994410297,-58.090581889323659,0,0,0,0,0,0,0
-58.040589994410297,-57.940606204583574,-57.990598099496935,0,0,0,0,0,0,0
-57.940606204583574,-57.840622414756858,-57.890614309670212,0,0,0,0,0,0,0
-57.840622414756858,-57.740638624930142,-57.790630519843504,0,0,0,0,0,0,0
-57.740638624930142,-57.640654835103419,-57.69064673001678,0,0,0,0,0,0,0
-57.640654835103419,-57.540671045276703,-57.590662940190057,0,0,0,0,0,0,0
-57.540671045276703,-57.440687255449987,-57.490679150363349,0,0,0,0,0,0,0
-57.440687255449987,-57.340703465623264,-57.390695360536625,0,0,0,0,0,0,0
-57.340703465623264,-57.240719675796541,-57.290711570709902,0,0,0,0,0,0,0
-57.240719675796541,-57.140735885969825,-57.190727780883179,0,0,0,0,0,0,0
-57.140735885969825,-57.040752096143109,-57.09074399105647,0,0,0,0,0,0,0
-57.040752096143109,-56.940768306316386,-56.990760201229747,0,0,0,0,0,0,0
-56.940768306316386,-56.84078451648967,-56.890776411403024,0,0,0,0,0,0,0
-56.84078451648967,-56.740800726662954,-56.790792621576315,0,0,0,0,0,0,0
-56.740800726662954,-56.640816936836231,-56.690808831749592,0,0,0,0,0,0,0
-56.640816936836231,-56.540833147009515,-56.590825041922869,0,0,0,0,0,0,0
-56.540833147009515,-56.440849357182799,-56.49084125209616,0,0,0,0,0,0,0
-56.440849357182799,-56.340865567356076,-56.390857462269437,0,0,0,0,0,0,0
-56.340865567356076,-56.240881777529353,-56.290873672442714,0,0,0,0,0,0,0
-56.240881777529353,-56.140897987702637,-56.190889882615991,0,0,0,0,0,0,0
-56.140897987702637,-56.040914197875921,-56.090906092789282,0,0,0,0,0,0,0
-56.040914197875921,-55.940930408049198,-55.990922302962559,0,0,0,0,0,0,0
-55.940930408049198,-55.840946618222482,-55.890938513135836,0,0,0,0,0,0,0
-55.840946618222482,-55.740962828395766,-55.790954723309127,0,0,0,0,0,0,0
-55.740962828395766,-55.640979038569043,-55.690970933482404,0,0,0,0,0,0,0
-55.640979038569043,-55.540995248742327,-55.590987143655681,0,0,0,0,0,0,0
-55.540995248742327,-55.441011458915611,-55.491003353828972,0,0,0,0,0,0,0
-55.441011458915611,-55.341027669088888,-55.391019564002249,0,0,0,0,0,0,0
-55.341027669088888,-55.241043879262165,-55.291035774175526,0,0,0,0,0,0,0
-55.241043879262165,-55.141060089435449,-55.191051984348803,0,0,0,0,0,0,0
-55.141060089435449,-55.041076299608733,-55.091068194522094,0,0,0,0,0,0,0
-55.041076299608733,-54.94109250978201,-54.991084404695371,0,0,0,0,0,0,0
-54.94109250978201,-54.841108719955294,-54.891100614868648,0,0,0,0,0,0,0
-54.841108719955294,-54.741124930128578,-54.791116825041939,0,0,0,0,0,0,0
-54.741124930128578,-54.641141140301855,-54.691133035215216,0,0,0,0,0,0,0
-54.641141140301855,-54.541157350475139,-54.591149245388493,0,0,0,0,0,0,0
-54.541157350475139,-54.441173560648423,-54.491165455561784,0,0,0,0,0,0,0
-54.441173560648423,-54.3411897708217,-54.391181665735061,0,0,0,0,0,0,0
-54.3411897708217,-54.241205980994977,-54.291197875908338,0,0,0,0,0,0,0
-54.241205980994977,-54.141222191168261,-54.191214086081615,0,0,0,0,0,0,0
-54.141222191168261,-54.041238401341545,-54.091230296254906,0,0,0,0,0,0,0
-54.041238401341545,-53.941254611514822,-53.991246506428183,0,0,0,0,0,0,0
-53.941254611514822,-53.841270821688106,-53.89126271660146,0,0,0,0,0,0,0
-53.841270821688106,-53.74128703186139,-53.791278926774751,0,0,0,0,0,0,0
-53.74128703186139,-53.641303242034667,-53.691295136948028,0,0,0,0,0,0,0
-53.641303242034667,-53.541319452207951,-53.591311347121305,0,0,0,0,0,0,0
-53.541319452207951,-53.441335662381235,-53.491327557294596,0,0,0,0,0,0,0
-53.441335662381235,-53.341351872554512,-53.391343767467873,0,0,0,0,0,0,0
-53.341351872554512,-53.241368082727789,-53.29135997764115,0,0,0,0,0,0,0
-53.241368082727789,-53.141384292901073,-53.191376187814427,0,0,0,0,0,0,0
-53.141384292901073,-53.041400503074357,-53.091392397987718,0,0,0,0,0,0,0
-53.041400503074357,-52.941416713247634,-52.991408608160995,0,0,0,0,0,0,0
-52.941416713247634,-52.841432923420918,-52.891424818334272,0,0,0,0,0,0,0
-52.841432923420918,-52.741449133594202,-52.791441028507563,0,0,0,0,0,0,0
-52.741449133594202,-52.641465343767479,-52.69145723868084,0,0,0,0,0,0,0
-52.641465343767479,-52.541481553940756,-52.591473448854117,0,0,0,0,0,0,0
-52.541481553940756,-52.44149776411404,-52.491489659027394,0,0,0,0,0,0,0
-52.44149776411404,-52.341513974287324,-52.391505869200685,0,0,0,0,0,0,0
-52.341513974287324,-52.241530184460601,-52.291522079373962,0,0,0,0,0,0,0
-52.241530184460601,-52.141546394633885,-52.191538289547239,0,0,0,0,0,0,0
-52.141546394633885,-52.041562604807169,-52.09155449972053,0,0,0,0,0,0,0
-52.041562604807169,-51.941578814980446,-51.991570709893807,0,0,0,0,0,0,0
-51.941578814980446,-51.84159502515373,-51.891586920067084,0,0,0,0,0,0,0
-51.84159502515373,-51.741611235327014,-51.791603130240375,0,0,0,0,0,0,0
-51.741611235327014,-51.641627445500291,-51.691619340413652,0,0,0,0,0,0,0
-51.641627445500291,-51.541643655673568,-51.591635550586929,0,0,0,0,0,0,0
-51.541643655673568,-51.441659865846852,-51.491651760760206,0,0,0,0,0,0,0
-51.441659865846852,-51.341676076020136,-51.391667970933497,0,0,0,0,0,0,0
-51.341676076020136,-51.241692286193413,-51.291684181106774,0,0,0,0,0,0,0
-51.241692286193413,-51.141708496366697,-51.191700391280051,0,0,0,0,0,0,0
-51.141708496366697,-51.041724706539981,-51.091716601453342,0,0,0,0,0,0,0
-51.041724706539981,-50.941740916713258,-50.991732811626619,0,0,0,0,0,0,0
-50.941740916713258,-50.841757126886542,-50.891749021799896,0,0,0,0,0,0,0
-50.841757126886542,-50.741773337059826,-50.791765231973187,0,0,0,0,0,0,0
-50.741773337059826,-50.641789547233103,-50.691781442146464,0,0,0,0,0,0,0
-50.641789547233103,-50.541805757406379,-50.591797652319741,0,0,0,0,0,0,0
-50.541805757406379,-50.441821967579656,-50.491813862493018,0,0,0,0,0,0,0
-50.441821967579656,-50.341838177752948,-50.391830072666302,0,0,0,0,0,0,0
-50.341838177752948,-50.241854387926239,-50.291846282839593,0,0,0,0,0,0,0
-50.241854387926239,-50.141870598099516,-50.191862493012877,0,0,0,0,0,0,0
-50.141870598099516,-50.041886808272793,-50.091878703186154,0,0,0,0,0,0,0
-50.041886808272793,-49.941903018446069,-49.991894913359431,0,0,0,0,0,0,0
-49.941903018446069,-49.841919228619346,-49.891911123532708,0,0,0,0,0,0,0
-49.841919228619346,-49.741935438792623,-49.791927333705985,0,0,0,0,0,0,0
-49.741935438792623,-49.641951648965915,-49.691943543879269,0,0,0,0,0,0,0
-49.641951648965915,-49.541967859139206,-49.59195975405256,0,0,0,0,0,0,0
-49.541967859139206,-49.441984069312483,-49.491975964225844,2.1160819051058225e-21,2.1160819051058225e-21,0,0,0,0,1.0580409525529112e-20
-49.441984069312483,-49.34200027948576,-49.391992174399121,9.7256295667382207e-20,9.5533843943789644e-20,0,3.8116700672818914e-21,0,3.0908770906062428e-21,4.7937893117902291e-19
-49.34200027948576,-49.242016489659036,-49.292008384572398,3.0702415231352733e-18,2.9854532494151772e-18,3.4148410671242446e-21,1.757345436063103e-19,9.6005314554825265e-21,1.5123931632383997e-19,1.5011218383223611e-17
-49.242016489659036,-49.142032699832313,-49.192024594745675,8.0135490639208277e-17,7.731202407616551e-17,2.3851650324957519e-19,5.6122322873412734e-18,5.2238553535997639e-19,4.9521454298622253e-18,3.8935217344022838e-16
-49.142032699832313,-49.04204891000559,-49.092040804918952,1.7194645216546049e-15,1.6428260904351684e-15,9.0286798606122895e-18,1.4795907420427643e-16,1.7913327519510672e-17,1.3264140658339677e-16,8.2897801201052281e-15
-49.04204891000559,-48.942065120178881,-48.992057015092236,3.0384165353247243e-14,2.8665337359097101e-14,2.6338539683935899e-16,3.2103509824030936e-15,4.9358676499742643e-16,2.9335259936121528e-15,1.4501997762838418e-13
-48.942065120178881,-48.842081330352173,-48.892073225265527,4.4299690642005247e-13,4.1085446916499901e-13,6.3705899337674996e-15,5.7645813441651593e-14,1.1268970282806761e-14,5.3824891058304799e-14,2.0858742673837316e-12
-48.842081330352173,-48.74209754052545,-48.792089435438811,5.3433434562684705e-12,4.8392013932980379e-12,1.2870761553306077e-13,8.6039143532734353e-13,2.1419917676933427e-13,8.2264059184075613e-13,2.469077846187186e-11
-48.74209754052545,-48.642113750698726,-48.692105645612088,5.3543553678067832e-11,4.6866378597756136e-11,2.1779628014765906e-12,1.0737479968293725e-11,3.4012261692149095e-12,1.0524927696573284e-11,2.4087617175478064e-10
-48.642113750698726,-48.542129960872003,-48.592121855785365,4.487700854566736e-10,3.7348838378238788e-10,3.094658024372923e-11,1.1297715034572503e-10,4.5281690395518359e-11,1.1345998760214035e-10,1.9411850186962551e-09
-48.542129960872003,-48.44214617104528,-48.492138065958642,3.1806944709081458e-09,2.4516033976524709e-09,3.7030929599647532e-10,1.0135300157803432e-09,5.0765023006964767e-10,1.0393609092134099e-09,1.2972621903480854e-08
-48.44214617104528,-48.342162381218557,-48.392154276131919,1.9395175193836584e-08,1.3271990398822828e-08,3.7451516055362712e-09,7.8627417645559967e-09,4.8175991417834629e-09,8.1773847998936043e-09,7.2372998657413586e-08
-48.342162381218557,-48.242178591391848,-48.292170486305203,1.0434485523326425e-07,5.9349702157570558e-08,3.2156851701053089e-08,5.3589709624532793e-08,3.8944695264070033e-08,5.5956402646043091e-08,3.4107661693062222e-07
-48.242178591391848,-48.14219480156514,-48.192186696478494,5.1113115885108538e-07,2.1960918922126448e-07,2.3571999334434393e-07,3.2573554305186492e-07,2.7018319132044499e-07,3.3757775206439222e-07,1.3864393144743809e-06
-48.14219480156514,-48.042211011738416,-48.092202906651778,2.3487404459045792e-06,6.7335675899251555e-07,1.485235372268988e-06,1.785377182735485e-06,1.6226202951182544e-06,1.8189599417339256e-06,5.0315094376662425e-06
-48.042211011738416,-47.942227221911693,-47.992219116825055,1.0291763243675533e-05,1.7108281422656679e-06,8.1090452686820115e-06,8.8731277172177843e-06,8.5172205810278796e-06,8.8467497551963885e-06,1.7112672896253608e-05
-47.942227221911693,-47.84224343208497,-47.892235326998332,4.2916259269138101e-05,3.5930263456000643e-06,3.8713422148444985e-05,4.002556792534784e-05,3.9468979237501188e-05,3.9110905460624695e-05,5.7262421573771804e-05
-47.84224343208497,-47.742259642258247,-47.792251537171609,0.00016807169655440497,6.2598171954360089e-06,0.00016316004821554517,0.00016372247752006929,0.00016302483404071331,0.000157720707281059,0.00019273041571463804
-47.742259642258247,-47.642275852431538,-47.692267747344893,0.00060966534449468908,9.9720039161271479e-06,0.00061262566895285654,0.00060685276907749728,0.00060510661866108721,0.0005807129061200214,0.00064302875966198287
-47.642275852431538,-47.54229206260483,-47.592283957518184,0.0020291139782741899,2.0610309281183533e-05,0.0020652240732872678,0.0020385784453891354,0.0020302776455203824,0.0019509333834496184,0.0020605563437245456
-47.54229206260483,-47.442308272778106,-47.492300167691468,0.0061632466708524533,5.2095124782980229e-05,0.006285345762249029,0.0062093407826336504,0.006178184308433819,0.0059710492480401786,0.006172313252905591
-47.442308272778106,-47.342324482951383,-47.392316377864745,0.01702869052806542,0.00011743550599597329,0.017320631223132557,0.017149138777636849,0.017065968808091483,0.016612030386703613,0.016995683444762603
-47.342324482951383,-47.24234069312466,-47.292332588038022,0.042682649382762589,0.00022240209987454821,0.043242809262900882,0.042907905801519187,0.04274907995357561,0.041897908606068492,0.042615543289748786
-47.24234069312466,-47.142356903297937,-47.192348798211299,0.096785825227537384,0.0003552300952821023,0.097683791172838319,0.097089173640024715,0.096887748133766272,0.095515416101246517,0.096752997089811069
-47.142356903297937,-47.042373113471214,-47.092365008384576,0.19795470814844865,0.00047936410408664216,0.1991685626532749,0.1982009478979363,0.19810042473494241,0.19621607451942494,0.19808753093666479
-47.042373113471214,-46.942389323644505,-46.99238121855786,0.36405296037738127,0.00053949513087729422,0.36540935463000546,0.36402422799562123,0.36424247883252897,0.36211250015154434,0.36447624027720638
-46.942389323644505,-46.842405533817796,-46.892397428731151,0.60013437445653572,0.00048217467357859382,0.60129031968483171,0.59969015810041826,0.6003292758275639,0.59852621410037232,0.60083590456949287
-46.842405533817796,-46.742421743991073,-46.792413638904435,0.8840406238695433,0.00029871917306158278,0.88456516110287742,0.88331704603437833,0.88414594382229827,0.88339089442172025,0.88478407396644243
-46.742421743991073,-46.64243795416435,-46.692429849077712,1.1601475720688774,0.00023995857343135432,1.1597323591192552,1.1595633743218776,1.1600592258681057,1.1608301966040531,1.160552704431095
-46.64243795416435,-46.542454164337627,-46.592446059250989,1.3523013000117476,0.00051234961139199763,1.3509983983969363,1.352266151808071,1.3520087120851423,1.3541500977300174,1.3520831400385716
-46.542454164337627,-46.442470374510904,-46.492462269424266,1.3959818276253275,0.00069419543462486224,1.3942478042284119,1.3965434826713488,1.3956182699403294,1.3983315845478519,1.3951679967386958
-46.442470374510904,-46.342486584684181,-46.392478479597543,1.2725840632030545,0.00065452248802343605,1.2710235415227853,1.2733780761942697,1.2723393125431446,1.2746598972560805,1.2715194884989918
-46.342486584684181,-46.242502794857472,-46.292494689770827,1.0215982937908703,0.00044009894812262407,1.0206016474697694,1.0221574981862827,1.0215647165502308,1.0229418808259634,1.0207257259221052
-46.242502794857472,-46.142519005030763,-46.192510899944118,0.72025290157744759,0.00019017656245254972,0.71984111854033817,0.72035666608661886,0.72036618567847466,0.72085584574797934,0.71984469183382671
-46.142519005030763,-46.04253521520404,-46.092527110117402,0.44480312021952839,6.9663305158733881e-05,0.44475954770786585,0.44455423568449848,0.4449287939618205,0.44492843573932256,0.44484458800413468
-46.04253521520404,-45.942551425377317,-45.992543320290679,0.24001684589609465,0.00010562060845755857,0.24010978628229609,0.23965986796688243,0.24007101223573155,0.23994559104977928,0.24029797194578392
-45.942551425377317,-45.842567635550594,-45.892559530463956,0.11289356296633621,9.7525193869361427e-05,0.11299218059768069,0.11260973713175049,0.11287902697642771,0.11279370955021469,0.11319316057560753
-45.842567635550594,-45.742583845723871,-45.792575740637233,0.046181111734986457,6.2460101892874124e-05,0.046246264397351966,0.046021228075400877,0.046141392694493022,0.046111220700707049,0.046385452806979359
-45.742583845723871,-45.642600055897162,-45.692591950810517,0.016394375305626843,3.0451712146895667e-05,0.016428847924814825,0.016327259805108713,0.01636210399335445,0.016357172802555761,0.016496492002300467
-45.642600055897162,-45.542616266070453,-45.592608160983808,0.0050405909947441336,1.1653285977769547e-05,0.0050561129434666058,0.0050199099191118807,0.00502380209623602,0.0050239550574607732,0.00507917495744539
-45.542616266070453,-45.44263247624373,-45.492624371157092,0.0013396618133954242,3.5569643177908713e-06,0.0013456237236693074,0.0013355029445645177,0.0013334102878036647,0.0013331905606230909,0.0013505815503165397
-45.44263247624373,-45.342648686417007,-45.392640581330369,0.00030722044416901806,8.994539317902992e-07,0.00030913895526289616,0.00030702749991111481,0.00030552285321352486,0.00030501782322766061,0.00030939508922989367
-45.342648686417007,-45.242664896590284,-45.292656791503646,6.0686432679240989e-05,2.1118466792285807e-07,6.1193322170207269e-05,6.0921817784908044e-05,6.0364441368407649e-05,6.0036041816649345e-05,6.0916540256032664e-05
-45.242664896590284,-45.142681106763561,-45.192673001676923,1.0308141240455966e-05,5.16406465335764e-08,1.0416192062594036e-05,1.0421821501151231e-05,1.0274133466853602e-05,1.0143709065890729e-05,1.0284850105790236e-05
-45.142681106763561,-45.042697316936838,-45.0926892118502,1.5030512828804051e-06,1.2058018679268178e-08,1.5213135547086153e-06,1.5352814942794804e-06,1.5049151884473723e-06,1.4678856160219842e-06,1.4858605609445738e-06
-45.042697316936838,-44.942713527110129,-44.992705422023484,1.878049140748367e-07,2.3797632597817853e-09,1.9019307009547674e-07,1.9450524266781958e-07,1.8949909803203508e-07,1.8150129118806027e-07,1.8332586839079179e-07
-44.942713527110129,-44.84272973728342,-44.892721632196775,2.007128825836429e-08,3.8165953073518875e-10,2.0301274060544782e-08,2.1157366811814631e-08,2.0485814752218705e-08,1.9130113665589778e-08,1.928187200165355e-08
-44.84272973728342,-44.742745947456697,-44.792737842370059,1.8311403854208148e-09,4.9575792520366869e-11,1.8452025698068455e-09,1.9718564320118235e-09,1.8981698678738608e-09,1.7145730096550867e-09,1.7259000477564573e-09
-44.742745947456697,-44.642762157629974,-44.692754052543336,1.4230821107748977e-10,5.2375528508843195e-12,1.424242639419437e-10,1.5705346675692606e-10,1.5044870650858406e-10,1.303634594074703e-10,1.312511587725247e-10
-44.642762157629974,-44.542778367803251,-44.592770262716613,9.3999527056293095e-12,4.520153567637584e-13,9.3108700416087967e-12,1.065708480255252e-11,1.0176876357956735e-11,8.3889284400584407e-12,8.466003885970055e-12
-44.542778367803251,-44.442794577976528,-44.49278647288989,5.2648026006321825e-13,3.1973770865902953e-14,5.1422426328720346e-13,6.1395021417933461e-13,5.8602002385920442e-13,4.5586519128977665e-13,4.6234160770057192e-13
-44.442794577976528,-44.342810788149805,-44.392802683063167,2.4938157683844128e-14,1.8582141251999403e-15,2.3929779472988226e-14,2.9912224288099808e-14,2.8646328697005697e-14,2.0870535389151931e-14,2.1331920571974985e-14
-44.342810788149805,-44.242826998323096,-44.292818893236451,9.940642569850281e-16,8.8864843713864704e-17,9.3366959078568211e-16,1.2254041050632128e-15,1.1829574841055054e-15,8.0089596942169228e-16,8.2739413554904854e-16
-44.242826998323096,-44.142843208496387,-44.192835103409742,3.2666789079049071e-17,3.512545838824718e-18,2.9896400195506884e-17,4.1472781255297944e-17,4.061296021123056e-17,2.5104776255839965e-17,2.6247027477370006e-17
-44.142843208496387,-44.042859418669664,-44.092851313583026,8.149187168343643e-19,1.1560584163851713e-19,7.0660805723214834e-19,1.0914790980977696e-18,1.094194406617729e-18,5.6944240820183888e-19,6.128696140223356e-19
-44.042859418669664,-43.942875628842941,-43.992867523756303,1.1794745456854415e-20,2.6998379362301043e-21,8.346712728655802e-21,1.7556907277813592e-20,1.908525280320787e-20,6.1512848113420271e-21,7.8335696632527882e-21
-43.942875628842941,-43.842891839016218,-43.89288373392958,2.1138639701017965e-23,2.1138639701017962e-23,0,0,1.0569319850508982e-22,0,0
-43.842891839016218,-43.742908049189495,-43.792899944102857,0,0,0,0,0,0,0
-43.742908049189495,-43.642924259362772,-43.692916154276134,0,0,0,0,0,0,0
-43.642924259362772,-43.542940469536063,-43.592932364449418,0,0,0,0,0,0,0
-43.542940469536063,-43.442956679709354,-43.492948574622709,0,0,0,0,0,0,0
-43.442956679709354,-43.342972889882631,-43.392964784795993,0,0,0,0,0,0,0
-43.342972889882631,-43.242989100055908,-43.29298099496927,0,0,0,0,0,0,0
-43.242989100055908,-43.143005310229185,-43.192997205142547,0,0,0,0,0,0,0
-43.143005310229185,-43.043021520402462,-43.093013415315824,0,0,0,0,0,0,0
-43.043021520402462,-42.943037730575753,-42.993029625489108,0,0,0,0,0,0,0
-42.943037730575753,-42.843053940749044,-42.893045835662399,0,0,0,0,0,0,0
-42.843053940749044,-42.743070150922321,-42.793062045835683,0,0,0,0,0,0,0
-42.743070150922321,-42.643086361095598,-42.69307825600896,0,0,0,0,0,0,0
-42.643086361095598,-42.543102571268875,-42.593094466182237,0,0,0,0,0,0,0
-42.543102571268875,-42.443118781442152,-42.493110676355514,0,0,0,0,0,0,0
-42.443118781442152,-42.343134991615429,-42.39312688652879,0,0,0,0,0,0,0
-42.343134991615429,-42.24315120178872,-42.293143096702075,0,0,0,0,0,0,0
-42.24315120178872,-42.143167411962011,-42.193159306875366,0,0,0,0,0,0,0
-42.143167411962011,-42.043183622135288,-42.09317551704865,0,0,0,0,0,0,0
-42.043183622135288,-41.943199832308565,-41.993191727221927,0,0,0,0,0,0,0
-41.943199832308565,-41.843216042481842,-41.893207937395204,0,0,0,0,0,0,0
-41.843216042481842,-41.743232252655119,-41.79322414756848,0,0,0,0,0,0,0
-41.743232252655119,-41.643248462828396,-41.693240357741757,0,0,0,0,0,0,0
-41.643248462828396,-41.543264673001687,-41.593256567915041,0,0,0,0,0,0,0
-41.543264673001687,-41.443280883174978,-41.493272778088333,0,0,0,0,0,0,0
-41.443280883174978,-41.343297093348255,-41.393288988261617,0,0,0,0,0,0,0
-41.343297093348255,-41.243313303521532,-41.293305198434894,0,0,0,0,0,0,0
-41.243313303521532,-41.143329513694809,-41.19332140860817,0,0,0,0,0,0,0
-41.143329513694809,-41.043345723868086,-41.093337618781447,0,0,0,0,0,0,0
-41.043345723868086,-40.943361934041377,-40.993353828954731,0,0,0,0,0,0,0
-40.943361934041377,-40.843378144214668,-40.893370039128023,0,0,0,0,0,0,0
-40.843378144214668,-40.743394354387945,-40.793386249301307,0,0,0,0,0,0,0
-40.743394354387945,-40.643410564561222,-40.693402459474584,0,0,0,0,0,0,0
-40.643410564561222,-40.543426774734499,-40.59341866964786,0,0,0,0,0,0,0
-40.543426774734499,-40.443442984907776,-40.493434879821137,0,0,0,0,0,0,0
-40.443442984907776,-40.343459195081053,-40.393451089994414,0,0,0,0,0,0,0
-40.343459195081053,-40.243475405254344,-40.293467300167698,0,0,0,0,0,0,0
-40.243475405254344,-40.143491615427635,-40.19348351034099,0,0,0,0,0,0,0
-40.143491615427635,-40.043507825600912,-40.093499720514274,0,0,0,0,0,0,0
-40.043507825600912,-39.943524035774189,-39.993515930687551,0,0,0,0,0,0,0
-39.943524035774189,-39.843540245947466,-39.893532140860827,0,0,0,0,0,0,0
-39.843540245947466,-39.743556456120743,-39.793548351034104,0,0,0,0,0,0,0
-39.743556456120743,-39.64357266629402,-39.693564561207381,0,0,0,0,0,0,0
-39.64357266629402,-39.543588876467311,-39.593580771380665,0,0,0,0,0,0,0
-39.543588876467311,-39.443605086640602,-39.493596981553956,0,0,0,0,0,0,0
-39.443605086640602,-39.343621296813879,-39.393613191727241,0,0,0,0,0,0,0
-39.343621296813879,-39.243637506987156,-39.293629401900517,0,0,0,0,0,0,0
-39.243637506987156,-39.143653717160433,-39.193645612073794,0,0,0,0,0,0,0
-39.143653717160433,-39.04366992733371,-39.093661822247071,0,0,0,0,0,0,0
-39.04366992733371,-38.943686137506987,-38.993678032420348,0,0,0,0,0,0,0
-38.943686137506987,-38.843702347680278,-38.893694242593632,0,0,0,0,0,0,0
-38.843702347680278,-38.743718557853569,-38.793710452766923,0,0,0,0,0,0,0
-38.743718557853569,-38.643734768026846,-38.693726662940207,6.6104223990611381e-21,1.4681618642333913e-21,1.0530770404760879e-20,6.0093514839634119e-21,9.4434462957626401e-21,3.99695016432442e-21,3.0715936464943374e-21
-38.643734768026846,-38.543750978200123,-38.593742873113484,3.6472636571821776e-19,7.1639539343982099e-20,5.4036515642484136e-19,3.2579934768814286e-19,5.2539940348572755e-19,2.271129182065614e-19,2.0495500278581585e-19
-38.543750978200123,-38.4437671883734,-38.493759083286761,1.2885637438270577e-17,2.3329788326666099e-18,1.8380830041722531e-17,1.1431111825179759e-17,1.8419368620470052e-17,8.306148709250228e-18,7.8907279947303176e-18
-38.4437671883734,-38.343783398546677,-38.393775293460038,3.6452099100939636e-16,6.2128858699894989e-17,5.070083582775252e-16,3.2270806881978379e-16,5.1671066617252543e-16,2.4101318249742256e-16,2.3516467927972469e-16
-38.343783398546677,-38.243799608719968,-38.293791503633322,8.547270267021384e-15,1.3672509461859758e-15,1.1578492113459306e-14,7.5512255890074791e-15,1.2018288409547048e-14,5.7901871942480381e-15,5.7981580288450413e-15
-38.243799608719968,-38.143815818893259,-38.193807713806613,1.6807267801272484e-13,2.4917892875006785e-14,2.2110106354379977e-13,1.4825658455427154e-13,2.3377552503091823e-13,1.1713625795998918e-13,1.2009395897464555e-13
-38.143815818893259,-38.043832029066536,-38.093823923979897,2.7914300045369168e-12,3.7682684626995072e-13,3.5552309973893265e-12,2.4623711357940644e-12,3.8243843324656544e-12,2.0115564356897103e-12,2.1036071213458284e-12
-38.043832029066536,-37.943848239239813,-37.993840134153174,3.9420456357911528e-11,4.7393964403484713e-12,4.8496336815426284e-11,3.4857768404876011e-11,5.2918961127445776e-11,2.9512500581649669e-11,3.1316714860159888e-11
-37.943848239239813,-37.84386444941309,-37.893856344326451,4.767356509475779e-10,4.9685924575700682e-11,5.6596463596021147e-10,4.2392095750514103e-10,6.2342778653102285e-10,3.7214299845408535e-10,3.9822187628742869e-10
-37.84386444941309,-37.743880659586367,-37.793872554499728,4.9737471491004858e-09,4.3505401445184215e-10,5.7028057137127718e-09,4.4638378549097619e-09,6.2995232684601024e-09,4.0549518156476922e-09,4.3476170927720981e-09
-37.743880659586367,-37.643896869759644,-37.693888764673005,4.5077679961833297e-08,3.186164980606105e-09,5.0061164824534402e-08,4.0978182637181848e-08,5.5037209011416961e-08,3.8350394744016578e-08,4.0961448592016681e-08
-37.643896869759644,-37.543913079932935,-37.593904974846289,3.5699364882031543e-07,1.952598746276864e-08,3.8576299600586565e-07,3.296169252575684e-07,4.1909407687585175e-07,3.1586691970469221e-07,3.3462732625759904e-07
-37.543913079932935,-37.443929290106226,-37.49392118501958,2.4809194720204437e-06,1.000525114381949e-07,2.6229494224290284e-06,2.3296101607474893e-06,2.801432650021419e-06,2.2706164378175436e-06,2.3799886890867392e-06
-37.443929290106226,-37.343945500279503,-37.393937395192864,1.5164885947638549e-05,4.2766312596381726e-07,1.5773086787061837e-05,1.4476438290977876e-05,1.6527563760670579e-05,1.4264015777600586e-05,1.4783325121881856e-05
-37.343945500279503,-37.24396171045278,-37.293953605366141,8.1589247464922653e-05,1.5187724587908925e-06,8.3875473635616695e-05,7.9031766044243158e-05,8.6321887029152959e-05,7.835456276142988e-05,8.0362547854170545e-05
-37.24396171045278,-37.143977920626057,-37.193969815539418,0.00038615757337339416,4.4555900869581603e-06,0.00039372760655182029,0.0003785100011360082,0.00039938627895095094,0.00037643718047328489,0.00038272679975490646
-37.143977920626057,-37.043994130799334,-37.093986025712695,0.001605889439005417,1.0718893805660408e-05,0.0016277295877691307,0.0015879978613008467,0.0016348132548618733,0.0015815821273583751,0.0015973243637368588
-37.043994130799334,-36.944010340972611,-36.994002235885972,0.0058595419317030769,2.0969939609741963e-05,0.0059128854037034983,0.0058290662261583403,0.0059059513708009511,0.0058096230954663508,0.005840183562386244
-36.944010340972611,-36.844026551145902,-36.894018446059256,0.018732209733918932,3.3123686018181756e-05,0.018836733647839485,0.018704055329214254,0.018776786504175792,0.018650235864922891,0.01869323732344225
-36.844026551145902,-36.744042761319193,-36.794034656232547,0.0523979808315332,4.2962937070743151e-05,0.052543904185521441,0.052426648842498806,0.052391409311778804,0.052296050528347626,0.05233189128951931
-36.744042761319193,-36.64405897149247,-36.694050866405831,0.12808682682954006,5.8954694158123884e-05,0.12816979977883064,0.12827919281928679,0.12797969738444423,0.12800272010803806,0.1280027240571007
-36.64405897149247,-36.544075181665747,-36.594067076579108,0.27330462621818519,0.00012831549646874707,0.27307599140743632,0.27379480125049227,0.2731223192475089,0.27327874109151878,0.27325127809396976
-36.544075181665747,-36.444091391839024,-36.494083286752385,0.50843621531397332,0.00027504450876470284,0.50758138943943132,0.50931004203240349,0.50832259860399598,0.50845798515234142,0.50850906134169449
-36.444091391839024,-36.344107602012301,-36.394099496925662,0.82368554457065069,0.00045328100418550783,0.82208496876818327,0.82488656870819577,0.82380478243895006,0.8236652865145887,0.82398611642333541
-36.344107602012301,-36.244123812185592,-36.294115707098946,1.1606442438501545,0.00055267190942620906,1.1586411585327188,1.1619306879162605,1.1609762143436635,1.1604777997280424,1.1611953587300878
-36.244123812185592,-36.144140022358883,-36.194131917272237,1.4207414703615922,0.00046755279327111057,1.4190904295402416,1.4217497622843924,1.42101334965571,1.4204335323776485,1.4214202779499681
-36.144140022358883,-36.04415623253216,-36.094148127445521,1.5089173455545839,0.00021464227398351602,1.5083302007967505,1.5093187656952318,1.5088340265487468,1.5086203498534907,1.5094833848786999
-36.04415623253216,-35.944172442705437,-35.994164337618798,1.3886748570092859,0.00020063124928113195,1.3893324060477239,1.3883398078361637,1.3882298871860588,1.3885703637641467,1.3889018202123367
-35.944172442705437,-35.844188652878714,-35.894180547792075,1.1060332402518926,0.00041028141295760428,1.1075112779834289,1.105099760761741,1.1055263091606806,1.1061771384304364,1.1058517149231761
-35.844188652878714,-35.744204863051991,-35.794196757965352,0.76140606565150215,0.00047335155865194079,0.7630370081029908,0.76020288526854995,0.76114862386327997,0.76170355213311858,0.76093825888957145
-35.744204863051991,-35.644221073225268,-35.694212968138629,0.45247570153421518,0.00040823172510511549,0.4537690283684393,0.4513484816881182,0.45253866005240373,0.45278516445791195,0.45193717310420295
-35.644221073225268,-35.544237283398559,-35.594229178311913,0.23182383258027134,0.00028765515500114825,0.23262737118137758,0.23098376974254664,0.23206391914250121,0.23205758795915168,0.23138651487577952
-35.544237283398559,-35.44425349357185,-35.494245388485204,0.10227282220271024,0.00017083006985524525,0.10267637461039271,0.10175758214180604,0.10251657310045174,0.10241559256655412,0.10199798859434661
-35.44425349357185,-35.344269703745127,-35.394261598658488,0.038802325408952662,8.6215302781707801e-05,0.0389678312297232,0.038537676071369459,0.038965255551290705,0.038876849956538735,0.038664014235841197
-35.344269703745127,-35.244285913918404,-35.294277808831765,0.012644579380593698,3.7032075720841388e-05,0.012699863873268546,0.012529534819065479,0.012726813771633363,0.01267873397936848,0.012587950459632619
-35.244285913918404,-35.144302124091681,-35.194294019005042,0.0035346642462587181,1.3555666246358848e-05,0.0035494735630049391,0.0034920770656019571,0.0035676815547057475,0.0035484498490750333,0.0035156391989059131
-35.144302124091681,-35.044318334264958,-35.094310229178319,0.00084650146881903236,4.2365799629464053e-06,0.00084956407035008559,0.00083304424767514625,0.00085732958339576908,0.0008513420844032698,0.0008412273582708912
-35.044318334264958,-34.944334544438235,-34.994326439351596,0.00017344789823621145,1.1313270159819044e-06,0.00017388790435518268,0.00016982158151125499,0.00017639215498692473,0.0001749023971580852,0.0001722354531696098
-34.944334544438235,-34.844350754611526,-34.89434264952488,3.0365706988526385e-05,2.5768743168163031e-07,3.0390328027724099e-05,2.9535423804542198e-05,3.1034956141694263e-05,3.0734646926605006e-05,3.0133180042066357e-05
-34.844350754611526,-34.744366964784817,-34.794358859698171,4.5359341920025974e-06,4.9853221340798105e-08,4.5281879678302754e-06,4.3752608981426299e-06,4.6635724828395346e-06,4.6142379935577617e-06,4.4984116176427846e-06
-34.744366964784817,-34.644383174958094,-34.694375069871455,5.7729941689739982e-07,8.1453751989927206e-09,5.7431012907836098e-07,5.5117584798142072e-07,5.9773211391408707e-07,5.9113682149384614e-07,5.7214217201928353e-07
-34.644383174958094,-34.544399385131371,-34.594391280044732,6.2511200649823541e-08,1.1173083025396385e-09,6.1900247780111654e-08,5.8963950447754806e-08,6.5251597860236115e-08,6.4542307394655082e-08,6.1897899766360041e-08
-34.544399385131371,-34.444415595304648,-34.494407490218009,5.7504547577811577e-09,1.2798891589662852e-10,5.6602454488257927e-09,5.3504967513938625e-09,6.0573702045760498e-09,5.9978552252880904e-09,5.6863061588219933e-09
-34.444415595304648,-34.344431805477925,-34.394423700391286,4.4874415069574443e-10,1.2190478108553376e-11,4.3836022395570158e-10,4.1150904734205271e-10,4.7733087578953099e-10,4.7374515233296308e-10,4.4277545405847383e-10
-34.344431805477925,-34.244448015651201,-34.294439910564563,2.9663129529955723e-11,9.6223596511175295e-13,2.8702470177974038e-11,2.6817555173023338e-11,3.1867460687358942e-11,3.1759395342019378e-11,2.9168766269402922e-11
-34.244448015651201,-34.144464225824493,-34.194456120737847,1.6585785560694373e-12,6.2804917977535431e-14,1.586071819802061e-12,1.4812530858461262e-12,1.7986095205735236e-12,1.8044483417791104e-12,1.6225100123463645e-12
-34.144464225824493,-34.044480435997784,-34.094472330911138,7.8327472516824311e-14,3.3867578980903565e-15,7.3826390746317503e-14,6.9393343001004383e-14,8.5616464661622549e-14,8.6753467409568589e-14,7.6047696765608504e-14
-34.044480435997784,-33.944496646171061,-33.994488541084422,3.1137508536711721e-15,1.5101804469834466e-16,2.8829158551929762e-15,2.7544759674753281e-15,3.4226392760746499e-15,3.5178107670039443e-15,2.9909124026089645e-15
-33.944496646171061,-33.844512856344338,-33.894504751257699,1.0211217664581779e-16,5.5929269680014802e-18,9.2275116947388265e-17,9.0821978535149496e-17,1.1265607177487887e-16,1.1822519841108213e-16,9.6582517560590211e-17
-33.844512856344338,-33.744529066517615,-33.794520961430976,2.5194873574317439e-18,1.722601762285462e-19,2.1715972115540286e-18,2.2585458378740766e-18,2.8018868521324752e-18,3.0510272679892249e-18,2.3143796176089129e-18
-33.744529066517615,-33.644545276690891,-33.694537171604253,3.571506163187837e-20,3.8957836172040423e-21,2.6314445150758404e-20,3.5433770141398124e-20,3.9197908582369889e-20,4.8399671251692187e-20,2.9229513033173241e-20
-33.644545276690891,-33.544561486864183,-33.594553381777537,1.4167076962389788e-22,9.1857809141786837e-23,0,4.4964312164525703e-22,0,2.5871072647423235e-22,0
-33.544561486864183,-33.444577697037474,-33.494569591950828,0,0,0,0,0,0,0
-33.444577697037474,-33.344593907210751,-33.394585802124112,0,0,0,0,0,0,0
-33.344593907210751,-33.244610117384028,-33.294602012297389,0,0,0,0,0,0,0
-33.244610117384028,-33.144626327557305,-33.194618222470666,0,0,0,0,0,0,0
-33.144626327557305,-33.044642537730581,-33.094634432643943,0,0,0,0,0,0,0
-33.044642537730581,-32.944658747903858,-32.99465064281722,0,0,0,0,0,0,0
-32.944658747903858,-32.84467495807715,-32.894666852990504,0,0,0,0,0,0,0
-32.84467495807715,-32.744691168250441,-32.794683063163795,0,0,0,0,0,0,0
-32.744691168250441,-32.644707378423718,-32.694699273337079,0,0,0,0,0,0,0
-32.644707378423718,-32.544723588596995,-32.594715483510356,0,0,0,0,0,0,0
-32.544723588596995,-32.444739798770271,-32.494731693683633,0,0,0,0,0,0,0
-32.444739798770271,-32.344756008943548,-32.39474790385691,0,0,0,0,0,0,0
-32.344756008943548,-32.244772219116825,-32.294764114030187,0,0,0,0,0,0,0
-32.244772219116825,-32.144788429290116,-32.194780324203471,0,0,0,0,0,0,0
-32.144788429290116,-32.044804639463408,-32.094796534376762,0,0,0,0,0,0,0
-32.044804639463408,-31.944820849636685,-31.994812744550046,0,0,0,0,0,0,0
-31.944820849636685,-31.844837059809961,-31.894828954723323,0,0,0,0,0,0,0
-31.844837059809961,-31.744853269983238,-31.7948451648966,0,0,0,0,0,0,0
-31.744853269983238,-31.644869480156515,-31.694861375069877,0,0,0,0,0,0,0
-31.644869480156515,-31.544885690329806,-31.594877585243161,0,0,0,0,0,0,0
-31.544885690329806,-31.444901900503098,-31.494893795416452,0,0,0,0,0,0,0
-31.444901900503098,-31.344918110676375,-31.394910005589736,0,0,0,0,0,0,0
-31.344918110676375,-31.244934320849651,-31.294926215763013,0,0,0,0,0,0,0
-31.244934320849651,-31.144950531022928,-31.19494242593629,0,0,0,0,0,0,0
-31.144950531022928,-31.044966741196205,-31.094958636109567,0,0,0,0,0,0,0
-31.044966741196205,-30.944982951369482,-30.994974846282844,0,0,0,0,0,0,0
-30.944982951369482,-30.844999161542773,-30.894991056456128,0,0,0,0,0,0,0
-30.844999161542773,-30.745015371716065,-30.795007266629419,0,0,0,0,0,0,0
-30.745015371716065,-30.645031581889342,-30.695023476802703,0,0,0,0,0,0,0
-30.645031581889342,-30.545047792062618,-30.59503968697598,0,0,0,0,0,0,0
-30.545047792062618,-30.445064002235895,-30.495055897149257,0,0,0,0,0,0,0
-30.445064002235895,-30.345080212409172,-30.395072107322534,0,0,0,0,0,0,0
-30.345080212409172,-30.245096422582449,-30.295088317495811,0,0,0,0,0,0,0
-30.245096422582449,-30.14511263275574,-30.195104527669095,0,0,0,0,0,0,0
-30.14511263275574,-30.045128842929032,-30.095120737842386,0,0,0,0,0,0,0
-30.045128842929032,-29.945145053102308,-29.99513694801567,0,0,0,0,0,0,0
-29.945145053102308,-29.845161263275585,-29.895153158188947,0,0,0,0,0,0,0
-29.845161263275585,-29.745177473448862,-29.795169368362224,0,0,0,0,0,0,0
-29.745177473448862,-29.645193683622139,-29.695185578535501,0,0,0,0,0,0,0
-29.645193683622139,-29.545209893795416,-29.595201788708778,0,0,0,0,0,0,0
-29.545209893795416,-29.445226103968707,-29.495217998882062,0,0,0,0,0,0,0
-29.445226103968707,-29.345242314141998,-29.395234209055353,0,0,0,0,0,0,0
-29.345242314141998,-29.245258524315275,-29.295250419228637,0,0,0,0,0,0,0
-29.245258524315275,-29.145274734488552,-29.195266629401914,0,0,0,0,0,0,0
-29.145274734488552,-29.045290944661829,-29.095282839575191,0,0,0,0,0,0,0
-29.045290944661829,-28.945307154835106,-28.995299049748468,0,0,0,0,0,0,0
-28.945307154835106,-28.845323365008397,-28.895315259921752,0,0,0,0,0,0,0
-28.845323365008397,-28.745339575181688,-28.795331470095043,0,0,0,0,0,0,0
-28.745339575181688,-28.645355785354965,-28.695347680268327,0,0,0,0,0,0,0
-28.645355785354965,-28.545371995528242,-28.595363890441604,0,0,0,0,0,0,0
-28.545371995528242,-28.445388205701519,-28.495380100614881,0,0,0,0,0,0,0
-28.445388205701519,-28.345404415874796,-28.395396310788158,0,0,0,0,0,0,0
-28.345404415874796,-28.245420626048073,-28.295412520961435,2.1901772189549042e-22,7.1050127574758819e-23,2.2382991438787997e-22,1.179104579784708e-22,3.9319633589108937e-22,3.4940619581045827e-22,1.074570540955375e-23
-28.245420626048073,-28.145436836221364,-28.195428731134719,3.5744815812107868e-20,4.4686387236836721e-21,3.1373047828166987e-20,2.2787586818925171e-20,5.0117177322213338e-20,3.8070742048802268e-20,3.6375525042431591e-20
-28.145436836221364,-28.045453046394655,-28.09544494130801,1.9789775191562069e-18,1.6639612198270389e-19,1.7674534445226581e-18,1.4957751531528252e-18,2.4639753113684206e-18,1.9881587306446845e-18,2.1795249560924453e-18
-28.045453046394655,-27.945469256567932,-27.995461151481294,7.2219766637828647e-17,4.8549884757914283e-18,6.5603030594340334e-17,5.8354475754726632e-17,8.5061227981316982e-17,7.149590351358995e-17,8.058419534516931e-17
-27.945469256567932,-27.845485466741209,-27.895477361654571,2.079662556959065e-15,1.2079639841772246e-16,1.9083542840328738e-15,1.7460918354150041e-15,2.3650209431428532e-15,2.0382683218505137e-15,2.3405774003540798e-15
-27.845485466741209,-27.745501676914486,-27.795493571827848,4.9872310412344468e-14,2.4991234549060546e-15,4.6227910364376575e-14,4.3311934292940417e-14,5.4961279340570132e-14,4.8582563598662299e-14,5.6277864465172887e-14
-27.745501676914486,-27.645517887087763,-27.695509782001125,1.0107986247070485e-12,4.287008294878394e-14,9.4764882307415131e-13,9.053387899238095e-13,1.0819470627993368e-12,9.8260145511932802e-13,1.1364569926186171e-12
-27.645517887087763,-27.54553409726104,-27.595525992174402,1.7394898605015617e-11,6.0942148464472075e-13,1.6506827521586228e-11,1.601469680883368e-11,1.8139429543132078e-11,1.6928143798405194e-11,1.9385395353120901e-11
-27.54553409726104,-27.445550307434331,-27.495542202347686,2.5491763441079237e-10,7.1904160735331383e-12,2.4485466411890808e-10,2.402855313331004e-10,2.5999323320047901e-10,2.48908770938192e-10,2.8054597246328236e-10
-27.445550307434331,-27.345566517607622,-27.395558412520977,3.1897676453496199e-09,7.074067712291899e-11,3.0990719255770221e-09,3.0650849175172723e-09,3.1965646281644959e-09,3.1289613470490277e-09,3.4591554084402814e-09
-27.345566517607622,-27.245582727780899,-27.295574622694261,3.4164413183974421e-08,5.852839276856873e-10,3.3530638926410782e-08,3.3321853768840069e-08,3.3807147850123655e-08,3.3679269720259435e-08,3.6483155654238193e-08
-27.245582727780899,-27.145598937954176,-27.195590832867538,3.1390217448175171e-07,4.1218590146326168e-09,3.1066865987582256e-07,3.0950835626414917e-07,3.0820311727454487e-07,3.1085049454122525e-07,3.3028024445301641e-07
-27.145598937954176,-27.045615148127453,-27.095607043040815,2.4786595830301791e-06,2.5009944314549876e-08,2.4688691966982883e-06,2.4621706182421924e-06,2.42506722275183e-06,2.4634577816926293e-06,2.5737330957659557e-06
-27.045615148127453,-26.94563135830073,-26.995623253214092,1.6845074251043328e-05,1.3147353706641921e-07,1.6852917108799609e-05,1.68116998994189e-05,1.6478361376917998e-05,1.6783200013504411e-05,1.7299192856575719e-05
-26.94563135830073,-26.845647568474021,-26.895639463387376,9.8634767783558673e-05,5.9562324123094437e-07,9.8941977472133291e-05,9.8706024294423881e-05,9.6698720735973807e-05,9.8404950650878359e-05,0.00010042216576438411
-26.845647568474021,-26.745663778647312,-26.795655673560667,0.00049797165445493886,2.2956889150647684e-06,0.00050012083885473801,0.0004990188428037176,0.0004899091064728857,0.00049702512343871564,0.00050378436070463745
-26.745663778647312,-26.645679988820589,-26.695671883733951,0.0021686075377371104,7.4339708629382701e-06,0.0021782844277942284,0.0021743925707932632,0.0021419413732823556,0.0021641022896000252,0.0021843170272156784
-26.645679988820589,-26.545696198993866,-26.595688093907228,0.0081476482350842216,2.0142474756112039e-05,0.0081798107138657452,0.0081701969085476358,0.0080778685552239451,0.0081269975376001783,0.0081833674601836052
-26.545696198993866,-26.445712409167143,-26.495704304080505,0.026408353232440278,4.6293348744287746e-05,0.0264904847685353,0.02647749537351933,0.026266311157699174,0.026329183103293144,0.026478291759154459
-26.445712409167143,-26.34572861934042,-26.395720514253782,0.073827614742622602,9.3902649879234651e-05,0.07399025954705829,0.074000355874040399,0.073612362785345276,0.073585185708657699,0.073949909798011373
-26.34572861934042,-26.245744829513697,-26.295736724427059,0.17795865399472194,0.00017576159266405078,0.17820561643341296,0.17831380761176105,0.17774617557370606,0.17737034922545189,0.17815732112927773
-26.245744829513697,-26.145761039686988,-26.195752934600343,0.36970284810906462,0.00030079802490793744,0.36997856086347186,0.37030183047403975,0.36965432917074986,0.36857172310763442,0.37000779692942737
-26.145761039686988,-26.045777249860279,-26.095769144773634,0.66160244889188602,0.00044187333970024858,0.66180048500543254,0.66241822072694578,0.66187157584656209,0.65988744786441955,0.66203451501607002
-26.045777249860279,-25.945793460033556,-25.995785354946918,1.0193041270063368,0.00051995158751140687,1.0193374205470824,1.0201661136620179,1.0198834979982168,1.017294029868884,1.0198395729554828
-25.945793460033556,-25.845809670206833,-25.895801565120195,1.3511552075946165,0.00044985053644230037,1.3510325653360091,1.351780984585907,1.3518197167435566,1.3494494668487766,1.3516933044588335
-25.845809670206833,-25.74582588038011,-25.795817775293472,1.539994623882958,0.00022343731857642272,1.539814825944114,1.5401271883216003,1.5404437342240327,1.5392165669818902,1.5403708039431525
-25.74582588038011,-25.645842090553387,-25.695833985466749,1.5081766793652032,0.00014193455824280959,1.5080352992940265,1.5077451972709401,1.5082563388607564,1.5086087169186324,1.50823784448166
-25.645842090553387,-25.545858300726664,-25.595850195640026,1.2682420058836259,0.00037887818520010544,1.2681540550909038,1.2674169275700271,1.2680246826477108,1.2696721694596322,1.267942194649855
-25.545858300726664,-25.445874510899955,-25.49586640581331,0.91508119886727768,0.0004897548719051566,0.91500076434500988,0.91416980050192453,0.91475224518690457,0.91696217211494513,0.91452101218760362
-25.445874510899955,-25.345890721073246,-25.395882615986601,0.56612043207177076,0.00045583974457732383,0.56601423065356948,0.56538584982092666,0.56582521933050389,0.56788686950056655,0.56548999105328746
-25.345890721073246,-25.245906931246523,-25.295898826159885,0.30007294395466183,0.00033683292024312418,0.29995396305461058,0.29961878478630244,0.29986361719831656,0.30138579726199777,0.29954255747208203
-25.245906931246523,-25.1459231414198,-25.195915036333162,0.1361703023342104,0.00020454635386896769,0.13607126382966483,0.13595477555919411,0.136040027354877,0.13696918183051873,0.13581626309679729
-25.1459231414198,-25.045939351593077,-25.095931246506439,0.052860791947468663,0.00010354838203873273,0.052798879289055127,0.052785430014134327,0.052787144491104158,0.053263964868474012,0.052668541074575664
-25.045939351593077,-24.945955561766354,-24.995947456679716,0.017539827671892477,4.3987282263965189e-05,0.017510150949032754,0.017523220939903036,0.017502602854613081,0.017709387570373596,0.017453776045539913
-24.945955561766354,-24.845971771939631,-24.895963666852992,0.0049703313096431823,1.5736762854446072e-05,0.0049592946922124891,0.0049701263634758667,0.0049540635723222641,0.0050298464511371174,0.0049383254690681718
-24.845971771939631,-24.745987982112922,-24.795979877026276,0.001201770462147132,4.7528861979882694e-06,0.0011985831458371961,0.0012034491362969092,0.0011957861631623531,0.0012192088590672672,0.0011918250063719337
-24.745987982112922,-24.646004192286213,-24.695996087199568,0.00024769552930819079,1.2138792405214708e-06,0.00024699038215801871,0.00024855346139454414,0.0002458695768838513,0.00025196015398445861,0.00024510407212008107
-24.646004192286213,-24.54602040245949,-24.596012297372852,4.3474330019469134e-05,2.6238439526637731e-07,4.335985738446049e-05,4.3745404359083369e-05,4.3015062574341339e-05,4.4344549624350441e-05,4.2906776155110037e-05
-24.54602040245949,-24.446036612632767,-24.496028507546129,6.4907357359386083e-06,4.7995133080415568e-08,6.4789365873349378e-06,6.5540741343913835e-06,6.3956711847734682e-06,6.6388613331953939e-06,6.3861354399978557e-06
-24.446036612632767,-24.346052822806044,-24.396044717719406,8.2337508926960771e-07,7.4213580335677601e-09,8.2321006883572178e-07,8.3493812777404144e-07,8.0717582032670827e-07,8.4440174072846716e-07,8.0714968868309968e-07
-24.346052822806044,-24.246069032979321,-24.296060927892682,8.8635386754426117e-08,9.6821746832935437e-10,8.8848856632639258e-08,9.0325068599668666e-08,8.6360576896109889e-08,9.1123875416370823e-08,8.6518556227341948e-08
-24.246069032979321,-24.146085243152612,-24.196077138065966,8.0863034889826238e-09,1.0631634579586489e-10,8.1361554004034746e-09,8.2864652827600158e-09,7.822761700938774e-09,8.3317802995958669e-09,7.854354761214991e-09
-24.146085243152612,-24.046101453325903,-24.096093348239258,6.2433580252467325e-10,9.7987868013733317e-12,6.3131050372461068e-10,6.4370032480506203e-10,5.9912390862736216e-10,6.4451362087342888e-10,6.030306545929026e-10
-24.046101453325903,-23.94611766349918,-23.996109558412542,4.0734929312644538e-11,7.5589976949949097e-13,4.1446066469178298e-11,4.2271849327227998e-11,3.8742050359416711e-11,4.211659922061782e-11,3.9098081186781851e-11
-23.94611766349918,-23.846133873672457,-23.896125768585819,2.2424189477532755e-12,4.8672415525253204e-14,2.2984145290076217e-12,2.3427755537090089e-12,2.1122198906443498e-12,2.3212100582017405e-12,2.1374747072036567e-12
-23.846133873672457,-23.746150083845734,-23.796141978759096,1.0397513866475248e-13,2.6091950093236026e-15,1.0746640404140146e-13,1.0937564915234535e-13,9.6944713157264664e-14,1.077158834570678e-13,9.8373043515683173e-14
-23.746150083845734,-23.646166294019011,-23.696158188932372,4.0446824051498012e-15,1.1617083356919591e-16,4.2191673783549008e-15,4.284394850449355e-15,3.7310366488072721e-15,4.1926201082735202e-15,3.7961930398639571e-15
-23.646166294019011,-23.546182504192288,-23.596174399105649,1.2879430102312768e-16,4.2945499280258964e-18,1.3585434563204488e-16,1.3762922158035116e-16,1.1719694172255336e-16,1.3361793237541669e-16,1.1967306380527227e-16
-23.546182504192288,-23.446198714365579,-23.496190609278933,3.0006706721755951e-18,1.2886598534960454e-19,3.2418486873183201e-18,3.2622150154569948e-18,2.6545007466098506e-18,3.1140564181028859e-18,2.730732493389923e-18
-23.446198714365579,-23.34621492453887,-23.396206819452225,3.5786894516115504e-20,2.4687499254172972e-21,4.1644302530269346e-20,4.0302623008008217e-20,2.9485968212217886e-20,3.6849206040980882e-20,3.0652372789101176e-20
-23.34621492453887,-23.246231134712147,-23.296223029625509,2.9197028410312805e-25,2.91970284103128e-25,0,0,1.4598514205156402e-24,0,0
-23.246231134712147,-23.146247344885424,-23.196239239798786,0,0,0,0,0,0,0
-23.146247344885424,-23.046263555058701,-23.096255449972062,0,0,0,0,0,0,0
-23.046263555058701,-22.946279765231978,-22.996271660145339,0,0,0,0,0,0,0
-22.946279765231978,-22.846295975405255,-22.896287870318616,0,0,0,0,0,0,0
-22.846295975405255,-22.746312185578546,-22.7963040804919,0,0,0,0,0,0,0
-22.746312185578546,-22.646328395751837,-22.696320290665192,0,0,0,0,0,0,0
-22.646328395751837,-22.546344605925114,-22.596336500838476,0,0,0,0,0,0,0
-22.546344605925114,-22.446360816098391,-22.496352711011752,0,0,0,0,0,0,0
-22.446360816098391,-22.346377026271668,-22.396368921185029,0,0,0,0,0,0,0
-22.346377026271668,-22.246393236444945,-22.296385131358306,0,0,0,0,0,0,0
-22.246393236444945,-22.146409446618236,-22.19640134153159,0,0,0,0,0,0,0
-22.146409446618236,-22.046425656791527,-22.096417551704882,0,0,0,0,0,0,0
-22.046425656791527,-21.946441866964804,-21.996433761878166,0,0,0,0,0,0,0
-21.946441866964804,-21.846458077138081,-21.896449972051443,0,0,0,0,0,0,0
-21.846458077138081,-21.746474287311358,-21.796466182224719,0,0,0,0,0,0,0
-21.746474287311358,-21.646490497484635,-21.696482392397996,0,0,0,0,0,0,0
-21.646490497484635,-21.546506707657912,-21.596498602571273,0,0,0,0,0,0,0
-21.546506707657912,-21.446522917831203,-21.496514812744557,0,0,0,0,0,0,0
-21.446522917831203,-21.346539128004494,-21.396531022917848,0,0,0,0,0,0,0
-21.346539128004494,-21.246555338177771,-21.296547233091133,0,0,0,0,0,0,0
-21.246555338177771,-21.146571548351048,-21.196563443264409,0,0,0,0,0,0,0
-21.146571548351048,-21.046587758524325,-21.096579653437686,0,0,0,0,0,0,0
-21.046587758524325,-20.946603968697602,-20.996595863610963,0,0,0,0,0,0,0
-20.946603968697602,-20.846620178870879,-20.89661207378424,0,0,0,0,0,0,0
-20.846620178870879,-20.74663638904417,-20.796628283957524,0,0,0,0,0,0,0
-20.74663638904417,-20.646652599217461,-20.696644494130815,0,0,0,0,0,0,0
-20.646652599217461,-20.546668809390738,-20.596660704304099,0,0,0,0,0,0,0
-20.546668809390738,-20.446685019564015,-20.496676914477376,0,0,0,0,0,0,0
-20.446685019564015,-20.346701229737292,-20.396693124650653,0,0,0,0,0,0,0
-20.346701229737292,-20.246717439910569,-20.29670933482393,0,0,0,0,0,0,0
-20.246717439910569,-20.146733650083846,-20.196725544997207,0,0,0,0,0,0,0
-20.146733650083846,-20.046749860257137,-20.096741755170491,0,0,0,0,0,0,0
-20.046749860257137,-19.946766070430428,-19.996757965343782,0,0,0,0,0,0,0
-19.946766070430428,-19.846782280603705,-19.896774175517066,0,0,0,0,0,0,0
-19.846782280603705,-19.746798490776982,-19.796790385690343,0,0,0,0,0,0,0
-19.746798490776982,-19.646814700950259,-19.69680659586362,0,0,0,0,0,0,0
-19.646814700950259,-19.546830911123536,-19.596822806036897,0,0,0,0,0,0,0
-19.546830911123536,-19.446847121296827,-19.496839016210181,0,0,0,0,0,0,0
-19.446847121296827,-19.346863331470118,-19.396855226383472,0,0,0,0,0,0,0
-19.346863331470118,-19.246879541643395,-19.296871436556756,0,0,0,0,0,0,0
-19.246879541643395,-19.146895751816672,-19.196887646730033,0,0,0,0,0,0,0
-19.146895751816672,-19.046911961989949,-19.09690385690331,0,0,0,0,0,0,0
-19.046911961989949,-18.946928172163226,-18.996920067076587,0,0,0,0,0,0,0
-18.946928172163226,-18.846944382336503,-18.896936277249864,0,0,0,0,0,0,0
-18.846944382336503,-18.746960592509794,-18.796952487423148,0,0,0,0,0,0,0
-18.746960592509794,-18.646976802683085,-18.696968697596439,0,0,0,0,0,0,0
-18.646976802683085,-18.546993012856362,-18.596984907769723,0,0,0,0,0,0,0
-18.546993012856362,-18.447009223029639,-18.497001117943,0,0,0,0,0,0,0
-18.447009223029639,-18.347025433202916,-18.397017328116277,0,0,0,0,0,0,0
-18.347025433202916,-18.247041643376193,-18.297033538289554,0,0,0,0,0,0,0
-18.247041643376193,-18.14705785354947,-18.197049748462831,0,0,0,0,0,0,0
-18.14705785354947,-18.047074063722761,-18.097065958636115,0,0,0,0,0,0,0
-18.047074063722761,-17.947090273896052,-17.997082168809406,0,0,0,0,0,0,0
-17.947090273896052,-17.847106484069329,-17.89709837898269,4.035110320546738e-21,1.3096408906179783e-21,4.4310548986159516e-21,5.3234410174973253e-21,5.3510795235519633e-22,7.9915938941431978e-21,1.8943538401220199e-21
-17.847106484069329,-17.747122694242606,-17.797114589155967,2.9598607471422389e-19,6.2690757110655387e-20,3.0587870185631933e-19,3.5509707671148861e-19,1.2681310823524841e-19,4.8990086063077723e-19,2.0224062613728575e-19
-17.747122694242606,-17.647138904415883,-17.697130799329244,1.2868853863224361e-17,1.997892053703577e-18,1.3105326353427896e-17,1.4645011008401065e-17,7.4830605020089883e-18,1.9133913247747558e-17,9.9769582045363045e-18
-17.647138904415883,-17.54715511458916,-17.597147009502521,4.179732906082699e-16,5.2364423862405395e-17,4.2315534184290367e-16,4.6236308033885641e-16,2.7696716442847605e-16,5.8364981960304841e-16,3.4373104682806517e-16
-17.54715511458916,-17.447171324762451,-17.497163219675805,1.1053369916093736e-14,1.1308747946925802e-15,1.1135019839823689e-14,1.1959993929825682e-14,8.0111542994490572e-15,1.4667279887574424e-14,9.493401623795824e-15
-17.447171324762451,-17.347187534935742,-17.397179429849096,2.463977821398433e-13,2.0091750545505533e-14,2.4734192238602302e-13,2.6121955893078328e-13,1.9248369765202814e-13,3.1139910443626732e-13,2.1954462729411478e-13
-17.347187534935742,-17.247203745109019,-17.29719564002238,4.6773488557385734e-12,2.9365206606988872e-13,4.6857561388855302e-12,4.8675222680698965e-12,3.8930941573102417e-12,5.6416885221755311e-12,4.2986831922516698e-12
-17.247203745109019,-17.147219955282296,-17.197211850195657,7.5854662785618255e-11,3.5297379189904196e-12,7.5943672181035752e-11,7.7688283776765534e-11,6.6505533959394071e-11,8.7655812152490459e-11,7.1480011858405474e-11
-17.147219955282296,-17.047236165455573,-17.097228060368934,1.0528106966562665e-09,3.487578753813613e-11,1.0545762300700898e-09,1.0644811330686689e-09,9.6173167755831026e-10,1.1718739986399102e-09,1.0113904439443531e-09
-17.047236165455573,-16.94725237562885,-16.997244270542211,1.2519702864258616e-08,2.8313239224401478e-10,1.2556220690104418e-08,1.253774503616419e-08,1.1798170453096102e-08,1.3508393176072307e-08,1.2197984965856067e-08
-16.94725237562885,-16.847268585802126,-16.897260480715488,1.2763865378542057e-07,1.890703760646868e-09,1.2820990381582669e-07,1.2699757440748529e-07,1.2303130229158587e-07,1.3436997722469582e-07,1.2558451118750919e-07
-16.847268585802126,-16.747284795975418,-16.797276690888772,1.1158847734583402e-06,1.0466871703780804e-08,1.1225653865279612e-06,1.1060754712504424e-06,1.0925660837562359e-06,1.1531580143430585e-06,1.1050589114140027e-06
-16.747284795975418,-16.647301006148709,-16.697292901062063,8.3657552418352865e-06,4.9444996660899028e-08,8.425866214869745e-06,8.2782564210223119e-06,8.2755468849012406e-06,8.5307955199763665e-06,8.3183111684067684e-06
-16.647301006148709,-16.547317216321986,-16.597309111235347,5.3775417066454119e-05,2.1371069753855108e-07,5.4201435637936544e-05,5.3203412738268535e-05,5.3534188144042703e-05,5.4337538634548536e-05,5.360051017747425e-05
-16.547317216321986,-16.447333426495263,-16.497325321408624,0.00029633150809101982,9.0826856170841615e-07,0.00029874745214680186,0.00029340606988371298,0.00029607360965355479,0.00029764877385841248,0.00029578163491261701
-16.447333426495263,-16.34734963666854,-16.397341531581901,0.001399611747376831,3.695385694205545e-06,0.0014106832728172398,0.0013875591978810998,0.0014009909612588383,0.0014006958857144512,0.0013981294192125264
-16.34734963666854,-16.247365846841817,-16.297357741755178,0.0056649900711269879,1.3263931571194169e-05,0.0057062061923997013,0.0056242949034869816,0.0056750191071062066,0.0056577734804036349,0.0056616566722384144
-16.247365846841817,-16.147382057015093,-16.197373951928455,0.019646517638832073,4.0001080231650722e-05,0.019771299709538667,0.019532476243473526,0.019685030556669227,0.019602792147157461,0.019640989537321477
-16.147382057015093,-16.047398267188385,-16.097390162101739,0.058371956000108763,9.9479726359060031e-05,0.058678153446214791,0.058103926129467499,0.058480355573920978,0.058228543974234763,0.058368800876705762
-16.047398267188385,-15.947414477361676,-15.99740637227503,0.14855692919064376,0.00020212562830831582,0.14916015751992506,0.14802436551102113,0.14879954446749924,0.14822471506422777,0.14857586339054563
-15.947414477361676,-15.847430687534953,-15.897422582448314,0.32380651620807582,0.00033226309244817711,0.32474134479643496,0.32290962702782405,0.3242512573363322,0.32323701771620961,0.32389333416357835
-15.847430687534953,-15.74744689770823,-15.797438792621591,0.60437803733365336,0.00043542952418804126,0.60546649436097855,0.60310880483755336,0.60504863191829394,0.60367126789376513,0.60459498765767583
-15.74744689770823,-15.647463107881507,-15.697455002794868,0.96577895890576571,0.00044467136092991546,0.96661129371661803,0.96431452662625528,0.966594943237571,0.96522087621011643,0.96615315473826746
-15.647463107881507,-15.547479318054783,-15.597471212968145,1.320975621585657,0.00034780296890610327,1.3211221508240432,1.3197054709431939,1.3217306546810712,1.3208891935710267,1.3214306379089498
-15.547479318054783,-15.44749552822806,-15.497487423141422,1.5461310021151835,0.00025970401752127336,1.5454678306474861,1.5455267036994851,1.5465627152514481,1.546613415988048,1.5464843449894496
-15.44749552822806,-15.347511738401352,-15.397503633314706,1.54810902234452,0.00032730514357875805,1.5469440567841224,1.5484546612987959,1.5480440349903635,1.5489191012934684,1.5481832573558494
-15.347511738401352,-15.247527948574643,-15.297519843487997,1.3255981276131152,0.00042530569198340797,1.3244448697286655,1.3267784343660847,1.3250647987697231,1.32634217059089,1.3253603646102132
-15.247527948574643,-15.14754415874792,-15.197536053661281,0.97030912142164838,0.00044800770367787882,0.96952951087936856,0.97186607196742913,0.96951772621962296,0.97073800522352105,0.96989429281829986
-15.14754415874792,-15.047560368921197,-15.097552263834558,0.60689063028581269,0.0003846671032209454,0.60653688352358992,0.60831590149848291,0.6061003390533769,0.60701339031874457,0.60648663703486905
-15.047560368921197,-14.947576579094473,-14.997568474007835,0.32419678399544899,0.00027109159320147015,0.3241183526083507,0.32520110112090594,0.32358375649676291,0.32416337075652052,0.32391733899470476
-14.947576579094473,-14.84759278926775,-14.897584684181112,0.14783701261301502,0.00015740168188072045,0.14786445613352517,0.14840264621826713,0.14744985587786896,0.14777717622646955,0.14769092860894431
-14.84759278926775,-14.747608999441042,-14.797600894354396,0.057516947276186683,7.5718684443495054e-05,0.057555422374915809,0.057776235177029032,0.057313980414729231,0.057481106325738267,0.057457992088521058
-14.747608999441042,-14.647625209614333,-14.697617104527687,0.019080709878696929,3.0417945545218644e-05,0.019103280607569492,0.019178498300251052,0.018991679889899443,0.019067866462755035,0.019062224133009637
-14.647625209614333,-14.54764141978761,-14.597633314700971,0.005394068914974447,1.029917017654564e-05,0.0054033056147530191,0.0054246609852393645,0.0053613075005031624,0.0053915309040665051,0.0053895395703101832
-14.54764141978761,-14.447657629960887,-14.497649524874248,0.001298653698848065,2.9661479608317158e-06,0.0013015885990895208,0.0013066624173903984,0.0012885348272594606,0.0012987290732379949,0.0012977535772629508
-14.447657629960887,-14.347673840134163,-14.397665735047525,0.00026610831525749121,7.3199115442492396e-07,0.00026686975272145058,0.00026788498276540874,0.00026348420104883299,0.00026636370205901898,0.00026593893769274497
-14.347673840134163,-14.24769005030744,-14.297681945220802,4.6382761987337747e-05,1.5550708973475544e-07,4.6550343311839257e-05,4.6723345081866836e-05,4.5810662637734102e-05,4.6486239071082804e-05,4.6343219834165716e-05
-14.24769005030744,-14.147706260480717,-14.197698155394079,6.8731681596025503e-06,2.8524168727468849e-08,6.9055811383781896e-06,6.9311437765702014e-06,6.7680026378299326e-06,6.8991553448156247e-06,6.8619579004188009e-06
-14.147706260480717,-14.047722470654008,-14.097714365567363,8.6550284036400822e-07,4.5383691321377808e-09,8.7116237980799121e-07,8.7451569270230711e-07,8.4912374057591875e-07,8.7016031434557365e-07,8.6255207438825037e-07
-14.047722470654008,-13.9477386808273,-13.997730575740654,9.2588598491289651e-08,6.3216358972222405e-10,9.3486702156056781e-08,9.3885663859855073e-08,9.0413393739979153e-08,9.3199878100271239e-08,9.1957354600286011e-08
-13.9477386808273,-13.847754891000577,-13.897746785913938,8.4132757394792983e-09,7.797770403250638e-11,8.5407477771965206e-09,8.5840982295298574e-09,8.1652717340220556e-09,8.4700159104130136e-09,8.306245046235044e-09
-13.847754891000577,-13.747771101173853,-13.797762996087215,6.4941259533159863e-10,8.5490637904050471e-12,6.6516124010032455e-10,6.694086516998041e-10,6.2500832146277912e-10,6.5251724702814209e-10,6.3496751636694328e-10
-13.747771101173853,-13.64778731134713,-13.697779206260492,4.2593700487754268e-11,8.2338822607017418e-13,4.4245259417133029e-11,4.4611400617519481e-11,4.0517375651691683e-11,4.256559467188514e-11,4.1028872080541996e-11
-13.64778731134713,-13.547803521520407,-13.597795416433769,2.374874063473751e-12,6.8188936719158014e-14,2.5193387631100402e-12,2.5464399407888872e-12,2.2225534677545001e-12,2.3481900763834482e-12,2.2378480693318797e-12
-13.547803521520407,-13.447819731693684,-13.497811626607046,1.1262278828533375e-13,4.7587590606984553e-15,1.2305442102893433e-13,1.2474645943845693e-13,1.0305135143019153e-13,1.0938743171591793e-13,1.0287427781316801e-13
-13.447819731693684,-13.347835941866975,-13.39782783678033,4.534341436495771e-15,2.7603473726073642e-16,5.152717789782957e-15,5.2408373422299393e-15,4.0235749541344467e-15,4.2855782147090902e-15,3.9689988816224232e-15
-13.347835941866975,-13.247852152040267,-13.297844046953621,1.517907744389449e-16,1.3199378532048771e-17,1.8180310122381482e-16,1.8558072267859477e-16,1.28840013755574e-16,1.3772154869825619e-16,1.250084858384847e-16
-13.247852152040267,-13.147868362213543,-13.197860257126905,3.9000841260196728e-18,5.1616390773420149e-19,5.0846036701585881e-18,5.2205097583766038e-18,3.054020005771066e-18,3.2829235038651875e-18,2.858363691926916e-18
-13.147868362213543,-13.04788457238682,-13.097876467300182,6.710012704295082e-20,1.6958555738494271e-20,1.0638893001116792e-19,1.1041188341338188e-19,4.1484712113393585e-20,4.373255008081869e-20,3.3482559595991957e-20
-13.04788457238682,-12.947900782560097,-12.997892677473459,7.3344945265727429e-22,4.0774620374045869e-22,1.7032481501044157e-21,1.7580685262896864e-21,1.3310599713723587e-22,7.2824589755033919e-23,0
-12.947900782560097,-12.847916992733374,-12.897908887646736,0,0,0,0,0,0,0
-12.847916992733374,-12.747933202906665,-12.79792509782002,0,0,0,0,0,0,0
-12.747933202906665,-12.647949413079957,-12.697941307993311,0,0,0,0,0,0,0
-12.647949413079957,-12.547965623253234,-12.597957518166595,0,0,0,0,0,0,0
-12.547965623253234,-12.44798183342651,-12.497973728339872,0,0,0,0,0,0,0
-12.44798183342651,-12.347998043599787,-12.397989938513149,0,0,0,0,0,0,0
-12.347998043599787,-12.248014253773064,-12.298006148686426,0,0,0,0,0,0,0
-12.248014253773064,-12.148030463946341,-12.198022358859703,0,0,0,0,0,0,0
-12.148030463946341,-12.048046674119632,-12.098038569032987,0,0,0,0,0,0,0
-12.048046674119632,-11.948062884292924,-11.998054779206278,0,0,0,0,0,0,0
-11.948062884292924,-11.8480790944662,-11.898070989379562,0,0,0,0,0,0,0
-11.8480790944662,-11.748095304639477,-11.798087199552839,0,0,0,0,0,0,0
-11.748095304639477,-11.648111514812754,-11.698103409726116,0,0,0,0,0,0,0
-11.648111514812754,-11.548127724986031,-11.598119619899393,0,0,0,0,0,0,0
-11.548127724986031,-11.448143935159308,-11.49813583007267,0,0,0,0,0,0,0
-11.448143935159308,-11.348160145332599,-11.398152040245954,0,0,0,0,0,0,0
-11.348160145332599,-11.24817635550589,-11.298168250419245,0,0,0,0,0,0,0
-11.24817635550589,-11.148192565679167,-11.198184460592529,0,0,0,0,0,0,0
-11.148192565679167,-11.048208775852444,-11.098200670765806,0,0,0,0,0,0,0
-11.048208775852444,-10.948224986025721,-10.998216880939083,0,0,0,0,0,0,0
-10.948224986025721,-10.848241196198998,-10.89823309111236,0,0,0,0,0,0,0
-10.848241196198998,-10.748257406372275,-10.798249301285637,0,0,0,0,0,0,0
-10.748257406372275,-10.648273616545566,-10.698265511458921,0,0,0,0,0,0,0
-10.648273616545566,-10.548289826718857,-10.598281721632212,0,0,0,0,0,0,0
-10.548289826718857,-10.448306036892134,-10.498297931805496,0,0,0,0,0,0,0
-10.448306036892134,-10.348322247065411,-10.398314141978773,0,0,0,0,0,0,0
-10.348322247065411,-10.248338457238688,-10.29833035215205,0,0,0,0,0,0,0
-10.248338457238688,-10.148354667411965,-10.198346562325327,0,0,0,0,0,0,0
-10.148354667411965,-10.048370877585256,-10.098362772498611,0,0,0,0,0,0,0
-10.048370877585256,-9.9483870877585474,-9.9983789826719018,0,0,0,0,0,0,0
-9.9483870877585474,-9.8484032979318243,-9.8983951928451859,0,0,0,0,0,0,0
-9.8484032979318243,-9.7484195081051013,-9.7984114030184628,0,0,0,0,0,0,0
-9.7484195081051013,-9.6484357182783782,-9.6984276131917397,0,0,0,0,0,0,0
-9.6484357182783782,-9.5484519284516551,-9.5984438233650167,0,0,0,0,0,0,0
-9.5484519284516551,-9.4484681386249321,-9.4984600335382936,0,0,0,0,0,0,0
-9.4484681386249321,-9.3484843487982232,-9.3984762437115776,0,0,0,0,0,0,0
-9.3484843487982232,-9.2485005589715144,-9.2984924538848688,0,0,0,0,0,0,0
-9.2485005589715144,-9.1485167691447913,-9.1985086640581528,0,0,0,0,0,0,0
-9.1485167691447913,-9.0485329793180682,-9.0985248742314297,0,0,0,0,0,0,0
-9.0485329793180682,-8.9485491894913451,-8.9985410844047067,0,0,0,0,0,0,0
-8.9485491894913451,-8.8485653996646221,-8.8985572945779836,0,0,0,0,0,0,0
-8.8485653996646221,-8.748581609837899,-8.7985735047512605,0,0,0,0,0,0,0
-8.748581609837899,-8.6485978200111902,-8.6985897149245446,0,0,0,0,0,0,0
-8.6485978200111902,-8.5486140301844813,-8.5986059250978357,0,0,0,0,0,0,0
-8.5486140301844813,-8.4486302403577582,-8.4986221352711198,0,0,0,0,0,0,0
-8.4486302403577582,-8.3486464505310352,-8.3986383454443967,0,0,0,0,0,0,0
-8.3486464505310352,-8.2486626607043121,-8.2986545556176736,0,0,0,0,0,0,0
-8.2486626607043121,-8.148678870877589,-8.1986707657909506,0,0,0,0,0,0,0
-8.148678870877589,-8.0486950810508802,-8.0986869759642346,0,0,0,0,0,0,0
-8.0486950810508802,-7.9487112912241713,-7.9987031861375257,0,0,0,0,0,0,0
-7.9487112912241713,-7.8487275013974482,-7.8987193963108098,0,0,0,0,0,0,0
-7.8487275013974482,-7.7487437115707252,-7.7987356064840867,0,0,0,0,0,0,0
-7.7487437115707252,-7.6487599217440021,-7.6987518166573636,0,0,0,0,0,0,0
-7.6487599217440021,-7.548776131917279,-7.5987680268306406,3.3169354801434674e-22,1.3928169769420258e-22,7.30598164944781e-22,5.1682791566156682e-23,5.3241848339247825e-22,3.437683001683179e-22,0
-7.548776131917279,-7.448792342090556,-7.4987842370039175,6.4213286244009921e-20,1.0892335421800758e-20,1.0107195957511037e-19,5.0990863732412977e-20,7.0911247491365486e-20,6.1979089130979572e-20,3.6113271290181185e-20
-7.448792342090556,-7.3488085522638471,-7.3988004471772015,4.0453336825594412e-18,4.153789518207852e-19,5.4496074055148507e-18,3.6685815915813397e-18,4.2970256374696818e-18,3.8828663365887706e-18,2.928587441642565e-18
-7.3488085522638471,-7.2488247624371382,-7.2988166573504927,1.5791395279030837e-16,1.213552518081631e-17,1.9867787855786875e-16,1.4901843714386846e-16,1.652894332378786e-16,1.5207882005218149e-16,1.2450519495974463e-16
-7.2488247624371382,-7.1488409726104152,-7.1988328675237767,4.7273417586025989e-15,2.9516431880925525e-16,5.7131889973640917e-15,4.5578675911622261e-15,4.9027218919466284e-15,4.5625828315048306e-15,3.9003474810352214e-15
-7.1488409726104152,-7.0488571827836921,-7.0988490776970536,1.17139257943733e-13,5.9748657537330791e-15,1.3685373635150334e-13,1.1471668219823668e-13,1.2077362515275485e-13,1.132824787734209e-13,1.0006976724274926e-13
-7.0488571827836921,-6.948873392956969,-6.9988652878703306,2.4495686030769625e-12,1.0082503941796584e-13,2.7755444015839412e-12,2.4268984078339105e-12,2.5151272849108524e-12,2.3751620060479647e-12,2.1551109150081435e-12
-6.948873392956969,-6.848889603130246,-6.8988814980436075,4.3388947735942679e-11,1.4207565167133344e-12,4.784245949525707e-11,4.3343893307997548e-11,4.4416611195766841e-11,4.2204410716261508e-11,3.9137363964430442e-11
-6.848889603130246,-6.7489058133035229,-6.7988977082168844,6.5196364527937714e-10,1.6758863221611029e-11,7.0220302861069636e-10,6.5488210846925896e-10,6.658461742414471e-10,6.363982101378153e-10,6.0048870493766789e-10
-6.7489058133035229,-6.648922023476814,-6.6989139183901685,8.3211952617877645e-09,1.660139412384991e-10,8.7887917711772985e-09,8.3861091742114515e-09,8.4812165860843897e-09,8.1523347553043627e-09,7.7975240221613236e-09
-6.648922023476814,-6.5489382336501052,-6.5989301285634596,9.0314999996870701e-08,1.3864618111816453e-09,9.3902039240131669e-08,9.1166403384177726e-08,9.187581334017823e-08,8.8802334417662587e-08,8.5828409602203296e-08
-6.5489382336501052,-6.4489544438233821,-6.4989463387367437,8.3437717979070676e-07,9.8028282157211317e-09,8.5701997229979581e-07,8.4255878107834035e-07,8.4719308245010242e-07,8.2318221555953173e-07,8.0193184756576402e-07
-6.4489544438233821,-6.3489706539966591,-6.3989625489100206,6.5664896328639688e-06,5.8908386095132968e-08,6.6837487283954193e-06,6.6277719315075492e-06,6.6549244469682675e-06,6.4979625908904344e-06,6.3680404665581717e-06
-6.3489706539966591,-6.248986864169936,-6.2989787590832975,4.4049522335258499e-05,3.0180388219678636e-07,4.4544682375528714e-05,4.4416848350840839e-05,4.4562922923702595e-05,4.370179042222618e-05,4.3021367603994195e-05
-6.248986864169936,-6.1490030743432129,-6.1989949692565744,0.00025199531600477083,1.3207572246047125e-06,0.00025367813064587543,0.00025378130018018893,0.0002545101272394888,0.00025052671782111786,0.00024748030413718306
-6.1490030743432129,-6.0490192845164898,-6.0990111794298514,0.0012298186507808213,4.9406065846079239e-06,0.0012342818859320693,0.0012369189742053484,0.0012402465111401746,0.0012246240309809347,0.0012130218516455797
-6.0490192845164898,-5.949035494689781,-5.9990273896031354,0.0051215270064940517,1.5792125455502148e-05,0.0051299958299388547,0.0051447326458366185,0.0051582062087451039,0.0051060066235344937,0.0050686937244151867
-5.949035494689781,-5.8490517048630721,-5.8990435997764266,0.018203223837826028,4.3066803107169326e-05,0.018210757972540459,0.018265843341783133,0.018312586859233312,0.018163683229068292,0.018063247786504946
-5.8490517048630721,-5.7490679150363491,-5.7990598099497106,0.055226133838705047,9.9868705397570908e-05,0.055207789508076033,0.055366226825602875,0.055501252573909497,0.055139660906728914,0.054915739379207927
-5.7490679150363491,-5.649084125209626,-5.6990760201229875,0.14303027071383273,0.0001956229946893933,0.14292314928212627,0.14329113457709608,0.1436086839894232,0.14286822013491107,0.14246016558560701
-5.649084125209626,-5.5491003353829029,-5.5990922302962645,0.31624536484945587,0.00031970829405044348,0.31594745989702849,0.31665049180655025,0.31724569801025099,0.31598940180531426,0.31539377272813546
-5.5491003353829029,-5.4491165455561799,-5.4991084404695414,0.59696322809597357,0.00042622860934058646,0.59638079480379957,0.59748525273906816,0.59834868335718605,0.59663560607207355,0.59596580350774053
-5.4491165455561799,-5.349132755729471,-5.3991246506428254,0.96205832420998727,0.00044362938211164307,0.96120488577043328,0.96260175518190383,0.96351405467215068,0.96174716331794408,0.96122376210750415
-5.349132755729471,-5.2491489659027621,-5.2991408608161166,1.3236621550114029,0.00032678114522257561,1.3227393980945561,1.3240781706393225,1.3246525756234397,1.3235017499083854,1.3233388807913109
-5.2491489659027621,-5.1491651760760391,-5.1991570709894006,1.554724634856478,0.00017018588562208334,1.5540746191261394,1.5548657728430462,1.5547907605273759,1.5548147915555601,1.5550772302302682
-5.1491651760760391,-5.049181386249316,-5.0991732811626775,1.5588157283399759,0.00029632437876469473,1.5587229715560678,1.5586147382804734,1.5579065896321513,1.5591368481685517,1.5596974940626349
-5.049181386249316,-4.9491975964225929,-4.9991894913359545,1.3339818189654959,0.00044296159563595101,1.3344735364699654,1.3335033917283312,1.3325052279687319,1.3343951335840687,1.3350318050763821
-4.9491975964225929,-4.8492138065958699,-4.8992057015092314,0.97420703365860051,0.00045205538850604866,0.97504008557226707,0.97361889049775285,0.97273866846845281,0.97455167157570699,0.97508585217882338
-4.8492138065958699,-4.7492300167691468,-4.7992219116825083,0.60703576389543445,0.00035248770723367382,0.60787985770603725,0.60651138155793793,0.60596392612807826,0.60723044719629959,0.60759320688881935
-4.7492300167691468,-4.6492462269424379,-4.6992381218557924,0.32265438533323543,0.0002214504148819681,0.32329114254932617,0.32228745255934882,0.32205148241288711,0.32271665630156782,0.32292519284304744
-4.6492462269424379,-4.5492624371157291,-4.5992543320290835,0.14625260154427216,0.00011616030459875698,0.14663585305607266,0.14604406345188084,0.14598791150056498,0.14624569691703534,0.14634948279580698
-4.5492624371157291,-4.449278647289006,-4.4992705422023676,0.05651711062735594,5.2553798474254194e-05,0.056707966130992514,0.056418696822365,0.056427002786868956,0.056493529550555754,0.056538357845997478
-4.449278647289006,-4.3492948574622829,-4.3992867523756445,0.018613205803443826,2.1056702730865651e-05,0.018693761597111613,0.018573934948995327,0.018590091125704863,0.018595847488091594,0.018612393857315741
-4.3492948574622829,-4.2493110676355599,-4.2993029625489214,0.005222412075918571,7.5353330771266104e-06,0.0052516786395674598,0.0052089616996352948,0.0052182833794362444,0.0052140349862966028,0.0052191016746572548
-4.2493110676355599,-4.1493272778088368,-4.1993191727221983,0.0012478595911311016,2.3809005163987218e-06,0.001257069587912326,0.0012438686568682575,0.0012474835191957818,0.001244824320886959,0.0012460518707921846
-4.1493272778088368,-4.0493434879821137,-4.0993353828954753,0.00025382590359513936,6.5158051581946052e-07,0.00025632990037304876,0.00025279960453128783,0.00025386084661770694,0.00025296330122978036,0.00025317586522387287
-4.0493434879821137,-3.9493596981554049,-3.9993515930687593,4.3935053034613978e-05,1.5194184795776842e-07,4.4518071270007572e-05,4.3708427176912471e-05,4.3952833492475622e-05,4.3739655151229304e-05,4.3756278082444922e-05
-3.9493596981554049,-3.849375908328696,-3.8993678032420505,6.4687783143148622e-06,2.984628823262273e-08,6.5837344110330264e-06,6.4265275023984869e-06,6.4709417352846679e-06,6.4334225670647763e-06,6.4292653557933533e-06
-3.849375908328696,-3.749392118501973,-3.7993840134153345,8.0984992197920068e-07,4.8994300859681907e-09,8.2883720865429397e-07,8.0334540249897795e-07,8.0961048249660648e-07,8.0479023891246218e-07,8.026662773336626e-07
-3.749392118501973,-3.6494083286752499,-3.6994002235886114,8.6178630715199483e-08,6.6847338081728281e-10,8.8781100569796852e-08,8.5374874994771879e-08,8.6024968528238394e-08,8.5622141010559039e-08,8.5090068472631267e-08
-3.6494083286752499,-3.5494245388485268,-3.5994164337618884,7.7921250561250993e-09,7.5617608750759666e-11,8.0857265183676407e-09,7.7158398398825476e-09,7.7569111626995089e-09,7.7486057140060393e-09,7.6535420456697648e-09
-3.5494245388485268,-3.4494407490218038,-3.4994326439351653,5.9844929847034382e-10,7.1089973625023371e-12,6.2550053508696405e-10,5.9341385457706817e-10,5.9306066534031253e-10,5.967069889934116e-10,5.8356444835396297e-10
-3.4494407490218038,-3.3494569591950949,-3.3994488541084493,3.9027307507916926e-11,5.6157754485010731e-13,4.1044794780906736e-11,3.8880880177840894e-11,3.8408682657430732e-11,3.9125209213593762e-11,3.7676970709812493e-11
-3.3494569591950949,-3.249473169368386,-3.2994650642817405,2.1603798255683935e-12,3.8127326673965592e-14,2.2806905763419446e-12,2.1735090045852842e-12,2.1047160490155659e-12,2.1859269399028575e-12,2.0570565579963147e-12
-3.249473169368386,-3.149489379541663,-3.1994812744550245,1.0146460484514849e-13,2.2867491951129563e-15,1.0708665019037182e-13,1.0382747895526797e-13,9.7456279055707139e-14,1.0413573638254692e-13,9.4816879641848516e-14
-3.149489379541663,-3.0495055897149399,-3.0994974846283014,4.0305386953881965e-15,1.2236128977888633e-16,4.227929851469786e-15,4.2335578704284159e-15,3.7971509405679526e-15,4.2216612873365143e-15,3.6723935271383138e-15
-3.0495055897149399,-2.9495217998882168,-2.9995136948015784,1.3231113289497074e-16,5.742017577034546e-18,1.3699596768685237e-16,1.4447075256232491e-16,1.212333395024738e-16,1.4266159609660744e-16,1.1619400862659525e-16
-2.9495217998882168,-2.8495380100614938,-2.8995299049748553,3.2931355885452107e-18,2.2826013205825965e-19,3.3313154375356276e-18,3.8413252596541831e-18,2.8607880503023037e-18,3.7363641396038241e-18,2.6958850556301129e-18
-2.8495380100614938,-2.7495542202347707,-2.7995461151481322,5.1746056329648618e-20,7.9231179393119124e-21,4.614107416397906e-20,7.3021960996181998e-20,3.790199496765683e-20,6.783423255696977e-20,3.3831018963455412e-20
-2.7495542202347707,-2.6495704304080618,-2.6995623253214163,3.8711013144278024e-22,2.2265085520031935e-22,0,1.0410327404616603e-21,8.8853449665382439e-23,8.0566446708685822e-22,0
-2.6495704304080618,-2.549586640581353,-2.5995785354947074,0,0,0,0,0,0,0
-2.549586640581353,-2.4496028507546299,-2.4995947456679914,0,0,0,0,0,0,0
-2.4496028507546299,-2.3496190609279068,-2.3996109558412684,0,0,0,0,0,0,0
-2.3496190609279068,-2.2496352711011838,-2.2996271660145453,0,0,0,0,0,0,0
-2.2496352711011838,-2.1496514812744607,-2.1996433761878222,0,0,0,0,0,0,0
-2.1496514812744607,-2.0496676914477376,-2.0996595863610992,0,0,0,0,0,0,0
-2.0496676914477376,-1.9496839016210288,-1.9996757965343832,0,0,0,0,0,0,0
-1.9496839016210288,-1.8497001117943199,-1.8996920067076744,0,0,0,0,0,0,0
-1.8497001117943199,-1.7497163219675969,-1.7997082168809584,0,0,0,0,0,0,0
-1.7497163219675969,-1.6497325321408738,-1.6997244270542353,0,0,0,0,0,0,0
-1.6497325321408738,-1.5497487423141507,-1.5997406372275123,0,0,0,0,0,0,0
-1.5497487423141507,-1.4497649524874276,-1.4997568474007892,0,0,0,0,0,0,0
-1.4497649524874276,-1.3497811626607046,-1.3997730575740661,0,0,0,0,0,0,0
-1.3497811626607046,-1.2497973728339957,-1.2997892677473502,0,0,0,0,0,0,0
-1.2497973728339957,-1.1498135830072869,-1.1998054779206413,0,0,0,0,0,0,0
-1.1498135830072869,-1.0498297931805638,-1.0998216880939253,0,0,0,0,0,0,0
-1.0498297931805638,-0.94984600335384073,-0.99983789826720226,0,0,0,0,0,0,0
-0.94984600335384073,-0.84986221352711766,-0.89985410844047919,0,0,0,0,0,0,0
-0.84986221352711766,-0.74987842370039459,-0.79987031861375613,0,0,0,0,0,0,0
-0.74987842370039459,-0.64989463387368573,-0.69988652878704016,0,0,0,0,0,0,0
-0.64989463387368573,-0.54991084404697688,-0.59990273896033131,0,0,0,0,0,0,0
-0.54991084404697688,-0.44992705422025381,-0.49991894913361534,0,0,0,0,0,0,0
-0.44992705422025381,-0.34994326439353074,-0.39993515930689227,0,0,0,0,0,0,0
-0.34994326439353074,-0.24995947456680767,-0.29995136948016921,0,0,0,0,0,0,0
-0.24995947456680767,-0.1499756847400846,-0.19996757965344614,0,0,0,0,0,0,0
-0.1499756847400846,-0.049991894913361534,-0.099983789826723068,0,0,0,0,0,0,0
-0.049991894913361534,0.049991894913347323,-7.1054273576010019e-15,0,0,0,0,0,0,0
0.049991894913347323,0.14997568474005618,0.099983789826701752,0,0,0,0,0,0,0
0.14997568474005618,0.24995947456677925,0.19996757965341772,0,0,0,0,0,0,0
0.24995947456677925,0.34994326439350232,0.29995136948014078,0,0,0,0,0,0,0
0.34994326439350232,0.44992705422022539,0.39993515930686385,0,0,0,0,0,0,0
0.44992705422022539,0.54991084404694845,0.49991894913358692,0,0,0,0,0,0,0
0.54991084404694845,0.64989463387367152,0.59990273896030999,0,0,0,0,0,0,0
0.64989463387367152,0.74987842370038038,0.69988652878702595,0,0,0,0,0,0,0
0.74987842370038038,0.84986221352708924,0.79987031861373481,0,0,0,0,0,0,0
0.84986221352708924,0.94984600335381231,0.89985410844045077,0,0,0,0,0,0,0
0.94984600335381231,1.0498297931805354,0.99983789826717384,0,0,0,0,0,0,0
1.0498297931805354,1.1498135830072584,1.0998216880938969,0,0,0,0,0,0,0
1.1498135830072584,1.2497973728339815,1.19980547792062,0,0,0,0,0,0,0
1.2497973728339815,1.3497811626606904,1.2997892677473359,0,0,0,0,0,0,0
1.3497811626606904,1.4497649524873992,1.3997730575740448,0,0,0,0,0,0,0
1.4497649524873992,1.5497487423141223,1.4997568474007608,0,0,0,0,0,0,0
1.5497487423141223,1.6497325321408454,1.5997406372274838,0,0,0,0,0,0,0
1.6497325321408454,1.7497163219675684,1.6997244270542069,0,0,0,0,0,0,0
1.7497163219675684,1.8497001117942915,1.79970821688093,0,0,0,0,0,0,0
1.8497001117942915,1.9496839016210146,1.899692006707653,0,0,0,0,0,0,0
1.9496839016210146,2.0496676914477234,1.999675796534369,0,0,0,0,0,0,0
2.0496676914477234,2.1496514812744323,2.0996595863610779,0,0,0,0,0,0,0
2.1496514812744323,2.2496352711011554,2.1996433761877938,0,0,0,0,0,0,0
2.2496352711011554,2.3496190609278784,2.2996271660145169,0,0,0,0,0,0,0
2.3496190609278784,2.4496028507546015,2.39961095584124,0,0,0,0,0,0,0
2.4496028507546015,2.5495866405813246,2.499594745667963,0,0,0,0,0,0,0
2.5495866405813246,2.6495704304080476,2.5995785354946861,0,0,0,0,0,0,0
2.6495704304080476,2.7495542202347565,2.6995623253214021,3.8711013144278024e-22,2.2265085520031935e-22,0,1.0410327404616603e-21,8.8853449665382439e-23,8.0566446708685822e-22,0
2.7495542202347565,2.8495380100614653,2.7995461151481109,5.1746056329648618e-20,7.9231179393119124e-21,4.614107416397906e-20,7.3021960996181998e-20,3.790199496765683e-20,6.783423255696977e-20,3.3831018963455412e-20
2.8495380100614653,2.9495217998881884,2.8995299049748269,3.2931355885452107e-18,2.2826013205825965e-19,3.3313154375356276e-18,3.8413252596541831e-18,2.8607880503023037e-18,3.7363641396038241e-18,2.6958850556301129e-18
2.9495217998881884,3.0495055897149115,2.9995136948015499,1.3231113289497074e-16,5.742017577034546e-18,1.3699596768685237e-16,1.4447075256232491e-16,1.212333395024738e-16,1.4266159609660744e-16,1.1619400862659525e-16
3.0495055897149115,3.1494893795416345,3.099497484628273,4.0305386953881965e-15,1.2236128977888633e-16,4.227929851469786e-15,4.2335578704284159e-15,3.7971509405679526e-15,4.2216612873365143e-15,3.6723935271383138e-15
3.1494893795416345,3.2494731693683576,3.1994812744549961,1.0146460484514849e-13,2.2867491951129563e-15,1.0708665019037182e-13,1.0382747895526797e-13,9.7456279055707139e-14,1.0413573638254692e-13,9.4816879641848516e-14
3.2494731693683576,3.3494569591950807,3.2994650642817192,2.1603798255683935e-12,3.8127326673965592e-14,2.2806905763419446e-12,2.1735090045852842e-12,2.1047160490155659e-12,2.1859269399028575e-12,2.0570565579963147e-12
3.3494569591950807,3.4494407490217895,3.3994488541084351,3.9027307507916926e-11,5.6157754485010731e-13,4.1044794780906736e-11,3.8880880177840894e-11,3.8408682657430732e-11,3.9125209213593762e-11,3.7676970709812493e-11
3.4494407490217895,3.5494245388484984,3.499432643935144,5.9844929847034382e-10,7.1089973625023371e-12,6.2550053508696405e-10,5.9341385457706817e-10,5.9306066534031253e-10,5.967069889934116e-10,5.8356444835396297e-10
3.5494245388484984,3.6494083286752215,3.5994164337618599,7.7921250561250993e-09,7.5617608750759666e-11,8.0857265183676407e-09,7.7158398398825476e-09,7.7569111626995089e-09,7.7486057140060393e-09,7.6535420456697648e-09
3.6494083286752215,3.7493921185019445,3.699400223588583,8.6178630715199483e-08,6.6847338081728281e-10,8.8781100569796852e-08,8.5374874994771879e-08,8.6024968528238394e-08,8.5622141010559039e-08,8.5090068472631267e-08
3.7493921185019445,3.8493759083286676,3.7993840134153061,8.0984992197920068e-07,4.8994300859681907e-09,8.2883720865429397e-07,8.0334540249897795e-07,8.0961048249660648e-07,8.0479023891246218e-07,8.026662773336626e-07
3.8493759083286676,3.9493596981553907,3.8993678032420291,6.4687783143148622e-06,2.984628823262273e-08,6.5837344110330264e-06,6.4265275023984869e-06,6.4709417352846679e-06,6.4334225670647763e-06,6.4292653557933533e-06
3.9493596981553907,4.0493434879820995,3.9993515930687451,4.3935053034613978e-05,1.5194184795776842e-07,4.4518071270007572e-05,4.3708427176912471e-05,4.3952833492475622e-05,4.3739655151229304e-05,4.3756278082444922e-05
4.0493434879820995,4.1493272778088084,4.099335382895454,0.00025382590359513936,6.5158051581946052e-07,0.00025632990037304876,0.00025279960453128783,0.00025386084661770694,0.00025296330122978036,0.00025317586522387287
4.1493272778088084,4.2493110676355315,4.1993191727221699,0.0012478595911311016,2.3809005163987218e-06,0.001257069587912326,0.0012438686568682575,0.0012474835191957818,0.001244824320886959,0.0012460518707921846
4.2493110676355315,4.3492948574622545,4.299302962548893,0.005222412075918571,7.5353330771266104e-06,0.0052516786395674598,0.0052089616996352948,0.0052182833794362444,0.0052140349862966028,0.0052191016746572548
4.3492948574622545,4.4492786472889776,4.3992867523756161,0.018613205803443826,2.1056702730865651e-05,0.018693761597111613,0.018573934948995327,0.018590091125704863,0.018595847488091594,0.018612393857315741
4.4492786472889776,4.5492624371157007,4.4992705422023391,0.05651711062735594,5.2553798474254194e-05,0.056707966130992514,0.056418696822365,0.056427002786868956,0.056493529550555754,0.056538357845997478
4.5492624371157007,4.6492462269424237,4.5992543320290622,0.14625260154427216,0.00011616030459875698,0.14663585305607266,0.14604406345188084,0.14598791150056498,0.14624569691703534,0.14634948279580698
4.6492462269424237,4.7492300167691326,4.6992381218557782,0.32265438533323543,0.0002214504148819681,0.32329114254932617,0.32228745255934882,0.32205148241288711,0.32271665630156782,0.32292519284304744
4.7492300167691326,4.8492138065958414,4.799221911682487,0.60703576389543445,0.00035248770723367382,0.60787985770603725,0.60651138155793793,0.60596392612807826,0.60723044719629959,0.60759320688881935
4.8492138065958414,4.9491975964225645,4.899205701509203,0.97420703365860051,0.00045205538850604866,0.97504008557226707,0.97361889049775285,0.97273866846845281,0.97455167157570699,0.97508585217882338
4.9491975964225645,5.0491813862492876,4.999189491335926,1.3339818189654959,0.00044296159563595101,1.3344735364699654,1.3335033917283312,1.3325052279687319,1.3343951335840687,1.3350318050763821
5.0491813862492876,5.1491651760760107,5.0991732811626491,1.5588157283399759,0.00029632437876469473,1.5587229715560678,1.5586147382804734,1.5579065896321513,1.5591368481685517,1.5596974940626349
5.1491651760760107,5.2491489659027337,5.1991570709893722,1.554724634856478,0.00017018588562208334,1.5540746191261394,1.5548657728430462,1.5547907605273759,1.5548147915555601,1.5550772302302682
5.2491489659027337,5.3491327557294568,5.2991408608160953,1.3236621550114029,0.00032678114522257561,1.3227393980945561,1.3240781706393225,1.3246525756234397,1.3235017499083854,1.3233388807913109
5.3491327557294568,5.4491165455561656,5.3991246506428112,0.96205832420998727,0.00044362938211164307,0.96120488577043328,0.96260175518190383,0.96351405467215068,0.96174716331794408,0.96122376210750415
5.4491165455561656,5.5491003353828745,5.4991084404695201,0.59696322809597357,0.00042622860934058646,0.59638079480379957,0.59748525273906816,0.59834868335718605,0.59663560607207355,0.59596580350774053
5.5491003353828745,5.6490841252095976,5.599092230296236,0.31624536484945587,0.00031970829405044348,0.31594745989702849,0.31665049180655025,0.31724569801025099,0.31598940180531426,0.31539377272813546
5.6490841252095976,5.7490679150363206,5.6990760201229591,0.14303027071383273,0.0001956229946893933,0.14292314928212627,0.14329113457709608,0.1436086839894232,0.14286822013491107,0.14246016558560701
5.7490679150363206,5.8490517048630437,5.7990598099496822,0.055226133838705047,9.9868705397570908e-05,0.055207789508076033,0.055366226825602875,0.055501252573909497,0.055139660906728914,0.054915739379207927
5.8490517048630437,5.9490354946897668,5.8990435997764052,0.018203223837826028,4.3066803107169326e-05,0.018210757972540459,0.018265843341783133,0.018312586859233312,0.018163683229068292,0.018063247786504946
5.9490354946897668,6.0490192845164756,5.9990273896031212,0.0051215270064940517,1.5792125455502148e-05,0.0051299958299388547,0.0051447326458366185,0.0051582062087451039,0.0051060066235344937,0.0050686937244151867
6.0490192845164756,6.1490030743431845,6.0990111794298301,0.0012298186507808213,4.9406065846079239e-06,0.0012342818859320693,0.0012369189742053484,0.0012402465111401746,0.0012246240309809347,0.0012130218516455797
6.1490030743431845,6.2489868641699076,6.198994969256546,0.00025199531600477083,1.3207572246047125e-06,0.00025367813064587543,0.00025378130018018893,0.0002545101272394888,0.00025052671782111786,0.00024748030413718306
6.2489868641699076,6.3489706539966306,6.2989787590832691,4.4049522335258499e-05,3.0180388219678636e-07,4.4544682375528714e-05,4.4416848350840839e-05,4.4562922923702595e-05,4.370179042222618e-05,4.3021367603994195e-05
6.3489706539966306,6.4489544438233537,6.3989625489099922,6.5664896328639688e-06,5.8908386095132968e-08,6.6837487283954193e-06,6.6277719315075492e-06,6.6549244469682675e-06,6.4979625908904344e-06,6.3680404665581717e-06
6.4489544438233537,6.5489382336500768,6.4989463387367152,8.3437717979070676e-07,9.8028282157211317e-09,8.5701997229979581e-07,8.4255878107834035e-07,8.4719308245010242e-07,8.2318221555953173e-07,8.0193184756576402e-07
6.5489382336500768,6.6489220234767998,6.5989301285634383,9.0314999996870701e-08,1.3864618111816453e-09,9.3902039240131669e-08,9.1166403384177726e-08,9.187581334017823e-08,8.8802334417662587e-08,8.5828409602203296e-08
6.6489220234767998,6.7489058133035087,6.6989139183901543,8.3211952617877645e-09,1.660139412384991e-10,8.7887917711772985e-09,8.3861091742114515e-09,8.4812165860843897e-09,8.1523347553043627e-09,7.7975240221613236e-09
6.7489058133035087,6.8488896031302176,6.7988977082168631,6.5196364527937714e-10,1.6758863221611029e-11,7.0220302861069636e-10,6.5488210846925896e-10,6.658461742414471e-10,6.363982101378153e-10,6.0048870493766789e-10
6.8488896031302176,6.9488733929569406,6.8988814980435791,4.3388947735942679e-11,1.4207565167133344e-12,4.784245949525707e-11,4.3343893307997548e-11,4.4416611195766841e-11,4.2204410716261508e-11,3.9137363964430442e-11
6.9488733929569406,7.0488571827836637,6.9988652878703022,2.4495686030769625e-12,1.0082503941796584e-13,2.7755444015839412e-12,2.4268984078339105e-12,2.5151272849108524e-12,2.3751620060479647e-12,2.1551109150081435e-12
7.0488571827836637,7.1488409726103868,7.0988490776970252,1.17139257943733e-13,5.9748657537330791e-15,1.3685373635150334e-13,1.1471668219823668e-13,1.2077362515275485e-13,1.132824787734209e-13,1.0006976724274926e-13
7.1488409726103868,7.2488247624371098,7.1988328675237483,4.7273417586025989e-15,2.9516431880925525e-16,5.7131889973640917e-15,4.5578675911622261e-15,4.9027218919466284e-15,4.5625828315048306e-15,3.9003474810352214e-15
7.2488247624371098,7.3488085522638329,7.2988166573504714,1.5791395279030837e-16,1.213552518081631e-17,1.9867787855786875e-16,1.4901843714386846e-16,1.652894332378786e-16,1.5207882005218149e-16,1.2450519495974463e-16
7.3488085522638329,7.4487923420905418,7.3988004471771873,4.0453336825594412e-18,4.153789518207852e-19,5.4496074055148507e-18,3.6685815915813397e-18,4.2970256374696818e-18,3.8828663365887706e-18,2.928587441642565e-18
7.4487923420905418,7.5487761319172506,7.4987842370038962,6.4213286244009921e-20,1.0892335421800758e-20,1.0107195957511037e-19,5.0990863732412977e-20,7.0911247491365486e-20,6.1979089130979572e-20,3.6113271290181185e-20
7.5487761319172506,7.6487599217439737,7.5987680268306121,3.3169354801434674e-22,1.3928169769420258e-22,7.30598164944781e-22,5.1682791566156682e-23,5.3241848339247825e-22,3.437683001683179e-22,0
7.6487599217439737,7.7487437115706967,7.6987518166573352,0,0,0,0,0,0,0
7.7487437115706967,7.8487275013974198,7.7987356064840583,0,0,0,0,0,0,0
7.8487275013974198,7.9487112912241429,7.8987193963107813,0,0,0,0,0,0,0
7.9487112912241429,8.048695081050866,7.9987031861375044,0,0,0,0,0,0,0
8.048695081050866,8.1486788708775748,8.0986869759642204,0,0,0,0,0,0,0
8.1486788708775748,8.2486626607042837,8.1986707657909292,0,0,0,0,0,0,0
8.2486626607042837,8.3486464505310067,8.2986545556176452,0,0,0,0,0,0,0
8.3486464505310067,8.4486302403577298,8.3986383454443683,0,0,0,0,0,0,0
8.4486302403577298,8.5486140301844529,8.4986221352710913,0,0,0,0,0,0,0
8.5486140301844529,8.6485978200111759,8.5986059250978144,0,0,0,0,0,0,0
8.6485978200111759,8.7485816098378848,8.6985897149245304,0,0,0,0,0,0,0
8.7485816098378848,8.8485653996645937,8.7985735047512392,0,0,0,0,0,0,0
8.8485653996645937,8.9485491894913167,8.8985572945779552,0,0,0,0,0,0,0
8.9485491894913167,9.0485329793180398,8.9985410844046783,0,0,0,0,0,0,0
9.0485329793180398,9.1485167691447629,9.0985248742314013,0,0,0,0,0,0,0
9.1485167691447629,9.2485005589714859,9.1985086640581244,0,0,0,0,0,0,0
9.2485005589714859,9.348484348798209,9.2984924538848475,0,0,0,0,0,0,0
9.348484348798209,9.4484681386249179,9.3984762437115634,0,0,0,0,0,0,0
9.4484681386249179,9.5484519284516267,9.4984600335382723,0,0,0,0,0,0,0
9.5484519284516267,9.6484357182783498,9.5984438233649882,0,0,0,0,0,0,0
9.6484357182783498,9.7484195081050729,9.6984276131917113,0,0,0,0,0,0,0
9.7484195081050729,9.8484032979317959,9.7984114030184344,0,0,0,0,0,0,0
9.8484032979317959,9.948387087758519,9.8983951928451575,0,0,0,0,0,0,0
9.948387087758519,10.048370877585242,9.9983789826718805,0,0,0,0,0,0,0
10.048370877585242,10.148354667411951,10.098362772498596,0,0,0,0,0,0,0
10.148354667411951,10.24833845723866,10.198346562325305,0,0,0,0,0,0,0
10.24833845723866,10.348322247065383,10.298330352152021,0,0,0,0,0,0,0
10.348322247065383,10.448306036892106,10.398314141978744,0,0,0,0,0,0,0
10.448306036892106,10.548289826718829,10.498297931805467,0,0,0,0,0,0,0
10.548289826718829,10.648273616545552,10.598281721632191,0,0,0,0,0,0,0
10.648273616545552,10.748257406372261,10.698265511458906,0,0,0,0,0,0,0
10.748257406372261,10.84824119619897,10.798249301285615,0,0,0,0,0,0,0
10.84824119619897,10.948224986025693,10.898233091112331,0,0,0,0,0,0,0
10.948224986025693,11.048208775852416,10.998216880939054,0,0,0,0,0,0,0
11.048208775852416,11.148192565679139,11.098200670765777,0,0,0,0,0,0,0
11.148192565679139,11.248176355505862,11.1981844605925,0,0,0,0,0,0,0
11.248176355505862,11.348160145332585,11.298168250419224,0,0,0,0,0,0,0
11.348160145332585,11.448143935159294,11.39815204024594,0,0,0,0,0,0,0
11.448143935159294,11.548127724986003,11.498135830072648,0,0,0,0,0,0,0
11.548127724986003,11.648111514812726,11.598119619899364,0,0,0,0,0,0,0
11.648111514812726,11.748095304639449,11.698103409726087,0,0,0,0,0,0,0
11.748095304639449,11.848079094466172,11.79808719955281,0,0,0,0,0,0,0
11.848079094466172,11.948062884292895,11.898070989379534,0,0,0,0,0,0,0
11.948062884292895,12.048046674119618,11.998054779206257,0,0,0,0,0,0,0
12.048046674119618,12.148030463946327,12.098038569032973,0,0,0,0,0,0,0
12.148030463946327,12.248014253773036,12.198022358859681,0,0,0,0,0,0,0
12.248014253773036,12.347998043599759,12.298006148686397,0,0,0,0,0,0,0
12.347998043599759,12.447981833426482,12.39798993851312,0,0,0,0,0,0,0
12.447981833426482,12.547965623253205,12.497973728339844,0,0,0,0,0,0,0
12.547965623253205,12.647949413079928,12.597957518166567,0,0,0,0,0,0,0
12.647949413079928,12.747933202906651,12.69794130799329,0,0,0,0,0,0,0
12.747933202906651,12.84791699273336,12.797925097820006,0,0,0,0,0,0,0
12.84791699273336,12.947900782560069,12.897908887646715,0,0,0,0,0,0,0
12.947900782560069,13.047884572386792,12.99789267747343,7.3344945265727429e-22,4.0774620374045869e-22,1.7032481501044157e-21,1.7580685262896864e-21,1.3310599713723587e-22,7.2824589755033919e-23,0
13.047884572386792,13.147868362213515,13.097876467300154,6.710012704295082e-20,1.6958555738494271e-20,1.0638893001116792e-19,1.1041188341338188e-19,4.1484712113393585e-20,4.373255008081869e-20,3.3482559595991957e-20
13.147868362213515,13.247852152040238,13.197860257126877,3.9000841260196728e-18,5.1616390773420149e-19,5.0846036701585881e-18,5.2205097583766038e-18,3.054020005771066e-18,3.2829235038651875e-18,2.858363691926916e-18
13.247852152040238,13.347835941866961,13.2978440469536,1.517907744389449e-16,1.3199378532048771e-17,1.8180310122381482e-16,1.8558072267859477e-16,1.28840013755574e-16,1.3772154869825619e-16,1.250084858384847e-16
13.347835941866961,13.44781973169367,13.397827836780316,4.534341436495771e-15,2.7603473726073642e-16,5.152717789782957e-15,5.2408373422299393e-15,4.0235749541344467e-15,4.2855782147090902e-15,3.9689988816224232e-15
13.44781973169367,13.547803521520379,13.497811626607024,1.1262278828533375e-13,4.7587590606984553e-15,1.2305442102893433e-13,1.2474645943845693e-13,1.0305135143019153e-13,1.0938743171591793e-13,1.0287427781316801e-13
13.547803521520379,13.647787311347102,13.59779541643374,2.374874063473751e-12,6.8188936719158014e-14,2.5193387631100402e-12,2.5464399407888872e-12,2.2225534677545001e-12,2.3481900763834482e-12,2.2378480693318797e-12
13.647787311347102,13.747771101173825,13.697779206260464,4.2593700487754268e-11,8.2338822607017418e-13,4.4245259417133029e-11,4.4611400617519481e-11,4.0517375651691683e-11,4.256559467188514e-11,4.1028872080541996e-11
13.747771101173825,13.847754891000548,13.797762996087187,6.4941259533159863e-10,8.5490637904050471e-12,6.6516124010032455e-10,6.694086516998041e-10,6.2500832146277912e-10,6.5251724702814209e-10,6.3496751636694328e-10
13.847754891000548,13.947738680827271,13.89774678591391,8.4132757394792983e-09,7.797770403250638e-11,8.5407477771965206e-09,8.5840982295298574e-09,8.1652717340220556e-09,8.4700159104130136e-09,8.306245046235044e-09
13.947738680827271,14.047722470653994,13.997730575740633,9.2588598491289651e-08,6.3216358972222405e-10,9.3486702156056781e-08,9.3885663859855073e-08,9.0413393739979153e-08,9.3199878100271239e-08,9.1957354600286011e-08
14.047722470653994,14.147706260480703,14.097714365567349,8.6550284036400822e-07,4.5383691321377808e-09,8.7116237980799121e-07,8.7451569270230711e-07,8.4912374057591875e-07,8.7016031434557365e-07,8.6255207438825037e-07
14.147706260480703,14.247690050307412,14.197698155394058,6.8731681596025503e-06,2.8524168727468849e-08,6.9055811383781896e-06,6.9311437765702014e-06,6.7680026378299326e-06,6.8991553448156247e-06,6.8619579004188009e-06
14.247690050307412,14.347673840134135,14.297681945220774,4.6382761987337747e-05,1.5550708973475544e-07,4.6550343311839257e-05,4.6723345081866836e-05,4.5810662637734102e-05,4.6486239071082804e-05,4.6343219834165716e-05
14.347673840134135,14.447657629960858,14.397665735047497,0.00026610831525749121,7.3199115442492396e-07,0.00026686975272145058,0.00026788498276540874,0.00026348420104883299,0.00026636370205901898,0.00026593893769274497
14.447657629960858,14.547641419787581,14.49764952487422,0.001298653698848065,2.9661479608317158e-06,0.0013015885990895208,0.0013066624173903984,0.0012885348272594606,0.0012987290732379949,0.0012977535772629508
14.547641419787581,14.647625209614304,14.597633314700943,0.005394068914974447,1.029917017654564e-05,0.0054033056147530191,0.0054246609852393645,0.0053613075005031624,0.0053915309040665051,0.0053895395703101832
14.647625209614304,14.747608999441027,14.697617104527666,0.019080709878696929,3.0417945545218644e-05,0.019103280607569492,0.019178498300251052,0.018991679889899443,0.019067866462755035,0.019062224133009637
14.747608999441027,14.847592789267736,14.797600894354382,0.057516947276186683,7.5718684443495054e-05,0.057555422374915809,0.057776235177029032,0.057313980414729231,0.057481106325738267,0.057457992088521058
14.847592789267736,14.947576579094445,14.897584684181091,0.14783701261301502,0.00015740168188072045,0.14786445613352517,0.14840264621826713,0.14744985587786896,0.14777717622646955,0.14769092860894431
14.947576579094445,15.047560368921168,14.997568474007807,0.32419678399544899,0.00027109159320147015,0.3241183526083507,0.32520110112090594,0.32358375649676291,0.32416337075652052,0.32391733899470476
15.047560368921168,15.147544158747891,15.09755226383453,0.60689063028581269,0.0003846671032209454,0.60653688352358992,0.60831590149848291,0.6061003390533769,0.60701339031874457,0.60648663703486905
15.147544158747891,15.247527948574614,15.197536053661253,0.97030912142164838,0.00044800770367787882,0.96952951087936856,0.97186607196742913,0.96951772621962296,0.97073800522352105,0.96989429281829986
15.247527948574614,15.347511738401337,15.297519843487976,1.3255981276131152,0.00042530569198340797,1.3244448697286655,1.3267784343660847,1.3250647987697231,1.32634217059089,1.3253603646102132
15.347511738401337,15.447495528228046,15.397503633314692,1.54810902234452,0.00032730514357875805,1.5469440567841224,1.5484546612987959,1.5480440349903635,1.5489191012934684,1.5481832573558494
15.447495528228046,15.547479318054755,15.497487423141401,1.5461310021151835,0.00025970401752127336,1.5454678306474861,1.5455267036994851,1.5465627152514481,1.546613415988048,1.5464843449894496
15.547479318054755,15.647463107881478,15.597471212968117,1.320975621585657,0.00034780296890610327,1.3211221508240432,1.3197054709431939,1.3217306546810712,1.3208891935710267,1.3214306379089498
15.647463107881478,15.747446897708201,15.69745500279484,0.96577895890576571,0.00044467136092991546,0.96661129371661803,0.96431452662625528,0.966594943237571,0.96522087621011643,0.96615315473826746
15.747446897708201,15.847430687534924,15.797438792621563,0.60437803733365336,0.00043542952418804126,0.60546649436097855,0.60310880483755336,0.60504863191829394,0.60367126789376513,0.60459498765767583
15.847430687534924,15.947414477361647,15.897422582448286,0.32380651620807582,0.00033226309244817711,0.32474134479643496,0.32290962702782405,0.3242512573363322,0.32323701771620961,0.32389333416357835
15.947414477361647,16.04739826718837,15.997406372275009,0.14855692919064376,0.00020212562830831582,0.14916015751992506,0.14802436551102113,0.14879954446749924,0.14822471506422777,0.14857586339054563
16.04739826718837,16.147382057015079,16.097390162101725,0.058371956000108763,9.9479726359060031e-05,0.058678153446214791,0.058103926129467499,0.058480355573920978,0.058228543974234763,0.058368800876705762
16.147382057015079,16.247365846841788,16.197373951928434,0.019646517638832073,4.0001080231650722e-05,0.019771299709538667,0.019532476243473526,0.019685030556669227,0.019602792147157461,0.019640989537321477
16.247365846841788,16.347349636668511,16.29735774175515,0.0056649900711269879,1.3263931571194169e-05,0.0057062061923997013,0.0056242949034869816,0.0056750191071062066,0.0056577734804036349,0.0056616566722384144
16.347349636668511,16.447333426495234,16.397341531581873,0.001399611747376831,3.695385694205545e-06,0.0014106832728172398,0.0013875591978810998,0.0014009909612588383,0.0014006958857144512,0.0013981294192125264
16.447333426495234,16.547317216321957,16.497325321408596,0.00029633150809101982,9.0826856170841615e-07,0.00029874745214680186,0.00029340606988371298,0.00029607360965355479,0.00029764877385841248,0.00029578163491261701
16.547317216321957,16.64730100614868,16.597309111235319,5.3775417066454119e-05,2.1371069753855108e-07,5.4201435637936544e-05,5.3203412738268535e-05,5.3534188144042703e-05,5.4337538634548536e-05,5.360051017747425e-05
16.64730100614868,16.747284795975403,16.697292901062042,8.3657552418352865e-06,4.9444996660899028e-08,8.425866214869745e-06,8.2782564210223119e-06,8.2755468849012406e-06,8.5307955199763665e-06,8.3183111684067684e-06
16.747284795975403,16.847268585802112,16.797276690888758,1.1158847734583402e-06,1.0466871703780804e-08,1.1225653865279612e-06,1.1060754712504424e-06,1.0925660837562359e-06,1.1531580143430585e-06,1.1050589114140027e-06
16.847268585802112,16.947252375628821,16.897260480715467,1.2763865378542057e-07,1.890703760646868e-09,1.2820990381582669e-07,1.2699757440748529e-07,1.2303130229158587e-07,1.3436997722469582e-07,1.2558451118750919e-07
16.947252375628821,17.047236165455544,16.997244270542183,1.2519702864258616e-08,2.8313239224401478e-10,1.2556220690104418e-08,1.253774503616419e-08,1.1798170453096102e-08,1.3508393176072307e-08,1.2197984965856067e-08
17.047236165455544,17.147219955282267,17.097228060368906,1.0528106966562665e-09,3.487578753813613e-11,1.0545762300700898e-09,1.0644811330686689e-09,9.6173167755831026e-10,1.1718739986399102e-09,1.0113904439443531e-09
17.147219955282267,17.24720374510899,17.197211850195629,7.5854662785618255e-11,3.5297379189904196e-12,7.5943672181035752e-11,7.7688283776765534e-11,6.6505533959394071e-11,8.7655812152490459e-11,7.1480011858405474e-11
17.24720374510899,17.347187534935713,17.297195640022352,4.6773488557385734e-12,2.9365206606988872e-13,4.6857561388855302e-12,4.8675222680698965e-12,3.8930941573102417e-12,5.6416885221755311e-12,4.2986831922516698e-12
17.347187534935713,17.447171324762436,17.397179429849075,2.463977821398433e-13,2.0091750545505533e-14,2.4734192238602302e-13,2.6121955893078328e-13,1.9248369765202814e-13,3.1139910443626732e-13,2.1954462729411478e-13
17.447171324762436,17.547155114589145,17.497163219675791,1.1053369916093736e-14,1.1308747946925802e-15,1.1135019839823689e-14,1.1959993929825682e-14,8.0111542994490572e-15,1.4667279887574424e-14,9.493401623795824e-15
17.547155114589145,17.647138904415854,17.5971470095025,4.179732906082699e-16,5.2364423862405395e-17,4.2315534184290367e-16,4.6236308033885641e-16,2.7696716442847605e-16,5.8364981960304841e-16,3.4373104682806517e-16
17.647138904415854,17.747122694242577,17.697130799329216,1.2868853863224361e-17,1.997892053703577e-18,1.3105326353427896e-17,1.4645011008401065e-17,7.4830605020089883e-18,1.9133913247747558e-17,9.9769582045363045e-18
17.747122694242577,17.8471064840693,17.797114589155939,2.9598607471422389e-19,6.2690757110655387e-20,3.0587870185631933e-19,3.5509707671148861e-19,1.2681310823524841e-19,4.8990086063077723e-19,2.0224062613728575e-19
17.8471064840693,17.947090273896023,17.897098378982662,4.035110320546738e-21,1.3096408906179783e-21,4.4310548986159516e-21,5.3234410174973253e-21,5.3510795235519633e-22,7.9915938941431978e-21,1.8943538401220199e-21
17.947090273896023,18.047074063722746,17.997082168809385,0,0,0,0,0,0,0
18.047074063722746,18.147057853549455,18.097065958636101,0,0,0,0,0,0,0
18.147057853549455,18.247041643376164,18.19704974846281,0,0,0,0,0,0,0
18.247041643376164,18.347025433202887,18.297033538289526,0,0,0,0,0,0,0
18.347025433202887,18.44700922302961,18.397017328116249,0,0,0,0,0,0,0
18.44700922302961,18.546993012856333,18.497001117942972,0,0,0,0,0,0,0
18.546993012856333,18.646976802683056,18.596984907769695,0,0,0,0,0,0,0
18.646976802683056,18.74696059250978,18.696968697596418,0,0,0,0,0,0,0
18.74696059250978,18.846944382336488,18.796952487423134,0,0,0,0,0,0,0
18.846944382336488,18.946928172163197,18.896936277249843,0,0,0,0,0,0,0
18.946928172163197,19.04691196198992,18.996920067076559,0,0,0,0,0,0,0
19.04691196198992,19.146895751816643,19.096903856903282,0,0,0,0,0,0,0
19.146895751816643,19.246879541643366,19.196887646730005,0,0,0,0,0,0,0
19.246879541643366,19.34686333147009,19.296871436556728,0,0,0,0,0,0,0
19.34686333147009,19.446847121296813,19.396855226383451,0,0,0,0,0,0,0
19.446847121296813,19.546830911123521,19.496839016210167,0,0,0,0,0,0,0
19.546830911123521,19.64681470095023,19.596822806036876,0,0,0,0,0,0,0
19.64681470095023,19.746798490776953,19.696806595863592,0,0,0,0,0,0,0
19.746798490776953,19.846782280603676,19.796790385690315,0,0,0,0,0,0,0
19.846782280603676,19.9467660704304,19.896774175517038,0,0,0,0,0,0,0
19.9467660704304,20.046749860257123,19.996757965343761,0,0,0,0,0,0,0
20.046749860257123,20.146733650083831,20.096741755170477,0,0,0,0,0,0,0
20.146733650083831,20.24671743991054,20.196725544997186,0,0,0,0,0,0,0
20.24671743991054,20.346701229737263,20.296709334823902,0,0,0,0,0,0,0
20.346701229737263,20.446685019563986,20.396693124650625,0,0,0,0,0,0,0
20.446685019563986,20.546668809390709,20.496676914477348,0,0,0,0,0,0,0
20.546668809390709,20.646652599217433,20.596660704304071,0,0,0,0,0,0,0
20.646652599217433,20.746636389044156,20.696644494130794,0,0,0,0,0,0,0
20.746636389044156,20.846620178870864,20.79662828395751,0,0,0,0,0,0,0
20.846620178870864,20.946603968697573,20.896612073784219,0,0,0,0,0,0,0
20.946603968697573,21.046587758524296,20.996595863610935,0,0,0,0,0,0,0
21.046587758524296,21.146571548351019,21.096579653437658,0,0,0,0,0,0,0
21.146571548351019,21.246555338177743,21.196563443264381,0,0,0,0,0,0,0
21.246555338177743,21.346539128004466,21.296547233091104,0,0,0,0,0,0,0
21.346539128004466,21.446522917831189,21.396531022917827,0,0,0,0,0,0,0
21.446522917831189,21.546506707657898,21.496514812744543,0,0,0,0,0,0,0
21.546506707657898,21.646490497484606,21.596498602571252,0,0,0,0,0,0,0
21.646490497484606,21.746474287311329,21.696482392397968,0,0,0,0,0,0,0
21.746474287311329,21.846458077138053,21.796466182224691,0,0,0,0,0,0,0
21.846458077138053,21.946441866964776,21.896449972051414,0,0,0,0,0,0,0
21.946441866964776,22.046425656791499,21.996433761878137,0,0,0,0,0,0,0
22.046425656791499,22.146409446618222,22.09641755170486,0,0,0,0,0,0,0
22.146409446618222,22.246393236444931,22.196401341531576,0,0,0,0,0,0,0
22.246393236444931,22.346377026271639,22.296385131358285,0,0,0,0,0,0,0
22.346377026271639,22.446360816098363,22.396368921185001,0,0,0,0,0,0,0
22.446360816098363,22.546344605925086,22.496352711011724,0,0,0,0,0,0,0
22.546344605925086,22.646328395751809,22.596336500838447,0,0,0,0,0,0,0
22.646328395751809,22.746312185578532,22.69632029066517,0,0,0,0,0,0,0
22.746312185578532,22.846295975405241,22.796304080491886,0,0,0,0,0,0,0
22.846295975405241,22.946279765231949,22.896287870318595,0,0,0,0,0,0,0
22.946279765231949,23.046263555058673,22.996271660145311,0,0,0,0,0,0,0
23.046263555058673,23.146247344885396,23.096255449972034,0,0,0,0,0,0,0
23.146247344885396,23.246231134712119,23.196239239798757,0,0,0,0,0,0,0
23.246231134712119,23.346214924538842,23.29622302962548,2.9197028410312805e-25,2.91970284103128e-25,0,0,1.4598514205156402e-24,0,0
23.346214924538842,23.446198714365565,23.396206819452203,3.5786894516115504e-20,2.4687499254172972e-21,4.1644302530269346e-20,4.0302623008008217e-20,2.9485968212217886e-20,3.6849206040980882e-20,3.0652372789101176e-20
23.446198714365565,23.546182504192274,23.496190609278919,3.0006706721755951e-18,1.2886598534960454e-19,3.2418486873183201e-18,3.2622150154569948e-18,2.6545007466098506e-18,3.1140564181028859e-18,2.730732493389923e-18
23.546182504192274,23.646166294018983,23.596174399105628,1.2879430102312768e-16,4.2945499280258964e-18,1.3585434563204488e-16,1.3762922158035116e-16,1.1719694172255336e-16,1.3361793237541669e-16,1.1967306380527227e-16
23.646166294018983,23.746150083845706,23.696158188932344,4.0446824051498012e-15,1.1617083356919591e-16,4.2191673783549008e-15,4.284394850449355e-15,3.7310366488072721e-15,4.1926201082735202e-15,3.7961930398639571e-15
23.746150083845706,23.846133873672429,23.796141978759067,1.0397513866475248e-13,2.6091950093236026e-15,1.0746640404140146e-13,1.0937564915234535e-13,9.6944713157264664e-14,1.077158834570678e-13,9.8373043515683173e-14
23.846133873672429,23.946117663499152,23.89612576858579,2.2424189477532755e-12,4.8672415525253204e-14,2.2984145290076217e-12,2.3427755537090089e-12,2.1122198906443498e-12,2.3212100582017405e-12,2.1374747072036567e-12
23.946117663499152,24.046101453325875,23.996109558412513,4.0734929312644538e-11,7.5589976949949097e-13,4.1446066469178298e-11,4.2271849327227998e-11,3.8742050359416711e-11,4.211659922061782e-11,3.9098081186781851e-11
24.046101453325875,24.146085243152598,24.096093348239236,6.2433580252467325e-10,9.7987868013733317e-12,6.3131050372461068e-10,6.4370032480506203e-10,5.9912390862736216e-10,6.4451362087342888e-10,6.030306545929026e-10
24.146085243152598,24.246069032979307,24.196077138065952,8.0863034889826238e-09,1.0631634579586489e-10,8.1361554004034746e-09,8.2864652827600158e-09,7.822761700938774e-09,8.3317802995958669e-09,7.854354761214991e-09
24.246069032979307,24.346052822806016,24.296060927892661,8.8635386754426117e-08,9.6821746832935437e-10,8.8848856632639258e-08,9.0325068599668666e-08,8.6360576896109889e-08,9.1123875416370823e-08,8.6518556227341948e-08
24.346052822806016,24.446036612632739,24.396044717719377,8.2337508926960771e-07,7.4213580335677601e-09,8.2321006883572178e-07,8.3493812777404144e-07,8.0717582032670827e-07,8.4440174072846716e-07,8.0714968868309968e-07
24.446036612632739,24.546020402459462,24.4960285075461,6.4907357359386083e-06,4.7995133080415568e-08,6.4789365873349378e-06,6.5540741343913835e-06,6.3956711847734682e-06,6.6388613331953939e-06,6.3861354399978557e-06
24.546020402459462,24.646004192286185,24.596012297372823,4.3474330019469134e-05,2.6238439526637731e-07,4.335985738446049e-05,4.3745404359083369e-05,4.3015062574341339e-05,4.4344549624350441e-05,4.2906776155110037e-05
24.646004192286185,24.745987982112908,24.695996087199546,0.00024769552930819079,1.2138792405214708e-06,0.00024699038215801871,0.00024855346139454414,0.0002458695768838513,0.00025196015398445861,0.00024510407212008107
24.745987982112908,24.845971771939617,24.795979877026262,0.001201770462147132,4.7528861979882694e-06,0.0011985831458371961,0.0012034491362969092,0.0011957861631623531,0.0012192088590672672,0.0011918250063719337
24.845971771939617,24.945955561766326,24.895963666852971,0.0049703313096431823,1.5736762854446072e-05,0.0049592946922124891,0.0049701263634758667,0.0049540635723222641,0.0050298464511371174,0.0049383254690681718
24.945955561766326,25.045939351593049,24.995947456679687,0.017539827671892477,4.3987282263965189e-05,0.017510150949032754,0.017523220939903036,0.017502602854613081,0.017709387570373596,0.017453776045539913
25.045939351593049,25.145923141419772,25.09593124650641,0.052860791947468663,0.00010354838203873273,0.052798879289055127,0.052785430014134327,0.052787144491104158,0.053263964868474012,0.052668541074575664
25.145923141419772,25.245906931246495,25.195915036333133,0.1361703023342104,0.00020454635386896769,0.13607126382966483,0.13595477555919411,0.136040027354877,0.13696918183051873,0.13581626309679729
25.245906931246495,25.345890721073218,25.295898826159856,0.30007294395466183,0.00033683292024312418,0.29995396305461058,0.29961878478630244,0.29986361719831656,0.30138579726199777,0.29954255747208203
25.345890721073218,25.445874510899941,25.395882615986579,0.56612043207177076,0.00045583974457732383,0.56601423065356948,0.56538584982092666,0.56582521933050389,0.56788686950056655,0.56548999105328746
25.445874510899941,25.54585830072665,25.495866405813295,0.91508119886727768,0.0004897548719051566,0.91500076434500988,0.91416980050192453,0.91475224518690457,0.91696217211494513,0.91452101218760362
25.54585830072665,25.645842090553359,25.595850195640004,1.2682420058836259,0.00037887818520010544,1.2681540550909038,1.2674169275700271,1.2680246826477108,1.2696721694596322,1.267942194649855
25.645842090553359,25.745825880380082,25.69583398546672,1.5081766793652032,0.00014193455824280959,1.5080352992940265,1.5077451972709401,1.5082563388607564,1.5086087169186324,1.50823784448166
25.745825880380082,25.845809670206805,25.795817775293443,1.539994623882958,0.00022343731857642272,1.539814825944114,1.5401271883216003,1.5404437342240327,1.5392165669818902,1.5403708039431525
25.845809670206805,25.945793460033528,25.895801565120166,1.3511552075946165,0.00044985053644230037,1.3510325653360091,1.351780984585907,1.3518197167435566,1.3494494668487766,1.3516933044588335
25.945793460033528,26.045777249860251,25.995785354946889,1.0193041270063368,0.00051995158751140687,1.0193374205470824,1.0201661136620179,1.0198834979982168,1.017294029868884,1.0198395729554828
26.045777249860251,26.145761039686974,26.095769144773612,0.66160244889188602,0.00044187333970024858,0.66180048500543254,0.66241822072694578,0.66187157584656209,0.65988744786441955,0.66203451501607002
26.145761039686974,26.245744829513683,26.195752934600328,0.36970284810906462,0.00030079802490793744,0.36997856086347186,0.37030183047403975,0.36965432917074986,0.36857172310763442,0.37000779692942737
26.245744829513683,26.345728619340392,26.295736724427037,0.17795865399472194,0.00017576159266405078,0.17820561643341296,0.17831380761176105,0.17774617557370606,0.17737034922545189,0.17815732112927773
26.345728619340392,26.445712409167115,26.395720514253753,0.073827614742622602,9.3902649879234651e-05,0.07399025954705829,0.074000355874040399,0.073612362785345276,0.073585185708657699,0.073949909798011373
26.445712409167115,26.545696198993838,26.495704304080476,0.026408353232440278,4.6293348744287746e-05,0.0264904847685353,0.02647749537351933,0.026266311157699174,0.026329183103293144,0.026478291759154459
26.545696198993838,26.645679988820561,26.595688093907199,0.0081476482350842216,2.0142474756112039e-05,0.0081798107138657452,0.0081701969085476358,0.0080778685552239451,0.0081269975376001783,0.0081833674601836052
26.645679988820561,26.745663778647284,26.695671883733922,0.0021686075377371104,7.4339708629382701e-06,0.0021782844277942284,0.0021743925707932632,0.0021419413732823556,0.0021641022896000252,0.0021843170272156784
26.745663778647284,26.845647568474007,26.795655673560645,0.00049797165445493886,2.2956889150647684e-06,0.00050012083885473801,0.0004990188428037176,0.0004899091064728857,0.00049702512343871564,0.00050378436070463745
26.845647568474007,26.945631358300716,26.895639463387361,9.8634767783558673e-05,5.9562324123094437e-07,9.8941977472133291e-05,9.8706024294423881e-05,9.6698720735973807e-05,9.8404950650878359e-05,0.00010042216576438411
26.945631358300716,27.045615148127425,26.99562325321407,1.6845074251043328e-05,1.3147353706641921e-07,1.6852917108799609e-05,1.68116998994189e-05,1.6478361376917998e-05,1.6783200013504411e-05,1.7299192856575719e-05
27.045615148127425,27.145598937954148,27.095607043040786,2.4786595830301791e-06,2.5009944314549876e-08,2.4688691966982883e-06,2.4621706182421924e-06,2.42506722275183e-06,2.4634577816926293e-06,2.5737330957659557e-06
27.145598937954148,27.245582727780871,27.195590832867509,3.1390217448175171e-07,4.1218590146326168e-09,3.1066865987582256e-07,3.0950835626414917e-07,3.0820311727454487e-07,3.1085049454122525e-07,3.3028024445301641e-07
27.245582727780871,27.345566517607594,27.295574622694232,3.4164413183974421e-08,5.852839276856873e-10,3.3530638926410782e-08,3.3321853768840069e-08,3.3807147850123655e-08,3.3679269720259435e-08,3.6483155654238193e-08
27.345566517607594,27.445550307434317,27.395558412520955,3.1897676453496199e-09,7.074067712291899e-11,3.0990719255770221e-09,3.0650849175172723e-09,3.1965646281644959e-09,3.1289613470490277e-09,3.4591554084402814e-09
27.445550307434317,27.545534097261026,27.495542202347671,2.5491763441079237e-10,7.1904160735331383e-12,2.4485466411890808e-10,2.402855313331004e-10,2.5999323320047901e-10,2.48908770938192e-10,2.8054597246328236e-10
27.545534097261026,27.645517887087735,27.59552599217438,1.7394898605015617e-11,6.0942148464472075e-13,1.6506827521586228e-11,1.601469680883368e-11,1.8139429543132078e-11,1.6928143798405194e-11,1.9385395353120901e-11
27.645517887087735,27.745501676914458,27.695509782001096,1.0107986247070485e-12,4.287008294878394e-14,9.4764882307415131e-13,9.053387899238095e-13,1.0819470627993368e-12,9.8260145511932802e-13,1.1364569926186171e-12
27.745501676914458,27.845485466741181,27.795493571827819,4.9872310412344468e-14,2.4991234549060546e-15,4.6227910364376575e-14,4.3311934292940417e-14,5.4961279340570132e-14,4.8582563598662299e-14,5.6277864465172887e-14
27.845485466741181,27.945469256567904,27.895477361654542,2.079662556959065e-15,1.2079639841772246e-16,1.9083542840328738e-15,1.7460918354150041e-15,2.3650209431428532e-15,2.0382683218505137e-15,2.3405774003540798e-15
27.945469256567904,28.045453046394627,27.995461151481265,7.2219766637828647e-17,4.8549884757914283e-18,6.5603030594340334e-17,5.8354475754726632e-17,8.5061227981316982e-17,7.149590351358995e-17,8.058419534516931e-17
28.045453046394627,28.14543683622135,28.095444941307989,1.9789775191562069e-18,1.6639612198270389e-19,1.7674534445226581e-18,1.4957751531528252e-18,2.4639753113684206e-18,1.9881587306446845e-18,2.1795249560924453e-18
28.14543683622135,28.245420626048059,28.195428731134704,3.5744815812107868e-20,4.4686387236836721e-21,3.1373047828166987e-20,2.2787586818925171e-20,5.0117177322213338e-20,3.8070742048802268e-20,3.6375525042431591e-20
28.245420626048059,28.345404415874768,28.295412520961413,2.1901772189549042e-22,7.1050127574758819e-23,2.2382991438787997e-22,1.179104579784708e-22,3.9319633589108937e-22,3.4940619581045827e-22,1.074570540955375e-23
28.345404415874768,28.445388205701491,28.395396310788129,0,0,0,0,0,0,0
28.445388205701491,28.545371995528214,28.495380100614852,0,0,0,0,0,0,0
28.545371995528214,28.645355785354937,28.595363890441575,0,0,0,0,0,0,0
28.645355785354937,28.74533957518166,28.695347680268299,0,0,0,0,0,0,0
28.74533957518166,28.845323365008383,28.795331470095022,0,0,0,0,0,0,0
28.845323365008383,28.945307154835092,28.895315259921738,0,0,0,0,0,0,0
28.945307154835092,29.045290944661801,28.995299049748446,0,0,0,0,0,0,0
29.045290944661801,29.145274734488524,29.095282839575162,0,0,0,0,0,0,0
29.145274734488524,29.245258524315247,29.195266629401885,0,0,0,0,0,0,0
29.245258524315247,29.34524231414197,29.295250419228609,0,0,0,0,0,0,0
29.34524231414197,29.445226103968693,29.395234209055332,0,0,0,0,0,0,0
29.445226103968693,29.545209893795402,29.495217998882048,0,0,0,0,0,0,0
29.545209893795402,29.645193683622111,29.595201788708756,0,0,0,0,0,0,0
29.645193683622111,29.745177473448834,29.695185578535472,0,0,0,0,0,0,0
29.745177473448834,29.845161263275557,29.795169368362195,0,0,0,0,0,0,0
29.845161263275557,29.94514505310228,29.895153158188918,0,0,0,0,0,0,0
29.94514505310228,30.045128842929003,29.995136948015642,0,0,0,0,0,0,0
30.045128842929003,30.145112632755726,30.095120737842365,0,0,0,0,0,0,0
30.145112632755726,30.245096422582435,30.195104527669081,0,0,0,0,0,0,0
30.245096422582435,30.345080212409144,30.295088317495789,0,0,0,0,0,0,0
30.345080212409144,30.445064002235867,30.395072107322505,0,0,0,0,0,0,0
30.445064002235867,30.54504779206259,30.495055897149228,0,0,0,0,0,0,0
30.54504779206259,30.645031581889313,30.595039686975952,0,0,0,0,0,0,0
30.645031581889313,30.745015371716036,30.695023476802675,0,0,0,0,0,0,0
30.745015371716036,30.844999161542759,30.795007266629398,0,0,0,0,0,0,0
30.844999161542759,30.944982951369468,30.894991056456114,0,0,0,0,0,0,0
30.944982951369468,31.044966741196177,30.994974846282823,0,0,0,0,0,0,0
31.044966741196177,31.1449505310229,31.094958636109538,0,0,0,0,0,0,0
31.1449505310229,31.244934320849623,31.194942425936262,0,0,0,0,0,0,0
31.244934320849623,31.344918110676346,31.294926215762985,0,0,0,0,0,0,0
31.344918110676346,31.444901900503069,31.394910005589708,0,0,0,0,0,0,0
31.444901900503069,31.544885690329792,31.494893795416431,0,0,0,0,0,0,0
31.544885690329792,31.644869480156501,31.594877585243147,0,0,0,0,0,0,0
31.644869480156501,31.74485326998321,31.694861375069856,0,0,0,0,0,0,0
31.74485326998321,31.844837059809933,31.794845164896572,0,0,0,0,0,0,0
31.844837059809933,31.944820849636656,31.894828954723295,0,0,0,0,0,0,0
31.944820849636656,32.044804639463379,31.994812744550018,0,0,0,0,0,0,0
32.044804639463379,32.144788429290102,32.094796534376741,0,0,0,0,0,0,0
32.144788429290102,32.244772219116811,32.194780324203457,0,0,0,0,0,0,0
32.244772219116811,32.34475600894352,32.294764114030166,0,0,0,0,0,0,0
32.34475600894352,32.444739798770243,32.394747903856882,0,0,0,0,0,0,0
32.444739798770243,32.544723588596966,32.494731693683605,0,0,0,0,0,0,0
32.544723588596966,32.644707378423689,32.594715483510328,0,0,0,0,0,0,0
32.644707378423689,32.744691168250412,32.694699273337051,0,0,0,0,0,0,0
32.744691168250412,32.844674958077135,32.794683063163774,0,0,0,0,0,0,0
32.844674958077135,32.944658747903844,32.89466685299049,0,0,0,0,0,0,0
32.944658747903844,33.044642537730553,32.994650642817199,0,0,0,0,0,0,0
33.044642537730553,33.144626327557276,33.094634432643915,0,0,0,0,0,0,0
33.144626327557276,33.244610117383999,33.194618222470638,0,0,0,0,0,0,0
33.244610117383999,33.344593907210722,33.294602012297361,0,0,0,0,0,0,0
33.344593907210722,33.444577697037445,33.394585802124084,0,0,0,0,0,0,0
33.444577697037445,33.544561486864168,33.494569591950807,0,0,0,0,0,0,0
33.544561486864168,33.644545276690877,33.594553381777523,1.4167076962389788e-22,9.1857809141786837e-23,0,4.4964312164525703e-22,0,2.5871072647423235e-22,0
33.644545276690877,33.744529066517586,33.694537171604232,3.571506163187837e-20,3.8957836172040423e-21,2.6314445150758404e-20,3.5433770141398124e-20,3.9197908582369889e-20,4.8399671251692187e-20,2.9229513033173241e-20
33.744529066517586,33.844512856344309,33.794520961430948,2.5194873574317439e-18,1.722601762285462e-19,2.1715972115540286e-18,2.2585458378740766e-18,2.8018868521324752e-18,3.0510272679892249e-18,2.3143796176089129e-18
33.844512856344309,33.944496646171032,33.894504751257671,1.0211217664581779e-16,5.5929269680014802e-18,9.2275116947388265e-17,9.0821978535149496e-17,1.1265607177487887e-16,1.1822519841108213e-16,9.6582517560590211e-17
33.944496646171032,34.044480435997755,33.994488541084394,3.1137508536711721e-15,1.5101804469834466e-16,2.8829158551929762e-15,2.7544759674753281e-15,3.4226392760746499e-15,3.5178107670039443e-15,2.9909124026089645e-15
34.044480435997755,34.144464225824478,34.094472330911117,7.8327472516824311e-14,3.3867578980903565e-15,7.3826390746317503e-14,6.9393343001004383e-14,8.5616464661622549e-14,8.6753467409568589e-14,7.6047696765608504e-14
34.144464225824478,34.244448015651187,34.194456120737833,1.6585785560694373e-12,6.2804917977535431e-14,1.586071819802061e-12,1.4812530858461262e-12,1.7986095205735236e-12,1.8044483417791104e-12,1.6225100123463645e-12
34.244448015651187,34.344431805477896,34.294439910564542,2.9663129529955723e-11,9.6223596511175295e-13,2.8702470177974038e-11,2.6817555173023338e-11,3.1867460687358942e-11,3.1759395342019378e-11,2.9168766269402922e-11
34.344431805477896,34.444415595304619,34.394423700391258,4.4874415069574443e-10,1.2190478108553376e-11,4.3836022395570158e-10,4.1150904734205271e-10,4.7733087578953099e-10,4.7374515233296308e-10,4.4277545405847383e-10
34.444415595304619,34.544399385131342,34.494407490217981,5.7504547577811577e-09,1.2798891589662852e-10,5.6602454488257927e-09,5.3504967513938625e-09,6.0573702045760498e-09,5.9978552252880904e-09,5.6863061588219933e-09
34.544399385131342,34.644383174958065,34.594391280044704,6.2511200649823541e-08,1.1173083025396385e-09,6.1900247780111654e-08,5.8963950447754806e-08,6.5251597860236115e-08,6.4542307394655082e-08,6.1897899766360041e-08
34.644383174958065,34.744366964784788,34.694375069871427,5.7729941689739982e-07,8.1453751989927206e-09,5.7431012907836098e-07,5.5117584798142072e-07,5.9773211391408707e-07,5.9113682149384614e-07,5.7214217201928353e-07
34.744366964784788,34.844350754611511,34.79435885969815,4.5359341920025974e-06,4.9853221340798105e-08,4.5281879678302754e-06,4.3752608981426299e-06,4.6635724828395346e-06,4.6142379935577617e-06,4.4984116176427846e-06
34.844350754611511,34.94433454443822,34.894342649524866,3.0365706988526385e-05,2.5768743168163031e-07,3.0390328027724099e-05,2.9535423804542198e-05,3.1034956141694263e-05,3.0734646926605006e-05,3.0133180042066357e-05
34.94433454443822,35.044318334264929,34.994326439351575,0.00017344789823621145,1.1313270159819044e-06,0.00017388790435518268,0.00016982158151125499,0.00017639215498692473,0.0001749023971580852,0.0001722354531696098
35.044318334264929,35.144302124091652,35.094310229178291,0.00084650146881903236,4.2365799629464053e-06,0.00084956407035008559,0.00083304424767514625,0.00085732958339576908,0.0008513420844032698,0.0008412273582708912
35.144302124091652,35.244285913918375,35.194294019005014,0.0035346642462587181,1.3555666246358848e-05,0.0035494735630049391,0.0034920770656019571,0.0035676815547057475,0.0035484498490750333,0.0035156391989059131
35.244285913918375,35.344269703745098,35.294277808831737,0.012644579380593698,3.7032075720841388e-05,0.012699863873268546,0.012529534819065479,0.012726813771633363,0.01267873397936848,0.012587950459632619
35.344269703745098,35.444253493571821,35.39426159865846,0.038802325408952662,8.6215302781707801e-05,0.0389678312297232,0.038537676071369459,0.038965255551290705,0.038876849956538735,0.038664014235841197
35.444253493571821,35.544237283398544,35.494245388485183,0.10227282220271024,0.00017083006985524525,0.10267637461039271,0.10175758214180604,0.10251657310045174,0.10241559256655412,0.10199798859434661
35.544237283398544,35.644221073225253,35.594229178311899,0.23182383258027134,0.00028765515500114825,0.23262737118137758,0.23098376974254664,0.23206391914250121,0.23205758795915168,0.23138651487577952
35.644221073225253,35.744204863051962,35.694212968138608,0.45247570153421518,0.00040823172510511549,0.4537690283684393,0.4513484816881182,0.45253866005240373,0.45278516445791195,0.45193717310420295
35.744204863051962,35.844188652878685,35.794196757965324,0.76140606565150215,0.00047335155865194079,0.7630370081029908,0.76020288526854995,0.76114862386327997,0.76170355213311858,0.76093825888957145
35.844188652878685,35.944172442705408,35.894180547792047,1.1060332402518926,0.00041028141295760428,1.1075112779834289,1.105099760761741,1.1055263091606806,1.1061771384304364,1.1058517149231761
35.944172442705408,36.044156232532131,35.99416433761877,1.3886748570092859,0.00020063124928113195,1.3893324060477239,1.3883398078361637,1.3882298871860588,1.3885703637641467,1.3889018202123367
36.044156232532131,36.144140022358854,36.094148127445493,1.5089173455545839,0.00021464227398351602,1.5083302007967505,1.5093187656952318,1.5088340265487468,1.5086203498534907,1.5094833848786999
36.144140022358854,36.244123812185578,36.194131917272216,1.4207414703615922,0.00046755279327111057,1.4190904295402416,1.4217497622843924,1.42101334965571,1.4204335323776485,1.4214202779499681
36.244123812185578,36.344107602012286,36.294115707098932,1.1606442438501545,0.00055267190942620906,1.1586411585327188,1.1619306879162605,1.1609762143436635,1.1604777997280424,1.1611953587300878
36.344107602012286,36.444091391838995,36.394099496925641,0.82368554457065069,0.00045328100418550783,0.82208496876818327,0.82488656870819577,0.82380478243895006,0.8236652865145887,0.82398611642333541
36.444091391838995,36.544075181665718,36.494083286752357,0.50843621531397332,0.00027504450876470284,0.50758138943943132,0.50931004203240349,0.50832259860399598,0.50845798515234142,0.50850906134169449
36.544075181665718,36.644058971492441,36.59406707657908,0.27330462621818519,0.00012831549646874707,0.27307599140743632,0.27379480125049227,0.2731223192475089,0.27327874109151878,0.27325127809396976
36.644058971492441,36.744042761319164,36.694050866405803,0.12808682682954006,5.8954694158123884e-05,0.12816979977883064,0.12827919281928679,0.12797969738444423,0.12800272010803806,0.1280027240571007
36.744042761319164,36.844026551145888,36.794034656232526,0.0523979808315332,4.2962937070743151e-05,0.052543904185521441,0.052426648842498806,0.052391409311778804,0.052296050528347626,0.05233189128951931
36.844026551145888,36.944010340972596,36.894018446059242,0.018732209733918932,3.3123686018181756e-05,0.018836733647839485,0.018704055329214254,0.018776786504175792,0.018650235864922891,0.01869323732344225
36.944010340972596,37.043994130799305,36.994002235885951,0.0058595419317030769,2.0969939609741963e-05,0.0059128854037034983,0.0058290662261583403,0.0059059513708009511,0.0058096230954663508,0.005840183562386244
37.043994130799305,37.143977920626028,37.093986025712667,0.001605889439005417,1.0718893805660408e-05,0.0016277295877691307,0.0015879978613008467,0.0016348132548618733,0.0015815821273583751,0.0015973243637368588
37.143977920626028,37.243961710452751,37.19396981553939,0.00038615757337339416,4.4555900869581603e-06,0.00039372760655182029,0.0003785100011360082,0.00039938627895095094,0.00037643718047328489,0.00038272679975490646
37.243961710452751,37.343945500279474,37.293953605366113,8.1589247464922653e-05,1.5187724587908925e-06,8.3875473635616695e-05,7.9031766044243158e-05,8.6321887029152959e-05,7.835456276142988e-05,8.0362547854170545e-05
37.343945500279474,37.443929290106198,37.393937395192836,1.5164885947638549e-05,4.2766312596381726e-07,1.5773086787061837e-05,1.4476438290977876e-05,1.6527563760670579e-05,1.4264015777600586e-05,1.4783325121881856e-05
37.443929290106198,37.543913079932921,37.493921185019559,2.4809194720204437e-06,1.000525114381949e-07,2.6229494224290284e-06,2.3296101607474893e-06,2.801432650021419e-06,2.2706164378175436e-06,2.3799886890867392e-06
37.543913079932921,37.643896869759629,37.593904974846275,3.5699364882031543e-07,1.952598746276864e-08,3.8576299600586565e-07,3.296169252575684e-07,4.1909407687585175e-07,3.1586691970469221e-07,3.3462732625759904e-07
37.643896869759629,37.743880659586338,37.693888764672984,4.5077679961833297e-08,3.186164980606105e-09,5.0061164824534402e-08,4.0978182637181848e-08,5.5037209011416961e-08,3.8350394744016578e-08,4.0961448592016681e-08
37.743880659586338,37.843864449413061,37.7938725544997,4.9737471491004858e-09,4.3505401445184215e-10,5.7028057137127718e-09,4.4638378549097619e-09,6.2995232684601024e-09,4.0549518156476922e-09,4.3476170927720981e-09
37.843864449413061,37.943848239239784,37.893856344326423,4.767356509475779e-10,4.9685924575700682e-11,5.6596463596021147e-10,4.2392095750514103e-10,6.2342778653102285e-10,3.7214299845408535e-10,3.9822187628742869e-10
37.943848239239784,38.043832029066508,37.993840134153146,3.9420456357911528e-11,4.7393964403484713e-12,4.8496336815426284e-11,3.4857768404876011e-11,5.2918961127445776e-11,2.9512500581649669e-11,3.1316714860159888e-11
38.043832029066508,38.143815818893231,38.093823923979869,2.7914300045369168e-12,3.7682684626995072e-13,3.5552309973893265e-12,2.4623711357940644e-12,3.8243843324656544e-12,2.0115564356897103e-12,2.1036071213458284e-12
38.143815818893231,38.243799608719954,38.193807713806592,1.6807267801272484e-13,2.4917892875006785e-14,2.2110106354379977e-13,1.4825658455427154e-13,2.3377552503091823e-13,1.1713625795998918e-13,1.2009395897464555e-13
38.243799608719954,38.343783398546663,38.293791503633308,8.547270267021384e-15,1.3672509461859758e-15,1.1578492113459306e-14,7.5512255890074791e-15,1.2018288409547048e-14,5.7901871942480381e-15,5.7981580288450413e-15
38.343783398546663,38.443767188373371,38.393775293460017,3.6452099100939636e-16,6.2128858699894989e-17,5.070083582775252e-16,3.2270806881978379e-16,5.1671066617252543e-16,2.4101318249742256e-16,2.3516467927972469e-16
38.443767188373371,38.543750978200094,38.493759083286733,1.2885637438270577e-17,2.3329788326666099e-18,1.8380830041722531e-17,1.1431111825179759e-17,1.8419368620470052e-17,8.306148709250228e-18,7.8907279947303176e-18
38.543750978200094,38.643734768026818,38.593742873113456,3.6472636571821776e-19,7.1639539343982099e-20,5.4036515642484136e-19,3.2579934768814286e-19,5.2539940348572755e-19,2.271129182065614e-19,2.0495500278581585e-19
38.643734768026818,38.743718557853541,38.693726662940179,6.6104223990611381e-21,1.4681618642333913e-21,1.0530770404760879e-20,6.0093514839634119e-21,9.4434462957626401e-21,3.99695016432442e-21,3.0715936464943374e-21
38.743718557853541,38.843702347680264,38.793710452766902,0,0,0,0,0,0,0
38.843702347680264,38.943686137506972,38.893694242593618,0,0,0,0,0,0,0
38.943686137506972,39.043669927333681,38.993678032420327,0,0,0,0,0,0,0
39.043669927333681,39.143653717160404,39.093661822247043,0,0,0,0,0,0,0
39.143653717160404,39.243637506987127,39.193645612073766,0,0,0,0,0,0,0
39.243637506987127,39.343621296813851,39.293629401900489,0,0,0,0,0,0,0
39.343621296813851,39.443605086640574,39.393613191727212,0,0,0,0,0,0,0
39.443605086640574,39.543588876467297,39.493596981553935,0,0,0,0,0,0,0
39.543588876467297,39.643572666294006,39.593580771380651,0,0,0,0,0,0,0
39.643572666294006,39.743556456120714,39.69356456120736,0,0,0,0,0,0,0
39.743556456120714,39.843540245947437,39.793548351034076,0,0,0,0,0,0,0
39.843540245947437,39.943524035774161,39.893532140860799,0,0,0,0,0,0,0
39.943524035774161,40.043507825600884,39.993515930687522,0,0,0,0,0,0,0
40.043507825600884,40.143491615427607,40.093499720514245,0,0,0,0,0,0,0
40.143491615427607,40.24347540525433,40.193483510340968,0,0,0,0,0,0,0
40.24347540525433,40.343459195081039,40.293467300167684,0,0,0,0,0,0,0
40.343459195081039,40.443442984907747,40.393451089994393,0,0,0,0,0,0,0
40.443442984907747,40.543426774734471,40.493434879821109,0,0,0,0,0,0,0
40.543426774734471,40.643410564561194,40.593418669647832,0,0,0,0,0,0,0
40.643410564561194,40.743394354387917,40.693402459474555,0,0,0,0,0,0,0
40.743394354387917,40.84337814421464,40.793386249301278,0,0,0,0,0,0,0
40.84337814421464,40.943361934041363,40.893370039128001,0,0,0,0,0,0,0
40.943361934041363,41.043345723868072,40.993353828954717,0,0,0,0,0,0,0
41.043345723868072,41.143329513694781,41.093337618781426,0,0,0,0,0,0,0
41.143329513694781,41.243313303521504,41.193321408608142,0,0,0,0,0,0,0
41.243313303521504,41.343297093348227,41.293305198434865,0,0,0,0,0,0,0
41.343297093348227,41.44328088317495,41.393288988261588,0,0,0,0,0,0,0
41.44328088317495,41.543264673001673,41.493272778088311,0,0,0,0,0,0,0
41.543264673001673,41.643248462828382,41.593256567915027,0,0,0,0,0,0,0
41.643248462828382,41.743232252655091,41.693240357741736,0,0,0,0,0,0,0
41.743232252655091,41.843216042481814,41.793224147568452,0,0,0,0,0,0,0
41.843216042481814,41.943199832308537,41.893207937395175,0,0,0,0,0,0,0
41.943199832308537,42.04318362213526,41.993191727221898,0,0,0,0,0,0,0
42.04318362213526,42.143167411961983,42.093175517048621,0,0,0,0,0,0,0
42.143167411961983,42.243151201788706,42.193159306875344,0,0,0,0,0,0,0
42.243151201788706,42.343134991615415,42.29314309670206,0,0,0,0,0,0,0
42.343134991615415,42.443118781442124,42.393126886528769,0,0,0,0,0,0,0
42.443118781442124,42.543102571268847,42.493110676355485,0,0,0,0,0,0,0
42.543102571268847,42.64308636109557,42.593094466182208,0,0,0,0,0,0,0
42.64308636109557,42.743070150922293,42.693078256008931,0,0,0,0,0,0,0
42.743070150922293,42.843053940749016,42.793062045835654,0,0,0,0,0,0,0
42.843053940749016,42.943037730575739,42.893045835662377,0,0,0,0,0,0,0
42.943037730575739,43.043021520402448,42.993029625489093,0,0,0,0,0,0,0
43.043021520402448,43.143005310229157,43.093013415315802,0,0,0,0,0,0,0
43.143005310229157,43.24298910005588,43.192997205142518,0,0,0,0,0,0,0
43.24298910005588,43.342972889882603,43.292980994969241,0,0,0,0,0,0,0
43.342972889882603,43.442956679709326,43.392964784795964,0,0,0,0,0,0,0
43.442956679709326,43.542940469536049,43.492948574622687,0,0,0,0,0,0,0
43.542940469536049,43.642924259362758,43.592932364449403,0,0,0,0,0,0,0
43.642924259362758,43.742908049189467,43.692916154276112,0,0,0,0,0,0,0
43.742908049189467,43.84289183901619,43.792899944102828,0,0,0,0,0,0,0
43.84289183901619,43.942875628842913,43.892883733929551,2.1138639701017965e-23,2.1138639701017962e-23,0,0,1.0569319850508982e-22,0,0
43.942875628842913,44.042859418669636,43.992867523756274,1.1794745456854415e-20,2.6998379362301043e-21,8.346712728655802e-21,1.7556907277813592e-20,1.908525280320787e-20,6.1512848113420271e-21,7.8335696632527882e-21
44.042859418669636,44.142843208496359,44.092851313582997,8.149187168343643e-19,1.1560584163851713e-19,7.0660805723214834e-19,1.0914790980977696e-18,1.094194406617729e-18,5.6944240820183888e-19,6.128696140223356e-19
44.142843208496359,44.242826998323082,44.19283510340972,3.2666789079049071e-17,3.512545838824718e-18,2.9896400195506884e-17,4.1472781255297944e-17,4.061296021123056e-17,2.5104776255839965e-17,2.6247027477370006e-17
44.242826998323082,44.342810788149791,44.292818893236436,9.940642569850281e-16,8.8864843713864704e-17,9.3366959078568211e-16,1.2254041050632128e-15,1.1829574841055054e-15,8.0089596942169228e-16,8.2739413554904854e-16
44.342810788149791,44.4427945779765,44.392802683063145,2.4938157683844128e-14,1.8582141251999403e-15,2.3929779472988226e-14,2.9912224288099808e-14,2.8646328697005697e-14,2.0870535389151931e-14,2.1331920571974985e-14
44.4427945779765,44.542778367803223,44.492786472889861,5.2648026006321825e-13,3.1973770865902953e-14,5.1422426328720346e-13,6.1395021417933461e-13,5.8602002385920442e-13,4.5586519128977665e-13,4.6234160770057192e-13
44.542778367803223,44.642762157629946,44.592770262716584,9.3999527056293095e-12,4.520153567637584e-13,9.3108700416087967e-12,1.065708480255252e-11,1.0176876357956735e-11,8.3889284400584407e-12,8.466003885970055e-12
44.642762157629946,44.742745947456669,44.692754052543307,1.4230821107748977e-10,5.2375528508843195e-12,1.424242639419437e-10,1.5705346675692606e-10,1.5044870650858406e-10,1.303634594074703e-10,1.312511587725247e-10
44.742745947456669,44.842729737283392,44.79273784237003,1.8311403854208148e-09,4.9575792520366869e-11,1.8452025698068455e-09,1.9718564320118235e-09,1.8981698678738608e-09,1.7145730096550867e-09,1.7259000477564573e-09
44.842729737283392,44.942713527110115,44.892721632196753,2.007128825836429e-08,3.8165953073518875e-10,2.0301274060544782e-08,2.1157366811814631e-08,2.0485814752218705e-08,1.9130113665589778e-08,1.928187200165355e-08
44.942713527110115,45.042697316936824,44.992705422023469,1.878049140748367e-07,2.3797632597817853e-09,1.9019307009547674e-07,1.9450524266781958e-07,1.8949909803203508e-07,1.8150129118806027e-07,1.8332586839079179e-07
45.042697316936824,45.142681106763533,45.092689211850178,1.5030512828804051e-06,1.2058018679268178e-08,1.5213135547086153e-06,1.5352814942794804e-06,1.5049151884473723e-06,1.4678856160219842e-06,1.4858605609445738e-06
45.142681106763533,45.242664896590256,45.192673001676894,1.0308141240455966e-05,5.16406465335764e-08,1.0416192062594036e-05,1.0421821501151231e-05,1.0274133466853602e-05,1.0143709065890729e-05,1.0284850105790236e-05
45.242664896590256,45.342648686416979,45.292656791503617,6.0686432679240989e-05,2.1118466792285807e-07,6.1193322170207269e-05,6.0921817784908044e-05,6.0364441368407649e-05,6.0036041816649345e-05,6.0916540256032664e-05
45.342648686416979,45.442632476243702,45.39264058133034,0.00030722044416901806,8.994539317902992e-07,0.00030913895526289616,0.00030702749991111481,0.00030552285321352486,0.00030501782322766061,0.00030939508922989367
45.442632476243702,45.542616266070425,45.492624371157063,0.0013396618133954242,3.5569643177908713e-06,0.0013456237236693074,0.0013355029445645177,0.0013334102878036647,0.0013331905606230909,0.0013505815503165397
45.542616266070425,45.642600055897148,45.592608160983787,0.0050405909947441336,1.1653285977769547e-05,0.0050561129434666058,0.0050199099191118807,0.00502380209623602,0.0050239550574607732,0.00507917495744539
45.642600055897148,45.742583845723857,45.692591950810503,0.016394375305626843,3.0451712146895667e-05,0.016428847924814825,0.016327259805108713,0.01636210399335445,0.016357172802555761,0.016496492002300467
45.742583845723857,45.842567635550566,45.792575740637211,0.046181111734986457,6.2460101892874124e-05,0.046246264397351966,0.046021228075400877,0.046141392694493022,0.046111220700707049,0.046385452806979359
45.842567635550566,45.942551425377289,45.892559530463927,0.11289356296633621,9.7525193869361427e-05,0.11299218059768069,0.11260973713175049,0.11287902697642771,0.11279370955021469,0.11319316057560753
45.942551425377289,46.042535215204012,45.99254332029065,0.24001684589609465,0.00010562060845755857,0.24010978628229609,0.23965986796688243,0.24007101223573155,0.23994559104977928,0.24029797194578392
46.042535215204012,46.142519005030735,46.092527110117373,0.44480312021952839,6.9663305158733881e-05,0.44475954770786585,0.44455423568449848,0.4449287939618205,0.44492843573932256,0.44484458800413468
46.142519005030735,46.242502794857458,46.192510899944097,0.72025290157744759,0.00019017656245254972,0.71984111854033817,0.72035666608661886,0.72036618567847466,0.72085584574797934,0.71984469183382671
46.242502794857458,46.342486584684167,46.292494689770812,1.0215982937908703,0.00044009894812262407,1.0206016474697694,1.0221574981862827,1.0215647165502308,1.0229418808259634,1.0207257259221052
46.342486584684167,46.442470374510876,46.392478479597521,1.2725840632030545,0.00065452248802343605,1.2710235415227853,1.2733780761942697,1.2723393125431446,1.2746598972560805,1.2715194884989918
46.442470374510876,46.542454164337599,46.492462269424237,1.3959818276253275,0.00069419543462486224,1.3942478042284119,1.3965434826713488,1.3956182699403294,1.3983315845478519,1.3951679967386958
46.542454164337599,46.642437954164322,46.59244605925096,1.3523013000117476,0.00051234961139199763,1.3509983983969363,1.352266151808071,1.3520087120851423,1.3541500977300174,1.3520831400385716
46.642437954164322,46.742421743991045,46.692429849077683,1.1601475720688774,0.00023995857343135432,1.1597323591192552,1.1595633743218776,1.1600592258681057,1.1608301966040531,1.160552704431095
46.742421743991045,46.842405533817768,46.792413638904407,0.8840406238695433,0.00029871917306158278,0.88456516110287742,0.88331704603437833,0.88414594382229827,0.88339089442172025,0.88478407396644243
46.842405533817768,46.942389323644491,46.89239742873113,0.60013437445653572,0.00048217467357859382,0.60129031968483171,0.59969015810041826,0.6003292758275639,0.59852621410037232,0.60083590456949287
46.942389323644491,47.0423731134712,46.992381218557846,0.36405296037738127,0.00053949513087729422,0.36540935463000546,0.36402422799562123,0.36424247883252897,0.36211250015154434,0.36447624027720638
47.0423731134712,47.142356903297909,47.092365008384554,0.19795470814844865,0.00047936410408664216,0.1991685626532749,0.1982009478979363,0.19810042473494241,0.19621607451942494,0.19808753093666479
47.142356903297909,47.242340693124632,47.19234879821127,0.096785825227537384,0.0003552300952821023,0.097683791172838319,0.097089173640024715,0.096887748133766272,0.095515416101246517,0.096752997089811069
47.242340693124632,47.342324482951355,47.292332588037993,0.042682649382762589,0.00022240209987454821,0.043242809262900882,0.042907905801519187,0.04274907995357561,0.041897908606068492,0.042615543289748786
47.342324482951355,47.442308272778078,47.392316377864717,0.01702869052806542,0.00011743550599597329,0.017320631223132557,0.017149138777636849,0.017065968808091483,0.016612030386703613,0.016995683444762603
47.442308272778078,47.542292062604801,47.49230016769144,0.0061632466708524533,5.2095124782980229e-05,0.006285345762249029,0.0062093407826336504,0.006178184308433819,0.0059710492480401786,0.006172313252905591
47.542292062604801,47.642275852431524,47.592283957518163,0.0020291139782741899,2.0610309281183533e-05,0.0020652240732872678,0.0020385784453891354,0.0020302776455203824,0.0019509333834496184,0.0020605563437245456
47.642275852431524,47.742259642258233,47.692267747344879,0.00060966534449468908,9.9720039161271479e-06,0.00061262566895285654,0.00060685276907749728,0.00060510661866108721,0.0005807129061200214,0.00064302875966198287
47.742259642258233,47.842243432084942,47.792251537171587,0.00016807169655440497,6.2598171954360089e-06,0.00016316004821554517,0.00016372247752006929,0.00016302483404071331,0.000157720707281059,0.00019273041571463804
47.842243432084942,47.942227221911665,47.892235326998303,4.2916259269138101e-05,3.5930263456000643e-06,3.8713422148444985e-05,4.002556792534784e-05,3.9468979237501188e-05,3.9110905460624695e-05,5.7262421573771804e-05
47.942227221911665,48.042211011738388,47.992219116825027,1.0291763243675533e-05,1.7108281422656679e-06,8.1090452686820115e-06,8.8731277172177843e-06,8.5172205810278796e-06,8.8467497551963885e-06,1.7112672896253608e-05
48.042211011738388,48.142194801565111,48.09220290665175,2.3487404459045792e-06,6.7335675899251555e-07,1.485235372268988e-06,1.785377182735485e-06,1.6226202951182544e-06,1.8189599417339256e-06,5.0315094376662425e-06
48.142194801565111,48.242178591391834,48.192186696478473,5.1113115885108538e-07,2.1960918922126448e-07,2.3571999334434393e-07,3.2573554305186492e-07,2.7018319132044499e-07,3.3757775206439222e-07,1.3864393144743809e-06
48.242178591391834,48.342162381218543,48.292170486305189,1.0434485523326425e-07,5.9349702157570558e-08,3.2156851701053089e-08,5.3589709624532793e-08,3.8944695264070033e-08,5.5956402646043091e-08,3.4107661693062222e-07
48.342162381218543,48.442146171045252,48.392154276131897,1.9395175193836584e-08,1.3271990398822828e-08,3.7451516055362712e-09,7.8627417645559967e-09,4.8175991417834629e-09,8.1773847998936043e-09,7.2372998657413586e-08
48.442146171045252,48.542129960871975,48.492138065958613,3.1806944709081458e-09,2.4516033976524709e-09,3.7030929599647532e-10,1.0135300157803432e-09,5.0765023006964767e-10,1.0393609092134099e-09,1.2972621903480854e-08
48.542129960871975,48.642113750698698,48.592121855785336,4.487700854566736e-10,3.7348838378238788e-10,3.094658024372923e-11,1.1297715034572503e-10,4.5281690395518359e-11,1.1345998760214035e-10,1.9411850186962551e-09
48.642113750698698,48.742097540525421,48.69210564561206,5.3543553678067832e-11,4.6866378597756136e-11,2.1779628014765906e-12,1.0737479968293725e-11,3.4012261692149095e-12,1.0524927696573284e-11,2.4087617175478064e-10
48.742097540525421,48.842081330352144,48.792089435438783,5.3433434562684705e-12,4.8392013932980379e-12,1.2870761553306077e-13,8.6039143532734353e-13,2.1419917676933427e-13,8.2264059184075613e-13,2.469077846187186e-11
48.842081330352144,48.942065120178867,48.892073225265506,4.4299690642005247e-13,4.1085446916499901e-13,6.3705899337674996e-15,5.7645813441651593e-14,1.1268970282806761e-14,5.3824891058304799e-14,2.0858742673837316e-12
48.942065120178867,49.042048910005576,48.992057015092222,3.0384165353247243e-14,2.8665337359097101e-14,2.6338539683935899e-16,3.2103509824030936e-15,4.9358676499742643e-16,2.9335259936121528e-15,1.4501997762838418e-13
49.042048910005576,49.142032699832285,49.092040804918931,1.7194645216546049e-15,1.6428260904351684e-15,9.0286798606122895e-18,1.4795907420427643e-16,1.7913327519510672e-17,1.3264140658339677e-16,8.2897801201052281e-15
49.142032699832285,49.242016489659008,49.192024594745646,8.0135490639208277e-17,7.731202407616551e-17,2.3851650324957519e-19,5.6122322873412734e-18,5.2238553535997639e-19,4.9521454298622253e-18,3.8935217344022838e-16
49.242016489659008,49.342000279485731,49.29200838457237,3.0702415231352733e-18,2.9854532494151772e-18,3.4148410671242446e-21,1.757345436063103e-19,9.6005314554825265e-21,1.5123931632383997e-19,1.5011218383223611e-17
49.342000279485731,49.441984069312454,49.391992174399093,9.7256295667382207e-20,9.5533843943789644e-20,0,3.8116700672818914e-21,0,3.0908770906062428e-21,4.7937893117902291e-19
49.441984069312454,49.541967859139177,49.491975964225816,2.1160819051058225e-21,2.1160819051058225e-21,0,0,0,0,1.0580409525529112e-20
49.541967859139177,49.6419516489659,49.591959754052539,0,0,0,0,0,0,0
49.6419516489659,49.741935438792609,49.691943543879255,0,0,0,0,0,0,0
49.741935438792609,49.841919228619318,49.791927333705964,0,0,0,0,0,0,0
49.841919228619318,49.941903018446041,49.89191112353268,0,0,0,0,0,0,0
49.941903018446041,50.041886808272764,49.991894913359403,0,0,0,0,0,0,0
50.041886808272764,50.141870598099487,50.091878703186126,0,0,0,0,0,0,0
50.141870598099487,50.24185438792621,50.191862493012849,0,0,0,0,0,0,0
50.24185438792621,50.341838177752933,50.291846282839572,0,0,0,0,0,0,0
50.341838177752933,50.441821967579642,50.391830072666288,0,0,0,0,0,0,0
50.441821967579642,50.541805757406351,50.491813862492997,0,0,0,0,0,0,0
50.541805757406351,50.641789547233074,50.591797652319713,0,0,0,0,0,0,0
50.641789547233074,50.741773337059797,50.691781442146436,0,0,0,0,0,0,0
50.741773337059797,50.84175712688652,50.791765231973159,0,0,0,0,0,0,0
50.84175712688652,50.941740916713243,50.891749021799882,0,0,0,0,0,0,0
50.941740916713243,51.041724706539952,50.991732811626598,0,0,0,0,0,0,0
51.041724706539952,51.141708496366661,51.091716601453307,0,0,0,0,0,0,0
51.141708496366661,51.241692286193384,51.191700391280023,0,0,0,0,0,0,0
51.241692286193384,51.341676076020107,51.291684181106746,0,0,0,0,0,0,0
51.341676076020107,51.44165986584683,51.391667970933469,0,0,0,0,0,0,0
51.44165986584683,51.541643655673553,51.491651760760192,0,0,0,0,0,0,0
51.541643655673553,51.641627445500276,51.591635550586915,0,0,0,0,0,0,0
51.641627445500276,51.741611235326985,51.691619340413631,0,0,0,0,0,0,0
51.741611235326985,51.841595025153694,51.79160313024034,0,0,0,0,0,0,0
51.841595025153694,51.941578814980417,51.891586920067056,0,0,0,0,0,0,0
51.941578814980417,52.04156260480714,51.991570709893779,0,0,0,0,0,0,0
52.04156260480714,52.141546394633863,52.091554499720502,0,0,0,0,0,0,0
52.141546394633863,52.241530184460586,52.191538289547225,0,0,0,0,0,0,0
52.241530184460586,52.341513974287309,52.291522079373948,0,0,0,0,0,0,0
52.341513974287309,52.441497764114018,52.391505869200664,0,0,0,0,0,0,0
52.441497764114018,52.541481553940727,52.491489659027373,0,0,0,0,0,0,0
52.541481553940727,52.64146534376745,52.591473448854089,0,0,0,0,0,0,0
52.64146534376745,52.741449133594173,52.691457238680812,0,0,0,0,0,0,0
52.741449133594173,52.841432923420896,52.791441028507535,0,0,0,0,0,0,0
52.841432923420896,52.941416713247619,52.891424818334258,0,0,0,0,0,0,0
52.941416713247619,53.041400503074328,52.991408608160974,0,0,0,0,0,0,0
53.041400503074328,53.141384292901037,53.091392397987683,0,0,0,0,0,0,0
53.141384292901037,53.24136808272776,53.191376187814399,0,0,0,0,0,0,0
53.24136808272776,53.341351872554483,53.291359977641122,0,0,0,0,0,0,0
53.341351872554483,53.441335662381206,53.391343767467845,0,0,0,0,0,0,0
53.441335662381206,53.541319452207929,53.491327557294568,0,0,0,0,0,0,0
53.541319452207929,53.641303242034652,53.591311347121291,0,0,0,0,0,0,0
53.641303242034652,53.741287031861361,53.691295136948007,0,0,0,0,0,0,0
53.741287031861361,53.84127082168807,53.791278926774716,0,0,0,0,0,0,0
53.84127082168807,53.941254611514793,53.891262716601432,0,0,0,0,0,0,0
53.941254611514793,54.041238401341516,53.991246506428155,0,0,0,0,0,0,0
54.041238401341516,54.141222191168239,54.091230296254878,0,0,0,0,0,0,0
54.141222191168239,54.241205980994962,54.191214086081601,0,0,0,0,0,0,0
54.241205980994962,54.341189770821686,54.291197875908324,0,0,0,0,0,0,0
54.341189770821686,54.441173560648394,54.39118166573504,0,0,0,0,0,0,0
54.441173560648394,54.541157350475103,54.491165455561749,0,0,0,0,0,0,0
54.541157350475103,54.641141140301826,54.591149245388465,0,0,0,0,0,0,0
54.641141140301826,54.741124930128549,54.691133035215188,0,0,0,0,0,0,0
54.741124930128549,54.841108719955272,54.791116825041911,0,0,0,0,0,0,0
54.841108719955272,54.941092509781996,54.891100614868634,0,0,0,0,0,0,0
54.941092509781996,55.041076299608719,54.991084404695357,0,0,0,0,0,0,0
55.041076299608719,55.141060089435427,55.091068194522073,0,0,0,0,0,0,0
55.141060089435427,55.241043879262136,55.191051984348782,0,0,0,0,0,0,0
55.241043879262136,55.341027669088859,55.291035774175498,0,0,0,0,0,0,0
55.341027669088859,55.441011458915582,55.391019564002221,0,0,0,0,0,0,0
55.441011458915582,55.540995248742306,55.491003353828944,0,0,0,0,0,0,0
55.540995248742306,55.640979038569029,55.590987143655667,0,0,0,0,0,0,0
55.640979038569029,55.740962828395737,55.690970933482383,0,0,0,0,0,0,0
55.740962828395737,55.840946618222446,55.790954723309092,0,0,0,0,0,0,0
55.840946618222446,55.940930408049169,55.890938513135808,0,0,0,0,0,0,0
55.940930408049169,56.040914197875892,55.990922302962531,0,0,0,0,0,0,0
56.040914197875892,56.140897987702616,56.090906092789254,0,0,0,0,0,0,0
56.140897987702616,56.240881777529339,56.190889882615977,0,0,0,0,0,0,0
56.240881777529339,56.340865567356062,56.2908736724427,0,0,0,0,0,0,0
56.340865567356062,56.440849357182771,56.390857462269416,0,0,0,0,0,0,0
56.440849357182771,56.540833147009479,56.490841252096125,0,0,0,0,0,0,0
56.540833147009479,56.640816936836202,56.590825041922841,0,0,0,0,0,0,0
56.640816936836202,56.740800726662926,56.690808831749564,0,0,0,0,0,0,0
56.740800726662926,56.840784516489649,56.790792621576287,0,0,0,0,0,0,0
56.840784516489649,56.940768306316372,56.89077641140301,0,0,0,0,0,0,0
56.940768306316372,57.040752096143095,56.990760201229733,0,0,0,0,0,0,0
57.040752096143095,57.140735885969804,57.090743991056449,0,0,0,0,0,0,0
57.140735885969804,57.240719675796512,57.190727780883158,0,0,0,0,0,0,0
57.240719675796512,57.340703465623236,57.290711570709874,0,0,0,0,0,0,0
57.340703465623236,57.440687255449959,57.390695360536597,0,0,0,0,0,0,0
57.440687255449959,57.540671045276682,57.49067915036332,0,0,0,0,0,0,0
57.540671045276682,57.640654835103405,57.590662940190043,0,0,0,0,0,0,0
57.640654835103405,57.740638624930114,57.690646730016759,0,0,0,0,0,0,0
57.740638624930114,57.840622414756822,57.790630519843468,0,0,0,0,0,0,0
57.840622414756822,57.940606204583545,57.890614309670184,0,0,0,0,0,0,0
57.940606204583545,58.040589994410269,57.990598099496907,0,0,0,0,0,0,0
58.040589994410269,58.140573784236992,58.09058188932363,0,0,0,0,0,0,0
58.140573784236992,58.240557574063715,58.190565679150353,0,0,0,0,0,0,0
58.240557574063715,58.340541363890438,58.290549468977076,0,0,0,0,0,0,0
58.340541363890438,58.440525153717147,58.390533258803792,0,0,0,0,0,0,0
58.440525153717147,58.540508943543855,58.490517048630501,0,0,0,0,0,0,0
58.540508943543855,58.640492733370579,58.590500838457217,0,0,0,0,0,0,0
58.640492733370579,58.740476523197302,58.69048462828394,0,0,0,0,0,0,0
58.740476523197302,58.840460313024025,58.790468418110663,0,0,0,0,0,0,0
58.840460313024025,58.940444102850748,58.890452207937386,0,0,0,0,0,0,0
58.940444102850748,59.040427892677471,58.990435997764109,0,0,0,0,0,0,0
59.040427892677471,59.14041168250418,59.090419787590825,0,0,0,0,0,0,0
59.14041168250418,59.240395472330889,59.190403577417534,0,0,0,0,0,0,0
59.240395472330889,59.340379262157612,59.29038736724425,0,0,0,0,0,0,0
59.340379262157612,59.440363051984335,59.390371157070973,0,0,0,0,0,0,0
59.440363051984335,59.540346841811058,59.490354946897696,0,0,0,0,0,0,0
59.540346841811058,59.640330631637781,59.590338736724419,0,0,0,0,0,0,0
59.640330631637781,59.740314421464504,59.690322526551142,0,0,0,0,0,0,0
59.740314421464504,59.840298211291213,59.790306316377858,0,0,0,0,0,0,0
59.840298211291213,59.940282001117922,59.890290106204567,0,0,0,0,0,0,0
59.940282001117922,60.040265790944645,59.990273896031283,0,0,0,0,0,0,0
60.040265790944645,60.140249580771368,60.090257685858006,0,0,0,0,0,0,0
60.140249580771368,60.240233370598091,60.190241475684729,0,0,0,0,0,0,0
60.240233370598091,60.340217160424814,60.290225265511452,0,0,0,0,0,0,0
60.340217160424814,60.440200950251523,60.390209055338168,0,0,0,0,0,0,0
60.440200950251523,60.540184740078232,60.490192845164877,0,0,0,0,0,0,0
60.540184740078232,60.640168529904955,60.590176634991593,0,0,0,0,0,0,0
60.640168529904955,60.740152319731678,60.690160424818316,0,0,0,0,0,0,0
60.740152319731678,60.840136109558401,60.790144214645039,0,0,0,0,0,0,0
60.840136109558401,60.940119899385124,60.890128004471762,0,0,0,0,0,0,0
60.940119899385124,61.040103689211847,60.990111794298485,0,0,0,0,0,0,0
61.040103689211847,61.140087479038556,61.090095584125201,0,0,0,0,0,0,0
61.140087479038556,61.240071268865265,61.19007937395191,0,0,0,0,0,0,0
61.240071268865265,61.340055058691988,61.290063163778626,0,0,0,0,0,0,0
61.340055058691988,61.440038848518711,61.390046953605349,0,0,0,0,0,0,0
61.440038848518711,61.540022638345434,61.490030743432072,0,0,0,0,0,0,0
61.540022638345434,61.640006428172157,61.590014533258795,0,0,0,0,0,0,0
61.640006428172157,61.73999021799888,61.689998323085518,0,0,0,0,0,0,0
61.73999021799888,61.839974007825589,61.789982112912234,0,0,0,0,0,0,0
61.839974007825589,61.939957797652298,61.889965902738943,0,0,0,0,0,0,0
61.939957797652298,62.039941587479021,61.989949692565659,0,0,0,0,0,0,0
62.039941587479021,62.139925377305744,62.089933482392382,0,0,0,0,0,0,0
62.139925377305744,62.239909167132467,62.189917272219105,0,0,0,0,0,0,0
62.239909167132467,62.33989295695919,62.289901062045828,0,0,0,0,0,0,0
62.33989295695919,62.439876746785899,62.389884851872544,0,0,0,0,0,0,0
62.439876746785899,62.539860536612608,62.489868641699253,0,0,0,0,0,0,0
62.539860536612608,62.639844326439331,62.589852431525969,0,0,0,0,0,0,0
62.639844326439331,62.739828116266054,62.689836221352692,0,0,0,0,0,0,0
62.739828116266054,62.839811906092777,62.789820011179415,0,0,0,0,0,0,0
62.839811906092777,62.9397956959195,62.889803801006138,0,0,0,0,0,0,0
62.9397956959195,63.039779485746223,62.989787590832861,0,0,0,0,0,0,0
63.039779485746223,63.139763275572932,63.089771380659577,0,0,0,0,0,0,0
63.139763275572932,63.239747065399641,63.189755170486286,0,0,0,0,0,0,0
63.239747065399641,63.339730855226364,63.289738960313002,0,0,0,0,0,0,0
63.339730855226364,63.439714645053087,63.389722750139725,0,0,0,0,0,0,0
63.439714645053087,63.53969843487981,63.489706539966448,0,0,0,0,0,0,0
63.53969843487981,63.639682224706533,63.589690329793171,0,0,0,0,0,0,0
63.639682224706533,63.739666014533256,63.689674119619895,0,0,0,0,0,0,0
63.739666014533256,63.839649804359965,63.789657909446611,0,0,0,0,0,0,0
63.839649804359965,63.939633594186674,63.889641699273319,0,0,0,0,0,0,0
63.939633594186674,64.039617384013397,63.989625489100035,0,0,0,0,0,0,0
64.039617384013397,64.13960117384012,64.089609278926758,0,0,0,0,0,0,0
64.13960117384012,64.239584963666843,64.189593068753481,0,0,0,0,0,0,0
64.239584963666843,64.339568753493566,64.289576858580205,0,0,0,0,0,0,0
64.339568753493566,64.439552543320289,64.389560648406928,0,0,0,0,0,0,0
64.439552543320289,64.539536333146998,64.489544438233651,0,0,0,0,0,0,0
64.539536333146998,64.639520122973707,64.589528228060345,0,0,0,0,0,0,0
64.639520122973707,64.73950391280043,64.689512017887068,0,0,0,0,0,0,0
64.73950391280043,64.839487702627153,64.789495807713791,0,0,0,0,0,0,0
64.839487702627153,64.939471492453876,64.889479597540515,0,0,0,0,0,0,0
64.939471492453876,65.039455282280599,64.989463387367238,0,0,0,0,0,0,0
65.039455282280599,65.139439072107308,65.089447177193961,0,0,0,0,0,0,0
65.139439072107308,65.239422861934017,65.189430967020655,0,0,0,0,0,0,0
65.239422861934017,65.33940665176074,65.289414756847378,0,0,0,0,0,0,0
65.33940665176074,65.439390441587463,65.389398546674101,0,0,0,0,0,0,0
65.439390441587463,65.539374231414186,65.489382336500825,0,0,0,0,0,0,0
65.539374231414186,65.639358021240909,65.589366126327548,0,0,0,0,0,0,0
65.639358021240909,65.739341811067632,65.689349916154271,0,0,0,0,0,0,0
65.739341811067632,65.839325600894341,65.789333705980994,0,0,0,0,0,0,0
65.839325600894341,65.93930939072105,65.889317495807688,0,0,0,0,0,0,0
65.93930939072105,66.039293180547773,65.989301285634411,0,0,0,0,0,0,0
66.039293180547773,66.139276970374496,66.089285075461135,0,0,0,0,0,0,0
66.139276970374496,66.239260760201219,66.189268865287858,0,0,0,0,0,0,0
66.239260760201219,66.339244550027942,66.289252655114581,0,0,0,0,0,0,0
66.339244550027942,66.439228339854665,66.389236444941304,0,0,0,0,0,0,0
66.439228339854665,66.539212129681374,66.489220234768027,0,0,0,0,0,0,0
66.539212129681374,66.639195919508083,66.589204024594721,0,0,0,0,0,0,0
66.639195919508083,66.739179709334806,66.689187814421445,0,0,0,0,0,0,0
66.739179709334806,66.839163499161529,66.789171604248168,0,0,0,0,0,0,0
66.839163499161529,66.939147288988252,66.889155394074891,0,0,0,0,0,0,0
66.939147288988252,67.039131078814975,66.989139183901614,0,0,0,0,0,0,0
67.039131078814975,67.139114868641684,67.089122973728337,0,0,0,0,0,0,0
67.139114868641684,67.239098658468393,67.189106763555031,0,0,0,0,0,0,0
67.239098658468393,67.339082448295116,67.289090553381754,0,0,0,0,0,0,0
67.339082448295116,67.439066238121839,67.389074343208478,0,0,0,0,0,0,0
67.439066238121839,67.539050027948562,67.489058133035201,0,0,0,0,0,0,0
67.539050027948562,67.639033817775285,67.589041922861924,0,0,0,0,0,0,0
67.639033817775285,67.739017607602008,67.689025712688647,0,0,0,0,0,0,0
67.739017607602008,67.839001397428717,67.78900950251537,0,0,0,0,0,0,0
67.839001397428717,67.938985187255426,67.888993292342064,0,0,0,0,0,0,0
67.938985187255426,68.038968977082149,67.988977082168788,0,0,0,0,0,0,0
68.038968977082149,68.138952766908872,68.088960871995511,0,0,0,0,0,0,0
68.138952766908872,68.238936556735595,68.188944661822234,0,0,0,0,0,0,0
68.238936556735595,68.338920346562318,68.288928451648957,0,0,0,0,0,0,0
68.338920346562318,68.438904136389041,68.38891224147568,0,0,0,0,0,0,0
68.438904136389041,68.53888792621575,68.488896031302403,0,0,0,0,0,0,0
68.53888792621575,68.638871716042459,68.588879821129098,0,0,0,0,0,0,0
68.638871716042459,68.738855505869182,68.688863610955821,0,0,0,0,0,0,0
68.738855505869182,68.838839295695905,68.788847400782544,0,0,0,0,0,0,0
68.838839295695905,68.938823085522628,68.888831190609267,0,0,0,0,0,0,0
68.938823085522628,69.038806875349351,68.98881498043599,0,0,0,0,0,0,0
69.038806875349351,69.138790665176074,69.088798770262713,0,0,0,0,0,0,0
69.138790665176074,69.238774455002783,69.188782560089436,0,0,0,0,0,0,0
69.238774455002783,69.338758244829492,69.288766349916131,0,0,0,0,0,0,0
69.338758244829492,69.438742034656215,69.388750139742854,0,0,0,0,0,0,0
69.438742034656215,69.538725824482938,69.488733929569577,0,0,0,0,0,0,0
69.538725824482938,69.638709614309661,69.5887177193963,0,0,0,0,0,0,0
69.638709614309661,69.738693404136384,69.688701509223023,0,0,0,0,0,0,0
69.738693404136384,69.838677193963093,69.788685299049746,0,0,0,0,0,0,0
69.838677193963093,69.938660983789802,69.888669088876441,0,0,0,0,0,0,0
69.938660983789802,70.038644773616525,69.988652878703164,0,0,0,0,0,0,0
70.038644773616525,70.138628563443248,70.088636668529887,0,0,0,0,0,0,0
70.138628563443248,70.238612353269971,70.18862045835661,0,0,0,0,0,0,0
70.238612353269971,70.338596143096694,70.288604248183333,0,0,0,0,0,0,0
70.338596143096694,70.438579932923417,70.388588038010056,0,0,0,0,0,0,0
70.438579932923417,70.538563722750126,70.488571827836779,0,0,0,0,0,0,0
70.538563722750126,70.638547512576835,70.588555617663474,0,0,0,0,0,0,0
70.638547512576835,70.738531302403558,70.688539407490197,0,0,0,0,0,0,0
70.738531302403558,70.838515092230281,70.78852319731692,0,0,0,0,0,0,0
70.838515092230281,70.938498882057004,70.888506987143643,0,0,0,0,0,0,0
70.938498882057004,71.038482671883727,70.988490776970366,0,0,0,0,0,0,0
71.038482671883727,71.138466461710451,71.088474566797089,0,0,0,0,0,0,0
71.138466461710451,71.238450251537159,71.188458356623812,0,0,0,0,0,0,0
71.238450251537159,71.338434041363868,71.288442146450507,0,0,0,0,0,0,0
71.338434041363868,71.438417831190591,71.38842593627723,0,0,0,0,0,0,0
71.438417831190591,71.538401621017314,71.488409726103953,0,0,0,0,0,0,0
71.538401621017314,71.638385410844037,71.588393515930676,0,0,0,0,0,0,0
71.638385410844037,71.738369200670761,71.688377305757399,0,0,0,0,0,0,0
71.738369200670761,71.838352990497469,71.788361095584122,0,0,0,0,0,0,0
71.838352990497469,71.938336780324178,71.888344885410817,0,0,0,0,0,0,0
71.938336780324178,72.038320570150901,71.98832867523754,0,0,0,0,0,0,0
72.038320570150901,72.138304359977624,72.088312465064263,0,0,0,0,0,0,0
72.138304359977624,72.238288149804347,72.188296254890986,0,0,0,0,0,0,0
72.238288149804347,72.33827193963107,72.288280044717709,0,0,0,0,0,0,0
72.33827193963107,72.438255729457794,72.388263834544432,0,0,0,0,0,0,0
72.438255729457794,72.538239519284502,72.488247624371155,0,0,0,0,0,0,0
72.538239519284502,72.638223309111211,72.58823141419785,0,0,0,0,0,0,0
72.638223309111211,72.738207098937934,72.688215204024573,0,0,0,0,0,0,0
72.738207098937934,72.838190888764657,72.788198993851296,0,0,0,0,0,0,0
72.838190888764657,72.93817467859138,72.888182783678019,0,0,0,0,0,0,0
72.93817467859138,73.038158468418104,72.988166573504742,0,0,0,0,0,0,0
73.038158468418104,73.138142258244827,73.088150363331465,0,0,0,0,0,0,0
73.138142258244827,73.238126048071535,73.188134153158188,0,0,0,0,0,0,0
73.238126048071535,73.338109837898244,73.288117942984883,0,0,0,0,0,0,0
73.338109837898244,73.438093627724967,73.388101732811606,0,0,0,0,0,0,0
73.438093627724967,73.53807741755169,73.488085522638329,0,0,0,0,0,0,0
73.53807741755169,73.638061207378414,73.588069312465052,0,0,0,0,0,0,0
73.638061207378414,73.738044997205137,73.688053102291775,0,0,0,0,0,0,0
73.738044997205137,73.83802878703186,73.788036892118498,0,0,0,0,0,0,0
73.83802878703186,73.938012576858569,73.888020681945221,0,0,0,0,0,0,0
73.938012576858569,74.037996366685277,73.988004471771916,0,0,0,0,0,0,0
74.037996366685277,74.137980156512,74.087988261598639,0,0,0,0,0,0,0
74.137980156512,74.237963946338724,74.187972051425362,0,0,0,0,0,0,0
74.237963946338724,74.337947736165447,74.287955841252085,0,0,0,0,0,0,0
74.337947736165447,74.43793152599217,74.387939631078808,0,0,0,0,0,0,0
74.43793152599217,74.537915315818879,74.487923420905531,0,0,0,0,0,0,0
74.537915315818879,74.637899105645587,74.587907210732226,0,0,0,0,0,0,0
74.637899105645587,74.73788289547231,74.687891000558949,0,0,0,0,0,0,0
74.73788289547231,74.837866685299034,74.787874790385672,0,0,0,0,0,0,0
74.837866685299034,74.937850475125757,74.887858580212395,0,0,0,0,0,0,0
74.937850475125757,75.03783426495248,74.987842370039118,0,0,0,0,0,0,0
75.03783426495248,75.137818054779203,75.087826159865841,0,0,0,0,0,0,0
75.137818054779203,75.237801844605912,75.187809949692564,0,0,0,0,0,0,0
75.237801844605912,75.33778563443262,75.287793739519259,0,0,0,0,0,0,0
75.33778563443262,75.437769424259344,75.387777529345982,0,0,0,0,0,0,0
75.437769424259344,75.537753214086067,75.487761319172705,0,0,0,0,0,0,0
75.537753214086067,75.63773700391279,75.587745108999428,0,0,0,0,0,0,0
75.63773700391279,75.737720793739513,75.687728898826151,0,0,0,0,0,0,0
75.737720793739513,75.837704583566236,75.787712688652874,0,0,0,0,0,0,0
75.837704583566236,75.937688373392945,75.887696478479597,0,0,0,0,0,0,0
75.937688373392945,76.037672163219653,75.987680268306292,0,0,0,0,0,0,0
76.037672163219653,76.137655953046377,76.087664058133015,0,0,0,0,0,0,0
76.137655953046377,76.2376397428731,76.187647847959738,0,0,0,0,0,0,0
76.2376397428731,76.337623532699823,76.287631637786461,0,0,0,0,0,0,0
76.337623532699823,76.437607322526546,76.387615427613184,0,0,0,0,0,0,0
76.437607322526546,76.537591112353255,76.487599217439907,0,0,0,0,0,0,0
76.537591112353255,76.637574902179963,76.587583007266602,0,0,0,0,0,0,0
76.637574902179963,76.737558692006687,76.687566797093325,0,0,0,0,0,0,0
76.737558692006687,76.83754248183341,76.787550586920048,0,0,0,0,0,0,0
76.83754248183341,76.937526271660133,76.887534376746771,0,0,0,0,0,0,0
76.937526271660133,77.037510061486856,76.987518166573494,0,0,0,0,0,0,0
77.037510061486856,77.137493851313579,77.087501956400217,0,0,0,0,0,0,0
77.137493851313579,77.237477641140288,77.18748574622694,0,0,0,0,0,0,0
77.237477641140288,77.337461430967011,77.287469536053649,0,0,0,0,0,0,0
77.337461430967011,77.437445220793734,77.387453325880372,0,0,0,0,0,0,0
77.437445220793734,77.537429010620457,77.487437115707095,0,0,0,0,0,0,0
77.537429010620457,77.63741280044718,77.587420905533818,0,0,0,0,0,0,0
77.63741280044718,77.737396590273875,77.687404695360527,0,0,0,0,0,0,0
77.737396590273875,77.837380380100598,77.787388485187236,0,0,0,0,0,0,0
77.837380380100598,77.937364169927321,77.887372275013959,0,0,0,0,0,0,0
77.937364169927321,78.037347959754044,77.987356064840682,0,0,0,0,0,0,0
78.037347959754044,78.137331749580767,78.087339854667405,0,0,0,0,0,0,0
78.137331749580767,78.237315539407462,78.187323644494114,0,0,0,0,0,0,0
78.237315539407462,78.337299329234185,78.287307434320823,0,0,0,0,0,0,0
78.337299329234185,78.437283119060908,78.387291224147546,0,0,0,0,0,0,0
78.437283119060908,78.537266908887631,78.487275013974269,0,0,0,0,0,0,0
78.537266908887631,78.637250698714354,78.587258803800992,0,0,0,0,0,0,0
78.637250698714354,78.737234488541077,78.687242593627715,0,0,0,0,0,0,0
78.737234488541077,78.8372182783678,78.787226383454438,0,0,0,0,0,0,0
78.8372182783678,78.937202068194495,78.887210173281147,0,0,0,0,0,0,0
78.937202068194495,79.037185858021218,78.987193963107856,0,0,0,0,0,0,0
79.037185858021218,79.137169647847941,79.087177752934579,0,0,0,0,0,0,0
79.137169647847941,79.237153437674664,79.187161542761302,0,0,0,0,0,0,0
79.237153437674664,79.337137227501387,79.287145332588025,0,0,0,0,0,0,0
79.337137227501387,79.43712101732811,79.387129122414748,0,0,0,0,0,0,0
79.43712101732811,79.537104807154833,79.487112912241471,0,0,0,0,0,0,0
79.537104807154833,79.637088596981528,79.58709670206818,0,0,0,0,0,0,0
79.637088596981528,79.737072386808251,79.687080491894889,0,0,0,0,0,0,0
79.737072386808251,79.837056176634974,79.787064281721612,0,0,0,0,0,0,0
79.837056176634974,79.937039966461697,79.887048071548335,0,0,0,0,0,0,0
79.937039966461697,80.03702375628842,79.987031861375058,0,0,0,0,0,0,0
80.03702375628842,80.137007546115143,80.087015651201781,0,0,0,0,0,0,0
80.137007546115143,80.236991335941866,80.186999441028505,0,0,0,0,0,0,0
80.236991335941866,80.336975125768561,80.286983230855213,0,0,0,0,0,0,0
80.336975125768561,80.436958915595284,80.386967020681922,0,0,0,0,0,0,0
80.436958915595284,80.536942705422007,80.486950810508645,0,0,0,0,0,0,0
80.536942705422007,80.63692649524873,80.586934600335368,0,0,0,0,0,0,0
80.63692649524873,80.736910285075453,80.686918390162091,0,0,0,0,0,0,0
80.736910285075453,80.836894074902176,80.786902179988815,0,0,0,0,0,0,0
80.836894074902176,80.936877864728899,80.886885969815538,0,0,0,0,0,0,0
80.936877864728899,81.036861654555594,80.986869759642246,0,0,0,0,0,0,0
81.036861654555594,81.136845444382317,81.086853549468955,0,0,0,0,0,0,0
81.136845444382317,81.23682923420904,81.186837339295678,0,0,0,0,0,0,0
81.23682923420904,81.336813024035763,81.286821129122401,0,0,0,0,0,0,0
81.336813024035763,81.436796813862486,81.386804918949124,0,0,0,0,0,0,0
81.436796813862486,81.536780603689209,81.486788708775848,0,0,0,0,0,0,0
81.536780603689209,81.636764393515932,81.586772498602571,0,0,0,0,0,0,0
81.636764393515932,81.736748183342627,81.686756288429279,0,0,0,0,0,0,0
81.736748183342627,81.83673197316935,81.786740078255988,0,0,0,0,0,0,0
81.83673197316935,81.936715762996073,81.886723868082711,0,0,0,0,0,0,0
81.936715762996073,82.036699552822796,81.986707657909434,0,0,0,0,0,0,0
82.036699552822796,82.136683342649519,82.086691447736158,0,0,0,0,0,0,0
82.136683342649519,82.236667132476242,82.186675237562881,0,0,0,0,0,0,0
82.236667132476242,82.336650922302965,82.286659027389604,0,0,0,0,0,0,0
82.336650922302965,82.43663471212966,82.386642817216313,0,0,0,0,0,0,0
82.43663471212966,82.536618501956383,82.486626607043021,0,0,0,0,0,0,0
82.536618501956383,82.636602291783106,82.586610396869744,0,0,0,0,0,0,0
82.636602291783106,82.736586081609829,82.686594186696468,0,0,0,0,0,0,0
82.736586081609829,82.836569871436552,82.786577976523191,0,0,0,0,0,0,0
82.836569871436552,82.936553661263247,82.886561766349899,0,0,0,0,0,0,0
82.936553661263247,83.03653745108997,82.986545556176608,0,0,0,0,0,0,0
83.03653745108997,83.136521240916693,83.086529346003331,0,0,0,0,0,0,0
83.136521240916693,83.236505030743416,83.186513135830054,0,0,0,0,0,0,0
83.236505030743416,83.336488820570139,83.286496925656778,0,0,0,0,0,0,0
83.336488820570139,83.436472610396862,83.386480715483501,0,0,0,0,0,0,0
83.436472610396862,83.536456400223585,83.486464505310224,0,0,0,0,0,0,0
83.536456400223585,83.63644019005028,83.586448295136933,0,0,0,0,0,0,0
83.63644019005028,83.736423979877003,83.686432084963641,0,0,0,0,0,0,0
83.736423979877003,83.836407769703726,83.786415874790364,0,0,0,0,0,0,0
83.836407769703726,83.936391559530449,83.886399664617088,0,0,0,0,0,0,0
83.936391559530449,84.036375349357172,83.986383454443811,0,0,0,0,0,0,0
84.036375349357172,84.136359139183895,84.086367244270534,0,0,0,0,0,0,0
84.136359139183895,84.236342929010618,84.186351034097257,0,0,0,0,0,0,0
84.236342929010618,84.336326718837313,84.286334823923966,0,0,0,0,0,0,0
84.336326718837313,84.436310508664036,84.386318613750674,0,0,0,0,0,0,0
84.436310508664036,84.536294298490759,84.486302403577398,0,0,0,0,0,0,0
84.536294298490759,84.636278088317482,84.586286193404121,0,0,0,0,0,0,0
84.636278088317482,84.736261878144205,84.686269983230844,0,0,0,0,0,0,0
84.736261878144205,84.836245667970928,84.786253773057567,0,0,0,0,0,0,0
84.836245667970928,84.936229457797651,84.88623756288429,0,0,0,0,0,0,0
84.936229457797651,85.036213247624346,84.986221352710999,0,0,0,0,0,0,0
85.036213247624346,85.136197037451069,85.086205142537708,0,0,0,0,0,0,0
85.136197037451069,85.236180827277792,85.186188932364431,0,0,0,0,0,0,0
85.236180827277792,85.336164617104515,85.286172722191154,0,0,0,0,0,0,0
85.336164617104515,85.436148406931238,85.386156512017877,0,0,0,0,0,0,0
85.436148406931238,85.536132196757961,85.4861403018446,0,0,0,0,0,0,0
85.536132196757961,85.636115986584684,85.586124091671323,0,0,0,0,0,0,0
85.636115986584684,85.736099776411379,85.686107881498032,0,0,0,0,0,0,0
85.736099776411379,85.836083566238102,85.786091671324741,0,0,0,0,0,0,0
85.836083566238102,85.936067356064825,85.886075461151464,0,0,0,0,0,0,0
85.936067356064825,86.036051145891548,85.986059250978187,0,0,0,0,0,0,0
86.036051145891548,86.136034935718271,86.08604304080491,0,0,0,0,0,0,0
86.136034935718271,86.236018725544994,86.186026830631633,0,0,0,0,0,0,0
86.236018725544994,86.336002515371717,86.286010620458356,0,0,0,0,0,0,0
86.336002515371717,86.435986305198412,86.385994410285065,0,0,0,0,0,0,0
86.435986305198412,86.535970095025135,86.485978200111774,0,0,0,0,0,0,0
86.535970095025135,86.635953884851858,86.585961989938497,0,0,0,0,0,0,0
86.635953884851858,86.735937674678581,86.68594577976522,0,0,0,0,0,0,0
86.735937674678581,86.835921464505304,86.785929569591943,0,0,0,0,0,0,0
86.835921464505304,86.935905254332027,86.885913359418666,0,0,0,0,0,0,0
86.935905254332027,87.03588904415875,86.985897149245389,0,0,0,0,0,0,0
87.03588904415875,87.135872833985445,87.085880939072098,0,0,0,0,0,0,0
87.135872833985445,87.235856623812168,87.185864728898807,0,0,0,0,0,0,0
87.235856623812168,87.335840413638891,87.28584851872553,0,0,0,0,0,0,0
87.335840413638891,87.435824203465614,87.385832308552253,0,0,0,0,0,0,0
87.435824203465614,87.535807993292337,87.485816098378976,0,0,0,0,0,0,0
87.535807993292337,87.635791783119032,87.585799888205685,0,0,0,0,0,0,0
87.635791783119032,87.735775572945755,87.685783678032394,0,0,0,0,0,0,0
87.735775572945755,87.835759362772478,87.785767467859117,0,0,0,0,0,0,0
87.835759362772478,87.935743152599201,87.88575125768584,0,0,0,0,0,0,0
87.935743152599201,88.035726942425924,87.985735047512563,0,0,0,0,0,0,0
88.035726942425924,88.135710732252647,88.085718837339286,0,0,0,0,0,0,0
88.135710732252647,88.23569452207937,88.185702627166009,0,0,0,0,0,0,0
88.23569452207937,88.335678311906065,88.285686416992718,0,0,0,0,0,0,0
88.335678311906065,88.435662101732788,88.385670206819427,0,0,0,0,0,0,0
88.435662101732788,88.535645891559511,88.48565399664615,0,0,0,0,0,0,0
88.535645891559511,88.635629681386234,88.585637786472873,0,0,0,0,0,0,0
88.635629681386234,88.735613471212957,88.685621576299596,0,0,0,0,0,0,0
88.735613471212957,88.83559726103968,88.785605366126319,0,0,0,0,0,0,0
88.83559726103968,88.935581050866404,88.885589155953042,0,0,0,0,0,0,0
88.935581050866404,89.035564840693098,88.985572945779751,0,0,0,0,0,0,0
89.035564840693098,89.135548630519821,89.08555673560646,0,0,0,0,0,0,0
89.135548630519821,89.235532420346544,89.185540525433183,0,0,0,0,0,0,0
89.235532420346544,89.335516210173267,89.285524315259906,0,0,0,0,0,0,0
89.335516210173267,89.43549999999999,89.385508105086629,0,0,0,0,0,0,0
89.43549999999999,89.535483789826714,89.485491894913352,0,0,0,0,0,0,0
89.535483789826714,89.635467579653437,89.585475684740075,0,0,0,0,0,0,0
89.635467579653437,89.735451369480131,89.685459474566784,0,0,0,0,0,0,0
89.735451369480131,89.835435159306854,89.785443264393493,0,0,0,0,0,0,0
89.835435159306854,89.935418949133577,89.885427054220216,0,0,0,0,0,0,0
89.935418949133577,90.0354027389603,89.985410844046939,0,0,0,0,0,0,0
90.0354027389603,90.135386528787024,90.085394633873662,0,0,0,0,0,0,0
90.135386528787024,90.235370318613747,90.185378423700385,0,0,0,0,0,0,0
90.235370318613747,90.33535410844047,90.285362213527108,0,0,0,0,0,0,0
90.33535410844047,90.435337898267164,90.385346003353817,0,0,0,0,0,0,0
90.435337898267164,90.535321688093887,90.485329793180526,0,0,0,0,0,0,0
90.535321688093887,90.63530547792061,90.585313583007249,0,0,0,0,0,0,0
90.63530547792061,90.735289267747333,90.685297372833972,0,0,0,0,0,0,0
90.735289267747333,90.835273057574057,90.785281162660695,0,0,0,0,0,0,0
90.835273057574057,90.93525684740078,90.885264952487418,0,0,0,0,0,0,0
90.93525684740078,91.035240637227503,90.985248742314141,0,0,0,0,0,0,0
91.035240637227503,91.135224427054197,91.08523253214085,0,0,0,0,0,0,0
91.135224427054197,91.23520821688092,91.185216321967559,0,0,0,0,0,0,0
91.23520821688092,91.335192006707643,91.285200111794282,0,0,0,0,0,0,0
91.335192006707643,91.435175796534367,91.385183901621005,0,0,0,0,0,0,0
91.435175796534367,91.53515958636109,91.485167691447728,0,0,0,0,0,0,0
91.53515958636109,91.635143376187813,91.585151481274451,0,0,0,0,0,0,0
91.635143376187813,91.735127166014536,91.685135271101174,0,0,0,0,0,0,0
91.735127166014536,91.83511095584123,91.785119060927883,0,0,0,0,0,0,0
91.83511095584123,91.935094745667953,91.885102850754592,0,0,0,0,0,0,0
91.935094745667953,92.035078535494677,91.985086640581315,0,0,0,0,0,0,0
92.035078535494677,92.1350623253214,92.085070430408038,0,0,0,0,0,0,0
92.1350623253214,92.235046115148123,92.185054220234761,0,0,0,0,0,0,0
92.235046115148123,92.335029904974817,92.28503801006147,0,0,0,0,0,0,0
92.335029904974817,92.43501369480154,92.385021799888179,0,0,0,0,0,0,0
92.43501369480154,92.534997484628263,92.485005589714902,0,0,0,0,0,0,0
92.534997484628263,92.634981274454987,92.584989379541625,0,0,0,0,0,0,0
92.634981274454987,92.73496506428171,92.684973169368348,0,0,0,0,0,0,0
92.73496506428171,92.834948854108433,92.784956959195071,0,0,0,0,0,0,0
92.834948854108433,92.934932643935156,92.884940749021794,0,0,0,0,0,0,0
92.934932643935156,93.03491643376185,92.984924538848503,0,0,0,0,0,0,0
93.03491643376185,93.134900223588573,93.084908328675212,0,0,0,0,0,0,0
93.134900223588573,93.234884013415297,93.184892118501935,0,0,0,0,0,0,0
93.234884013415297,93.33486780324202,93.284875908328658,0,0,0,0,0,0,0
93.33486780324202,93.434851593068743,93.384859698155381,0,0,0,0,0,0,0
93.434851593068743,93.534835382895466,93.484843487982104,0,0,0,0,0,0,0
93.534835382895466,93.634819172722189,93.584827277808827,0,0,0,0,0,0,0
93.634819172722189,93.734802962548883,93.684811067635536,0,0,0,0,0,0,0
93.734802962548883,93.834786752375607,93.784794857462245,0,0,0,0,0,0,0
93.834786752375607,93.93477054220233,93.884778647288968,0,0,0,0,0,0,0
93.93477054220233,94.034754332029053,93.984762437115691,0,0,0,0,0,0,0
94.034754332029053,94.134738121855776,94.084746226942414,0,0,0,0,0,0,0
94.134738121855776,94.234721911682499,94.184730016769137,0,0,0,0,0,0,0
94.234721911682499,94.334705701509222,94.28471380659586,0,0,0,0,0,0,0
94.334705701509222,94.434689491335917,94.384697596422569,0,0,0,0,0,0,0
94.434689491335917,94.53467328116264,94.484681386249278,0,0,0,0,0,0,0
94.53467328116264,94.634657070989363,94.584665176076001,0,0,0,0,0,0,0
94.634657070989363,94.734640860816086,94.684648965902724,0,0,0,0,0,0,0
94.734640860816086,94.834624650642809,94.784632755729447,0,0,0,0,0,0,0
94.834624650642809,94.934608440469532,94.88461654555617,0,0,0,0,0,0,0
94.934608440469532,95.034592230296255,94.984600335382893,0,0,0,0,0,0,0
95.034592230296255,95.13457602012295,95.084584125209602,0,0,0,0,0,0,0
95.13457602012295,95.234559809949673,95.184567915036311,0,0,0,0,0,0,0
95.234559809949673,95.334543599776396,95.284551704863034,0,0,0,0,0,0,0
95.334543599776396,95.434527389603119,95.384535494689757,0,0,0,0,0,0,0
95.434527389603119,95.534511179429842,95.48451928451648,0,0,0,0,0,0,0
95.534511179429842,95.634494969256565,95.584503074343203,0,0,0,0,0,0,0
95.634494969256565,95.734478759083288,95.684486864169926,0,0,0,0,0,0,0
95.734478759083288,95.834462548909983,95.784470653996635,0,0,0,0,0,0,0
95.834462548909983,95.934446338736706,95.884454443823344,0,0,0,0,0,0,0
95.934446338736706,96.034430128563429,95.984438233650067,0,0,0,0,0,0,0
96.034430128563429,96.134413918390152,96.08442202347679,0,0,0,0,0,0,0
96.134413918390152,96.234397708216875,96.184405813303513,0,0,0,0,0,0,0
96.234397708216875,96.334381498043598,96.284389603130236,0,0,0,0,0,0,0
96.334381498043598,96.434365287870321,96.384373392956959,0,0,0,0,0,0,0
96.434365287870321,96.534349077697016,96.484357182783668,0,0,0,0,0,0,0
96.534349077697016,96.634332867523739,96.584340972610377,0,0,0,0,0,0,0
96.634332867523739,96.734316657350462,96.6843247624371,0,0,0,0,0,0,0
96.734316657350462,96.834300447177185,96.784308552263823,0,0,0,0,0,0,0
96.834300447177185,96.934284237003908,96.884292342090546,0,0,0,0,0,0,0
96.934284237003908,97.034268026830603,96.984276131917255,0,0,0,0,0,0,0
97.034268026830603,97.134251816657326,97.084259921743964,0,0,0,0,0,0,0
97.134251816657326,97.234235606484049,97.184243711570687,0,0,0,0,0,0,0
97.234235606484049,97.334219396310772,97.28422750139741,0,0,0,0,0,0,0
97.334219396310772,97.434203186137495,97.384211291224133,0,0,0,0,0,0,0
97.434203186137495,97.534186975964218,97.484195081050856,0,0,0,0,0,0,0
97.534186975964218,97.634170765790941,97.584178870877579,0,0,0,0,0,0,0
97.634170765790941,97.734154555617636,97.684162660704288,0,0,0,0,0,0,0
97.734154555617636,97.834138345444359,97.784146450530997,0,0,0,0,0,0,0
97.834138345444359,97.934122135271082,97.88413024035772,0,0,0,0,0,0,0
97.934122135271082,98.034105925097805,97.984114030184443,0,0,0,0,0,0,0
98.034105925097805,98.134089714924528,98.084097820011166,0,0,0,0,0,0,0
98.134089714924528,98.234073504751251,98.184081609837889,0,0,0,0,0,0,0
98.234073504751251,98.334057294577974,98.284065399664613,0,0,0,0,0,0,0
98.334057294577974,98.434041084404669,98.384049189491321,0,0,0,0,0,0,0
98.434041084404669,98.534024874231392,98.48403297931803,0,0,0,0,0,0,0
98.534024874231392,98.634008664058115,98.584016769144753,0,0,0,0,0,0,0
98.634008664058115,98.733992453884838,98.684000558971476,0,0,0,0,0,0,0
98.733992453884838,98.833976243711561,98.783984348798199,0,0,0,0,0,0,0
98.833976243711561,98.933960033538284,98.883968138624923,0,0,0,0,0,0,0
98.933960033538284,99.033943823365007,98.983951928451646,0,0,0,0,0,0,0
99.033943823365007,99.133927613191702,99.083935718278354,0,0,0,0,0,0,0
99.133927613191702,99.233911403018425,99.183919508105063,0,0,0,0,0,0,0
99.233911403018425,99.333895192845148,99.283903297931786,0,0,0,0,0,0,0
99.333895192845148,99.433878982671871,99.383887087758509,0,0,0,0,0,0,0
99.433878982671871,99.533862772498594,99.483870877585233,0,0,0,0,0,0,0
99.533862772498594,99.633846562325317,99.583854667411956,0,0,0,0,0,0,0
99.633846562325317,99.73383035215204,99.683838457238679,0,0,0,0,0,0,0
99.73383035215204,99.833814141978735,99.783822247065388,0,0,0,0,0,0,0
99.833814141978735,99.933797931805458,99.883806036892096,0,0,0,0,0,0,0
99.933797931805458,100.03378172163218,99.983789826718819,0,0,0,0,0,0,0
100.03378172163218,100.1337655114589,100.08377361654554,0,0,0,0,0,0,0
100.1337655114589,100.23374930128563,100.18375740637227,0,0,0,0,0,0,0
100.23374930128563,100.33373309111235,100.28374119619899,0,0,0,0,0,0,0
100.33373309111235,100.43371688093907,100.38372498602571,0,0,0,0,0,0,0
100.43371688093907,100.53370067076577,100.48370877585242,0,0,0,0,0,0,0
100.53370067076577,100.63368446059249,100.58369256567913,0,0,0,0,0,0,0
100.63368446059249,100.73366825041921,100.68367635550585,0,0,0,0,0,0,0
100.73366825041921,100.83365204024594,100.78366014533258,0,0,0,0,0,0,0
100.83365204024594,100.93363583007266,100.8836439351593,0,0,0,0,0,0,0
100.93363583007266,101.03361961989938,100.98362772498602,0,0,0,0,0,0,0
101.03361961989938,101.13360340972611,101.08361151481274,0,0,0,0,0,0,0
101.13360340972611,101.2335871995528,101.18359530463945,0,0,0,0,0,0,0
101.2335871995528,101.33357098937952,101.28357909446616,0,0,0,0,0,0,0
101.33357098937952,101.43355477920625,101.38356288429289,0,0,0,0,0,0,0
101.43355477920625,101.53353856903297,101.48354667411961,0,0,0,0,0,0,0
101.53353856903297,101.63352235885969,101.58353046394633,0,0,0,0,0,0,0
101.63352235885969,101.73350614868639,101.68351425377304,0,0,0,0,0,0,0
101.73350614868639,101.83348993851311,101.78349804359975,0,0,0,0,0,0,0
101.83348993851311,101.93347372833983,101.88348183342647,0,0,0,0,0,0,0
101.93347372833983,102.03345751816656,101.9834656232532,0,0,0,0,0,0,0
102.03345751816656,102.13344130799328,102.08344941307992,0,0,0,0,0,0,0
102.13344130799328,102.23342509782,102.18343320290664,0,0,0,0,0,0,0
102.23342509782,102.33340888764673,102.28341699273336,0,0,0,0,0,0,0
102.33340888764673,102.43339267747342,102.38340078256007,0,0,0,0,0,0,0
102.43339267747342,102.53337646730014,102.48338457238678,0,0,0,0,0,0,0
102.53337646730014,102.63336025712687,102.58336836221351,0,0,0,0,0,0,0
102.63336025712687,102.73334404695359,102.68335215204023,0,0,0,0,0,0,0
102.73334404695359,102.83332783678031,102.78333594186695,0,0,0,0,0,0,0
102.83332783678031,102.93331162660704,102.88331973169367,0,0,0,0,0,0,0
102.93331162660704,103.03329541643376,102.9833035215204,0,0,0,0,0,0,0
103.03329541643376,103.13327920626045,103.08328731134711,0,0,0,0,0,0,0
103.13327920626045,103.23326299608718,103.18327110117382,0,0,0,0,0,0,0
103.23326299608718,103.3332467859139,103.28325489100054,0,0,0,0,0,0,0
103.3332467859139,103.43323057574062,103.38323868082726,0,0,0,0,0,0,0
103.43323057574062,103.53321436556735,103.48322247065398,0,0,0,0,0,0,0
103.53321436556735,103.63319815539407,103.58320626048071,0,0,0,0,0,0,0
103.63319815539407,103.73318194522079,103.68319005030743,0,0,0,0,0,0,0
103.73318194522079,103.83316573504749,103.78317384013414,0,0,0,0,0,0,0
103.83316573504749,103.93314952487421,103.88315762996085,0,0,0,0,0,0,0
103.93314952487421,104.03313331470093,103.98314141978757,0,0,0,0,0,0,0
104.03313331470093,104.13311710452766,104.08312520961429,0,0,0,0,0,0,0
104.13311710452766,104.23310089435438,104.18310899944102,0,0,0,0,0,0,0
104.23310089435438,104.3330846841811,104.28309278926774,0,0,0,0,0,0,0
104.3330846841811,104.43306847400783,104.38307657909446,0,0,0,0,0,0,0
104.43306847400783,104.53305226383452,104.48306036892117,0,0,0,0,0,0,0
104.53305226383452,104.63303605366124,104.58304415874788,0,0,0,0,0,0,0
104.63303605366124,104.73301984348797,104.6830279485746,0,0,0,0,0,0,0
104.73301984348797,104.83300363331469,104.78301173840133,0,0,0,0,0,0,0
104.83300363331469,104.93298742314141,104.88299552822805,0,0,0,0,0,0,0
104.93298742314141,105.03297121296814,104.98297931805477,0,0,0,0,0,0,0
105.03297121296814,105.13295500279486,105.0829631078815,0,0,0,0,0,0,0
105.13295500279486,105.23293879262155,105.18294689770821,0,0,0,0,0,0,0
105.23293879262155,105.33292258244828,105.28293068753491,0,0,0,0,0,0,0
105.33292258244828,105.432906372275,105.38291447736164,0,0,0,0,0,0,0
105.432906372275,105.53289016210172,105.48289826718836,0,0,0,0,0,0,0
105.53289016210172,105.63287395192845,105.58288205701508,0,0,0,0,0,0,0
105.63287395192845,105.73285774175517,105.68286584684181,0,0,0,0,0,0,0
105.73285774175517,105.83284153158189,105.78284963666853,0,0,0,0,0,0,0
105.83284153158189,105.93282532140859,105.88283342649524,0,0,0,0,0,0,0
105.93282532140859,106.03280911123531,105.98281721632195,0,0,0,0,0,0,0
106.03280911123531,106.13279290106203,106.08280100614867,0,0,0,0,0,0,0
106.13279290106203,106.23277669088876,106.18278479597539,0,0,0,0,0,0,0
106.23277669088876,106.33276048071548,106.28276858580212,0,0,0,0,0,0,0
106.33276048071548,106.43274427054217,106.38275237562883,0,0,0,0,0,0,0
106.43274427054217,106.5327280603689,106.48273616545553,0,0,0,0,0,0,0
106.5327280603689,106.63271185019562,106.58271995528226,0,0,0,0,0,0,0
106.63271185019562,106.73269564002234,106.68270374510898,0,0,0,0,0,0,0
106.73269564002234,106.83267942984907,106.7826875349357,0,0,0,0,0,0,0
106.83267942984907,106.93266321967579,106.88267132476243,0,0,0,0,0,0,0
106.93266321967579,107.03264700950251,106.98265511458915,0,0,0,0,0,0,0
107.03264700950251,107.13263079932921,107.08263890441586,0,0,0,0,0,0,0
107.13263079932921,107.23261458915593,107.18262269424257,0,0,0,0,0,0,0
107.23261458915593,107.33259837898265,107.28260648406929,0,0,0,0,0,0,0
107.33259837898265,107.43258216880938,107.38259027389601,0,0,0,0,0,0,0
107.43258216880938,107.5325659586361,107.48257406372274,0,0,0,0,0,0,0
107.5325659586361,107.63254974846282,107.58255785354946,0,0,0,0,0,0,0
107.63254974846282,107.73253353828954,107.68254164337618,0,0,0,0,0,0,0
107.73253353828954,107.83251732811624,107.78252543320289,0,0,0,0,0,0,0
107.83251732811624,107.93250111794296,107.8825092230296,0,0,0,0,0,0,0
107.93250111794296,108.03248490776969,107.98249301285632,0,0,0,0,0,0,0
108.03248490776969,108.13246869759641,108.08247680268305,0,0,0,0,0,0,0
108.13246869759641,108.23245248742313,108.18246059250977,0,0,0,0,0,0,0
108.23245248742313,108.33243627724985,108.28244438233649,0,0,0,0,0,0,0
108.33243627724985,108.43242006707658,108.38242817216322,0,0,0,0,0,0,0
108.43242006707658,108.53240385690327,108.48241196198992,0,0,0,0,0,0,0
108.53240385690327,108.63238764673,108.58239575181663,0,0,0,0,0,0,0
108.63238764673,108.73237143655672,108.68237954164336,0,0,0,0,0,0,0
108.73237143655672,108.83235522638344,108.78236333147008,0,0,0,0,0,0,0
108.83235522638344,108.93233901621016,108.8823471212968,0,0,0,0,0,0,0
108.93233901621016,109.03232280603689,108.98233091112353,0,0,0,0,0,0,0
109.03232280603689,109.13230659586361,109.08231470095025,0,0,0,0,0,0,0
109.13230659586361,109.23229038569031,109.18229849077696,0,0,0,0,0,0,0
109.23229038569031,109.33227417551703,109.28228228060367,0,0,0,0,0,0,0
109.33227417551703,109.43225796534375,109.38226607043039,0,0,0,0,0,0,0
109.43225796534375,109.53224175517047,109.48224986025711,0,0,0,0,0,0,0
109.53224175517047,109.6322255449972,109.58223365008384,0,0,0,0,0,0,0
109.6322255449972,109.73220933482392,109.68221743991056,0,0,0,0,0,0,0
109.73220933482392,109.83219312465064,109.78220122973728,0,0,0,0,0,0,0
109.83219312465064,109.93217691447734,109.88218501956399,0,0,0,0,0,0,0
109.93217691447734,110.03216070430406,109.9821688093907,0,0,0,0,0,0,0
110.03216070430406,110.13214449413078,110.08215259921742,0,0,0,0,0,0,0
110.13214449413078,110.23212828395751,110.18213638904415,0,0,0,0,0,0,0
110.23212828395751,110.33211207378423,110.28212017887087,0,0,0,0,0,0,0
110.33211207378423,110.43209586361095,110.38210396869759,0,0,0,0,0,0,0
110.43209586361095,110.53207965343768,110.48208775852432,0,0,0,0,0,0,0
110.53207965343768,110.63206344326437,110.58207154835102,0,0,0,0,0,0,0
110.63206344326437,110.73204723309109,110.68205533817773,0,0,0,0,0,0,0
110.73204723309109,110.83203102291782,110.78203912800446,0,0,0,0,0,0,0
110.83203102291782,110.93201481274454,110.88202291783118,0,0,0,0,0,0,0
110.93201481274454,111.03199860257126,110.9820067076579,0,0,0,0,0,0,0
111.03199860257126,111.13198239239796,111.08199049748461,0,0,0,0,0,0,0
111.13198239239796,111.23196618222468,111.18197428731132,0,0,0,0,0,0,0
111.23196618222468,111.3319499720514,111.28195807713804,0,0,0,0,0,0,0
111.3319499720514,111.43193376187813,111.38194186696477,0,0,0,0,0,0,0
111.43193376187813,111.53191755170485,111.48192565679149,0,0,0,0,0,0,0
111.53191755170485,111.63190134153157,111.58190944661821,0,0,0,0,0,0,0
111.63190134153157,111.7318851313583,111.68189323644494,0,0,0,0,0,0,0
111.7318851313583,111.83186892118499,111.78187702627164,0,0,0,0,0,0,0
111.83186892118499,111.93185271101171,111.88186081609835,0,0,0,0,0,0,0
111.93185271101171,112.03183650083844,111.98184460592508,0,0,0,0,0,0,0
112.03183650083844,112.13182029066516,112.0818283957518,0,0,0,0,0,0,0
112.13182029066516,112.23180408049188,112.18181218557852,0,0,0,0,0,0,0
112.23180408049188,112.33178787031861,112.28179597540525,0,0,0,0,0,0,0
112.33178787031861,112.43177166014533,112.38177976523197,0,0,0,0,0,0,0
112.43177166014533,112.53175544997202,112.48176355505868,0,0,0,0,0,0,0
112.53175544997202,112.63173923979875,112.58174734488539,0,0,0,0,0,0,0
112.63173923979875,112.73172302962547,112.68173113471211,0,0,0,0,0,0,0
112.73172302962547,112.83170681945219,112.78171492453883,0,0,0,0,0,0,0
112.83170681945219,112.93169060927892,112.88169871436556,0,0,0,0,0,0,0
112.93169060927892,113.03167439910564,112.98168250419228,0,0,0,0,0,0,0
113.03167439910564,113.13165818893236,113.081666294019,0,0,0,0,0,0,0
113.13165818893236,113.23164197875906,113.18165008384571,0,0,0,0,0,0,0
113.23164197875906,113.33162576858578,113.28163387367242,0,0,0,0,0,0,0
113.33162576858578,113.4316095584125,113.38161766349914,0,0,0,0,0,0,0
113.4316095584125,113.53159334823923,113.48160145332587,0,0,0,0,0,0,0
113.53159334823923,113.63157713806595,113.58158524315259,0,0,0,0,0,0,0
113.63157713806595,113.73156092789267,113.68156903297931,0,0,0,0,0,0,0
113.73156092789267,113.8315447177194,113.78155282280603,0,0,0,0,0,0,0
113.8315447177194,113.93152850754609,113.88153661263274,0,0,0,0,0,0,0
113.93152850754609,114.03151229737281,113.98152040245945,0,0,0,0,0,0,0
114.03151229737281,114.13149608719954,114.08150419228618,0,0,0,0,0,0,0
114.13149608719954,114.23147987702626,114.1814879821129,0,0,0,0,0,0,0
114.23147987702626,114.33146366685298,114.28147177193962,0,0,0,0,0,0,0
114.33146366685298,114.43144745667971,114.38145556176634,0,0,0,0,0,0,0
114.43144745667971,114.53143124650643,114.48143935159307,0,0,0,0,0,0,0
114.53143124650643,114.63141503633312,114.58142314141978,0,0,0,0,0,0,0
114.63141503633312,114.73139882615985,114.68140693124649,0,0,0,0,0,0,0
114.73139882615985,114.83138261598657,114.78139072107321,0,0,0,0,0,0,0
114.83138261598657,114.93136640581329,114.88137451089993,0,0,0,0,0,0,0
114.93136640581329,115.03135019564002,114.98135830072665,0,0,0,0,0,0,0
115.03135019564002,115.13133398546674,115.08134209055338,0,0,0,0,0,0,0
115.13133398546674,115.23131777529346,115.1813258803801,0,0,0,0,0,0,0
115.23131777529346,115.33130156512016,115.28130967020681,0,0,0,0,0,0,0
115.33130156512016,115.43128535494688,115.38129346003352,0,0,0,0,0,0,0
115.43128535494688,115.5312691447736,115.48127724986024,0,0,0,0,0,0,0
115.5312691447736,115.63125293460033,115.58126103968696,0,0,0,0,0,0,0
115.63125293460033,115.73123672442705,115.68124482951369,0,0,0,0,0,0,0
115.73123672442705,115.83122051425374,115.7812286193404,0,0,0,0,0,0,0
115.83122051425374,115.93120430408047,115.88121240916711,0,0,0,0,0,0,0
115.93120430408047,116.03118809390719,115.98119619899383,0,0,0,0,0,0,0
116.03118809390719,116.13117188373391,116.08117998882055,0,0,0,0,0,0,0
116.13117188373391,116.23115567356064,116.18116377864727,0,0,0,0,0,0,0
116.23115567356064,116.33113946338736,116.281147568474,0,0,0,0,0,0,0
116.33113946338736,116.43112325321408,116.38113135830072,0,0,0,0,0,0,0
116.43112325321408,116.53110704304078,116.48111514812743,0,0,0,0,0,0,0
116.53110704304078,116.6310908328675,116.58109893795414,0,0,0,0,0,0,0
116.6310908328675,116.73107462269422,116.68108272778086,0,0,0,0,0,0,0
116.73107462269422,116.83105841252095,116.78106651760758,0,0,0,0,0,0,0
116.83105841252095,116.93104220234767,116.88105030743431,0,0,0,0,0,0,0
116.93104220234767,117.03102599217439,116.98103409726103,0,0,0,0,0,0,0
117.03102599217439,117.13100978200112,117.08101788708775,0,0,0,0,0,0,0
117.13100978200112,117.23099357182781,117.18100167691446,0,0,0,0,0,0,0
117.23099357182781,117.33097736165453,117.28098546674117,0,0,0,0,0,0,0
117.33097736165453,117.43096115148126,117.38096925656789,0,0,0,0,0,0,0
117.43096115148126,117.53094494130798,117.48095304639462,0,0,0,0,0,0,0
117.53094494130798,117.6309287311347,117.58093683622134,0,0,0,0,0,0,0
117.6309287311347,117.73091252096143,117.68092062604806,0,0,0,0,0,0,0
117.73091252096143,117.83089631078815,117.78090441587479,0,0,0,0,0,0,0
117.83089631078815,117.93088010061484,117.8808882057015,0,0,0,0,0,0,0
117.93088010061484,118.03086389044157,117.9808719955282,0,0,0,0,0,0,0
118.03086389044157,118.13084768026829,118.08085578535493,0,0,0,0,0,0,0
118.13084768026829,118.23083147009501,118.18083957518165,0,0,0,0,0,0,0
118.23083147009501,118.33081525992174,118.28082336500837,0,0,0,0,0,0,0
118.33081525992174,118.43079904974846,118.3808071548351,0,0,0,0,0,0,0
118.43079904974846,118.53078283957518,118.48079094466182,0,0,0,0,0,0,0
118.53078283957518,118.63076662940188,118.58077473448853,0,0,0,0,0,0,0
118.63076662940188,118.7307504192286,118.68075852431524,0,0,0,0,0,0,0
118.7307504192286,118.83073420905532,118.78074231414196,0,0,0,0,0,0,0
118.83073420905532,118.93071799888205,118.88072610396868,0,0,0,0,0,0,0
118.93071799888205,119.03070178870877,118.98070989379541,0,0,0,0,0,0,0
119.03070178870877,119.13068557853549,119.08069368362213,0,0,0,0,0,0,0
119.13068557853549,119.23066936836221,119.18067747344885,0,0,0,0,0,0,0
119.23066936836221,119.33065315818891,119.28066126327556,0,0,0,0,0,0,0
119.33065315818891,119.43063694801563,119.38064505310227,0,0,0,0,0,0,0
119.43063694801563,119.53062073784236,119.48062884292899,0,0,0,0,0,0,0
119.53062073784236,119.63060452766908,119.58061263275572,0,0,0,0,0,0,0
119.63060452766908,119.7305883174958,119.68059642258244,0,0,0,0,0,0,0
119.7305883174958,119.83057210732252,119.78058021240916,0,0,0,0,0,0,0
119.83057210732252,119.93055589714925,119.88056400223589,0,0,0,0,0,0,0
119.93055589714925,120.03053968697594,119.98054779206259,0,0,0,0,0,0,0
120.03053968697594,120.13052347680267,120.0805315818893,0,0,0,0,0,0,0
120.13052347680267,120.23050726662939,120.18051537171603,0,0,0,0,0,0,0
120.23050726662939,120.33049105645611,120.28049916154275,0,0,0,0,0,0,0
120.33049105645611,120.43047484628283,120.38048295136947,0,0,0,0,0,0,0
120.43047484628283,120.53045863610953,120.48046674119618,0,0,0,0,0,0,0
120.53045863610953,120.63044242593625,120.58045053102289,0,0,0,0,0,0,0
120.63044242593625,120.73042621576298,120.68043432084961,0,0,0,0,0,0,0
120.73042621576298,120.8304100055897,120.78041811067634,0,0,0,0,0,0,0
120.8304100055897,120.93039379541642,120.88040190050306,0,0,0,0,0,0,0
120.93039379541642,121.03037758524314,120.98038569032978,0,0,0,0,0,0,0
121.03037758524314,121.13036137506987,121.08036948015651,0,0,0,0,0,0,0
121.13036137506987,121.23034516489656,121.18035326998321,0,0,0,0,0,0,0
121.23034516489656,121.33032895472329,121.28033705980992,0,0,0,0,0,0,0
121.33032895472329,121.43031274455001,121.38032084963665,0,0,0,0,0,0,0
121.43031274455001,121.53029653437673,121.48030463946337,0,0,0,0,0,0,0
121.53029653437673,121.63028032420345,121.58028842929009,0,0,0,0,0,0,0
121.63028032420345,121.73026411403018,121.68027221911682,0,0,0,0,0,0,0
121.73026411403018,121.8302479038569,121.78025600894354,0,0,0,0,0,0,0
121.8302479038569,121.9302316936836,121.88023979877025,0,0,0,0,0,0,0
121.9302316936836,122.03021548351032,121.98022358859696,0,0,0,0,0,0,0
122.03021548351032,122.13019927333704,122.08020737842368,0,0,0,0,0,0,0
122.13019927333704,122.23018306316376,122.1801911682504,0,0,0,0,0,0,0
122.23018306316376,122.33016685299049,122.28017495807713,0,0,0,0,0,0,0
122.33016685299049,122.43015064281721,122.38015874790385,0,0,0,0,0,0,0
122.43015064281721,122.53013443264393,122.48014253773057,0,0,0,0,0,0,0
122.53013443264393,122.63011822247063,122.58012632755728,0,0,0,0,0,0,0
122.63011822247063,122.73010201229735,122.68011011738399,0,0,0,0,0,0,0
122.73010201229735,122.83008580212407,122.78009390721071,0,0,0,0,0,0,0
122.83008580212407,122.9300695919508,122.88007769703744,0,0,0,0,0,0,0
122.9300695919508,123.03005338177752,122.98006148686416,0,0,0,0,0,0,0
123.03005338177752,123.13003717160424,123.08004527669088,0,0,0,0,0,0,0
123.13003717160424,123.23002096143097,123.1800290665176,0,0,0,0,0,0,0
123.23002096143097,123.33000475125766,123.28001285634431,0,0,0,0,0,0,0
123.33000475125766,123.42998854108438,123.37999664617102,0,0,0,0,0,0,0
123.42998854108438,123.52997233091111,123.47998043599775,0,0,0,0,0,0,0
123.52997233091111,123.62995612073783,123.57996422582447,0,0,0,0,0,0,0
123.62995612073783,123.72993991056455,123.67994801565119,0,0,0,0,0,0,0
123.72993991056455,123.82992370039128,123.77993180547791,0,0,0,0,0,0,0
123.82992370039128,123.929907490218,123.87991559530464,0,0,0,0,0,0,0
123.929907490218,124.02989128004469,123.97989938513135,0,0,0,0,0,0,0
124.02989128004469,124.12987506987142,124.07988317495806,0,0,0,0,0,0,0
124.12987506987142,124.22985885969814,124.17986696478478,0,0,0,0,0,0,0
124.22985885969814,124.32984264952486,124.2798507546115,0,0,0,0,0,0,0
124.32984264952486,124.42982643935159,124.37983454443822,0,0,0,0,0,0,0
124.42982643935159,124.52981022917831,124.47981833426495,0,0,0,0,0,0,0
124.52981022917831,124.62979401900503,124.57980212409167,0,0,0,0,0,0,0
124.62979401900503,124.72977780883173,124.67978591391838,0,0,0,0,0,0,0
124.72977780883173,124.82976159865845,124.77976970374509,0,0,0,0,0,0,0
124.82976159865845,124.92974538848517,124.87975349357181,0,0,0,0,0,0,0
124.92974538848517,125.0297291783119,124.97973728339853,0,0,0,0,0,0,0
125.0297291783119,125.12971296813862,125.07972107322526,0,0,0,0,0,0,0
125.12971296813862,125.22969675796531,125.17970486305197,0,0,0,0,0,0,0
125.22969675796531,125.32968054779204,125.27968865287868,0,0,0,0,0,0,0
125.32968054779204,125.42966433761876,125.3796724427054,0,0,0,0,0,0,0
125.42966433761876,125.52964812744548,125.47965623253212,0,0,0,0,0,0,0
125.52964812744548,125.62963191727221,125.57964002235884,0,0,0,0,0,0,0
125.62963191727221,125.72961570709893,125.67962381218557,0,0,0,0,0,0,0
125.72961570709893,125.82959949692565,125.77960760201229,0,0,0,0,0,0,0
125.82959949692565,125.92958328675235,125.879591391839,0,0,0,0,0,0,0
125.92958328675235,126.02956707657907,125.97957518166571,0,0,0,0,0,0,0
126.02956707657907,126.12955086640579,126.07955897149243,0,0,0,0,0,0,0
126.12955086640579,126.22953465623252,126.17954276131915,0,0,0,0,0,0,0
126.22953465623252,126.32951844605924,126.27952655114588,0,0,0,0,0,0,0
126.32951844605924,126.42950223588596,126.3795103409726,0,0,0,0,0,0,0
126.42950223588596,126.52948602571269,126.47949413079932,0,0,0,0,0,0,0
126.52948602571269,126.62946981553938,126.57947792062603,0,0,0,0,0,0,0
126.62946981553938,126.7294536053661,126.67946171045274,0,0,0,0,0,0,0
126.7294536053661,126.82943739519283,126.77944550027946,0,0,0,0,0,0,0
126.82943739519283,126.92942118501955,126.87942929010619,0,0,0,0,0,0,0
126.92942118501955,127.02940497484627,126.97941307993291,0,0,0,0,0,0,0
127.02940497484627,127.129388764673,127.07939686975963,0,0,0,0,0,0,0
127.129388764673,127.22937255449972,127.17938065958636,0,0,0,0,0,0,0
127.22937255449972,127.32935634432641,127.27936444941307,0,0,0,0,0,0,0
127.32935634432641,127.42934013415314,127.37934823923977,0,0,0,0,0,0,0
127.42934013415314,127.52932392397986,127.4793320290665,0,0,0,0,0,0,0
127.52932392397986,127.62930771380658,127.57931581889322,0,0,0,0,0,0,0
127.62930771380658,127.72929150363331,127.67929960871994,0,0,0,0,0,0,0
127.72929150363331,127.82927529346003,127.77928339854667,0,0,0,0,0,0,0
127.82927529346003,127.92925908328675,127.87926718837339,0,0,0,0,0,0,0
127.92925908328675,128.02924287311345,127.9792509782001,0,0,0,0,0,0,0
128.02924287311345,128.12922666294017,128.07923476802682,0,0,0,0,0,0,0
128.12922666294017,128.22921045276689,128.17921855785352,0,0,0,0,0,0,0
128.22921045276689,128.32919424259362,128.27920234768027,0,0,0,0,0,0,0
128.32919424259362,128.42917803242034,128.37918613750696,0,0,0,0,0,0,0
128.42917803242034,128.52916182224706,128.47916992733371,0,0,0,0,0,0,0
128.52916182224706,128.62914561207378,128.57915371716041,0,0,0,0,0,0,0
128.62914561207378,128.72912940190048,128.67913750698713,0,0,0,0,0,0,0
128.72912940190048,128.8291131917272,128.77912129681386,0,0,0,0,0,0,0
128.8291131917272,128.92909698155393,128.87910508664055,0,0,0,0,0,0,0
128.92909698155393,129.02908077138065,128.9790888764673,0,0,0,0,0,0,0
129.02908077138065,129.12906456120737,129.079072666294,0,0,0,0,0,0,0
129.12906456120737,129.22904835103409,129.17905645612075,0,0,0,0,0,0,0
129.22904835103409,129.32903214086082,129.27904024594744,0,0,0,0,0,0,0
129.32903214086082,129.42901593068751,129.37902403577417,0,0,0,0,0,0,0
129.42901593068751,129.52899972051424,129.47900782560089,0,0,0,0,0,0,0
129.52899972051424,129.62898351034096,129.57899161542758,0,0,0,0,0,0,0
129.62898351034096,129.72896730016768,129.67897540525433,0,0,0,0,0,0,0
129.72896730016768,129.8289510899944,129.77895919508103,0,0,0,0,0,0,0
129.8289510899944,129.9289348798211,129.87894298490775,0,0,0,0,0,0,0
129.9289348798211,130.02891866964782,129.97892677473448,0,0,0,0,0,0,0
130.02891866964782,130.12890245947455,130.07891056456117,0,0,0,0,0,0,0
130.12890245947455,130.22888624930127,130.17889435438792,0,0,0,0,0,0,0
130.22888624930127,130.32887003912799,130.27887814421462,0,0,0,0,0,0,0
130.32887003912799,130.42885382895471,130.37886193404137,0,0,0,0,0,0,0
130.42885382895471,130.52883761878144,130.47884572386806,0,0,0,0,0,0,0
130.52883761878144,130.62882140860813,130.57882951369479,0,0,0,0,0,0,0
130.62882140860813,130.72880519843486,130.67881330352151,0,0,0,0,0,0,0
130.72880519843486,130.82878898826158,130.7787970933482,0,0,0,0,0,0,0
130.82878898826158,130.9287727780883,130.87878088317495,0,0,0,0,0,0,0
130.9287727780883,131.02875656791502,130.97876467300165,0,0,0,0,0,0,0
131.02875656791502,131.12874035774175,131.0787484628284,0,0,0,0,0,0,0
131.12874035774175,131.22872414756847,131.1787322526551,0,0,0,0,0,0,0
131.22872414756847,131.32870793739517,131.27871604248182,0,0,0,0,0,0,0
131.32870793739517,131.42869172722189,131.37869983230854,0,0,0,0,0,0,0
131.42869172722189,131.52867551704861,131.47868362213524,0,0,0,0,0,0,0
131.52867551704861,131.62865930687533,131.57866741196199,0,0,0,0,0,0,0
131.62865930687533,131.72864309670206,131.67865120178868,0,0,0,0,0,0,0
131.72864309670206,131.82862688652878,131.77863499161543,0,0,0,0,0,0,0
131.82862688652878,131.9286106763555,131.87861878144213,0,0,0,0,0,0,0
131.9286106763555,132.0285944661822,131.97860257126885,0,0,0,0,0,0,0
132.0285944661822,132.12857825600892,132.07858636109557,0,0,0,0,0,0,0
132.12857825600892,132.22856204583564,132.17857015092227,0,0,0,0,0,0,0
132.22856204583564,132.32854583566237,132.27855394074902,0,0,0,0,0,0,0
132.32854583566237,132.42852962548909,132.37853773057572,0,0,0,0,0,0,0
132.42852962548909,132.52851341531581,132.47852152040247,0,0,0,0,0,0,0
132.52851341531581,132.62849720514254,132.57850531022916,0,0,0,0,0,0,0
132.62849720514254,132.72848099496923,132.67848910005588,0,0,0,0,0,0,0
132.72848099496923,132.82846478479595,132.77847288988261,0,0,0,0,0,0,0
132.82846478479595,132.92844857462268,132.8784566797093,0,0,0,0,0,0,0
132.92844857462268,133.0284323644494,132.97844046953605,0,0,0,0,0,0,0
133.0284323644494,133.12841615427612,133.07842425936275,0,0,0,0,0,0,0
133.12841615427612,133.22839994410285,133.1784080491895,0,0,0,0,0,0,0
133.22839994410285,133.32838373392957,133.27839183901619,0,0,0,0,0,0,0
133.32838373392957,133.42836752375626,133.37837562884292,0,0,0,0,0,0,0
133.42836752375626,133.52835131358299,133.47835941866964,0,0,0,0,0,0,0
133.52835131358299,133.62833510340971,133.57834320849634,0,0,0,0,0,0,0
133.62833510340971,133.72831889323643,133.67832699832309,0,0,0,0,0,0,0
133.72831889323643,133.82830268306316,133.77831078814978,0,0,0,0,0,0,0
133.82830268306316,133.92828647288988,133.87829457797653,0,0,0,0,0,0,0
133.92828647288988,134.0282702627166,133.97827836780323,0,0,0,0,0,0,0
134.0282702627166,134.1282540525433,134.07826215762995,0,0,0,0,0,0,0
134.1282540525433,134.22823784237002,134.17824594745667,0,0,0,0,0,0,0
134.22823784237002,134.32822163219674,134.27822973728337,0,0,0,0,0,0,0
134.32822163219674,134.42820542202347,134.37821352711012,0,0,0,0,0,0,0
134.42820542202347,134.52818921185019,134.47819731693681,0,0,0,0,0,0,0
134.52818921185019,134.62817300167688,134.57818110676354,0,0,0,0,0,0,0
134.62817300167688,134.72815679150361,134.67816489659026,0,0,0,0,0,0,0
134.72815679150361,134.82814058133033,134.77814868641696,0,0,0,0,0,0,0
134.82814058133033,134.92812437115705,134.87813247624371,0,0,0,0,0,0,0
134.92812437115705,135.02810816098378,134.9781162660704,0,0,0,0,0,0,0
135.02810816098378,135.1280919508105,135.07810005589715,0,0,0,0,0,0,0
135.1280919508105,135.22807574063722,135.17808384572385,0,0,0,0,0,0,0
135.22807574063722,135.32805953046392,135.27806763555057,0,0,0,0,0,0,0
135.32805953046392,135.42804332029064,135.37805142537729,0,0,0,0,0,0,0
135.42804332029064,135.52802711011736,135.47803521520399,0,0,0,0,0,0,0
135.52802711011736,135.62801089994409,135.57801900503074,0,0,0,0,0,0,0
135.62801089994409,135.72799468977081,135.67800279485743,0,0,0,0,0,0,0
135.72799468977081,135.82797847959753,135.77798658468419,0,0,0,0,0,0,0
135.82797847959753,135.92796226942426,135.87797037451088,0,0,0,0,0,0,0
135.92796226942426,136.02794605925095,135.9779541643376,0,0,0,0,0,0,0
136.02794605925095,136.12792984907767,136.07793795416433,0,0,0,0,0,0,0
136.12792984907767,136.2279136389044,136.17792174399102,0,0,0,0,0,0,0
136.2279136389044,136.32789742873112,136.27790553381777,0,0,0,0,0,0,0
136.32789742873112,136.42788121855784,136.37788932364447,0,0,0,0,0,0,0
136.42788121855784,136.52786500838457,136.47787311347122,0,0,0,0,0,0,0
136.52786500838457,136.62784879821129,136.57785690329791,0,0,0,0,0,0,0
136.62784879821129,136.72783258803798,136.67784069312464,0,0,0,0,0,0,0
136.72783258803798,136.82781637786471,136.77782448295136,0,0,0,0,0,0,0
136.82781637786471,136.92780016769143,136.87780827277805,0,0,0,0,0,0,0
136.92780016769143,137.02778395751815,136.97779206260481,0,0,0,0,0,0,0
137.02778395751815,137.12776774734488,137.0777758524315,0,0,0,0,0,0,0
137.12776774734488,137.2277515371716,137.17775964225825,0,0,0,0,0,0,0
137.2277515371716,137.32773532699832,137.27774343208495,0,0,0,0,0,0,0
137.32773532699832,137.42771911682502,137.37772722191167,0,0,0,0,0,0,0
137.42771911682502,137.52770290665174,137.47771101173839,0,0,0,0,0,0,0
137.52770290665174,137.62768669647846,137.57769480156509,0,0,0,0,0,0,0
137.62768669647846,137.72767048630519,137.67767859139184,0,0,0,0,0,0,0
137.72767048630519,137.82765427613191,137.77766238121853,0,0,0,0,0,0,0
137.82765427613191,137.92763806595863,137.87764617104528,0,0,0,0,0,0,0
137.92763806595863,138.02762185578536,137.97762996087198,0,0,0,0,0,0,0
138.02762185578536,138.12760564561205,138.0776137506987,0,0,0,0,0,0,0
138.12760564561205,138.22758943543877,138.17759754052543,0,0,0,0,0,0,0
138.22758943543877,138.3275732252655,138.27758133035212,0,0,0,0,0,0,0
138.3275732252655,138.42755701509222,138.37756512017887,0,0,0,0,0,0,0
138.42755701509222,138.52754080491894,138.47754891000557,0,0,0,0,0,0,0
138.52754080491894,138.62752459474567,138.57753269983232,0,0,0,0,0,0,0
138.62752459474567,138.72750838457239,138.67751648965901,0,0,0,0,0,0,0
138.72750838457239,138.82749217439908,138.77750027948574,0,0,0,0,0,0,0
138.82749217439908,138.92747596422581,138.87748406931246,0,0,0,0,0,0,0
138.92747596422581,139.02745975405253,138.97746785913915,0,0,0,0,0,0,0
139.02745975405253,139.12744354387925,139.0774516489659,0,0,0,0,0,0,0
139.12744354387925,139.22742733370598,139.1774354387926,0,0,0,0,0,0,0
139.22742733370598,139.32741112353267,139.27741922861932,0,0,0,0,0,0,0
139.32741112353267,139.42739491335939,139.37740301844605,0,0,0,0,0,0,0
139.42739491335939,139.52737870318612,139.47738680827274,0,0,0,0,0,0,0
139.52737870318612,139.62736249301284,139.57737059809949,0,0,0,0,0,0,0
139.62736249301284,139.72734628283956,139.67735438792619,0,0,0,0,0,0,0
139.72734628283956,139.82733007266629,139.77733817775294,0,0,0,0,0,0,0
139.82733007266629,139.92731386249301,139.87732196757963,0,0,0,0,0,0,0
139.92731386249301,140.0272976523197,139.97730575740636,0,0,0,0,0,0,0
140.0272976523197,140.12728144214643,140.07728954723308,0,0,0,0,0,0,0
140.12728144214643,140.22726523197315,140.17727333705977,0,0,0,0,0,0,0
140.22726523197315,140.32724902179987,140.27725712688652,0,0,0,0,0,0,0
140.32724902179987,140.4272328116266,140.37724091671322,0,0,0,0,0,0,0
140.4272328116266,140.52721660145332,140.47722470653997,0,0,0,0,0,0,0
140.52721660145332,140.62720039128004,140.57720849636667,0,0,0,0,0,0,0
140.62720039128004,140.72718418110674,140.67719228619339,0,0,0,0,0,0,0
140.72718418110674,140.82716797093346,140.77717607602011,0,0,0,0,0,0,0
140.82716797093346,140.92715176076018,140.87715986584681,0,0,0,0,0,0,0
140.92715176076018,141.02713555058691,140.97714365567356,0,0,0,0,0,0,0
141.02713555058691,141.12711934041363,141.07712744550025,0,0,0,0,0,0,0
141.12711934041363,141.22710313024035,141.177111235327,0,0,0,0,0,0,0
141.22710313024035,141.32708692006707,141.2770950251537,0,0,0,0,0,0,0
141.32708692006707,141.42707070989377,141.37707881498042,0,0,0,0,0,0,0
141.42707070989377,141.52705449972049,141.47706260480714,0,0,0,0,0,0,0
141.52705449972049,141.62703828954722,141.57704639463384,0,0,0,0,0,0,0
141.62703828954722,141.72702207937394,141.67703018446059,0,0,0,0,0,0,0
141.72702207937394,141.82700586920066,141.77701397428729,0,0,0,0,0,0,0
141.82700586920066,141.92698965902738,141.87699776411404,0,0,0,0,0,0,0
141.92698965902738,142.02697344885411,141.97698155394073,0,0,0,0,0,0,0
142.02697344885411,142.1269572386808,142.07696534376745,0,0,0,0,0,0,0
142.1269572386808,142.22694102850753,142.17694913359418,0,0,0,0,0,0,0
142.22694102850753,142.32692481833425,142.27693292342087,0,0,0,0,0,0,0
142.32692481833425,142.42690860816097,142.37691671324762,0,0,0,0,0,0,0
142.42690860816097,142.52689239798769,142.47690050307432,0,0,0,0,0,0,0
142.52689239798769,142.62687618781442,142.57688429290107,0,0,0,0,0,0,0
142.62687618781442,142.72685997764114,142.67686808272776,0,0,0,0,0,0,0
142.72685997764114,142.82684376746784,142.77685187255449,0,0,0,0,0,0,0
142.82684376746784,142.92682755729456,142.87683566238121,0,0,0,0,0,0,0
142.92682755729456,143.02681134712128,142.97681945220791,0,0,0,0,0,0,0
143.02681134712128,143.126795136948,143.07680324203466,0,0,0,0,0,0,0
143.126795136948,143.22677892677473,143.17678703186135,0,0,0,0,0,0,0
143.22677892677473,143.32676271660145,143.2767708216881,0,0,0,0,0,0,0
143.32676271660145,143.42674650642817,143.3767546115148,0,0,0,0,0,0,0
143.42674650642817,143.52673029625487,143.47673840134152,0,0,0,0,0,0,0
143.52673029625487,143.62671408608159,143.57672219116824,0,0,0,0,0,0,0
143.62671408608159,143.72669787590831,143.67670598099494,0,0,0,0,0,0,0
143.72669787590831,143.82668166573504,143.77668977082169,0,0,0,0,0,0,0
143.82668166573504,143.92666545556176,143.87667356064838,0,0,0,0,0,0,0
143.92666545556176,144.02664924538846,143.97665735047511,0,0,0,0,0,0,0
144.02664924538846,144.12663303521518,144.07664114030183,0,0,0,0,0,0,0
144.12663303521518,144.2266168250419,144.17662493012853,0,0,0,0,0,0,0
144.2266168250419,144.32660061486862,144.27660871995528,0,0,0,0,0,0,0
144.32660061486862,144.42658440469535,144.37659250978197,0,0,0,0,0,0,0
144.42658440469535,144.52656819452207,144.47657629960872,0,0,0,0,0,0,0
144.52656819452207,144.62655198434879,144.57656008943542,0,0,0,0,0,0,0
144.62655198434879,144.72653577417549,144.67654387926214,0,0,0,0,0,0,0
144.72653577417549,144.82651956400221,144.77652766908886,0,0,0,0,0,0,0
144.82651956400221,144.92650335382893,144.87651145891556,0,0,0,0,0,0,0
144.92650335382893,145.02648714365566,144.97649524874231,0,0,0,0,0,0,0
145.02648714365566,145.12647093348238,145.076479038569,0,0,0,0,0,0,0
145.12647093348238,145.2264547233091,145.17646282839576,0,0,0,0,0,0,0
145.2264547233091,145.32643851313583,145.27644661822245,0,0,0,0,0,0,0
145.32643851313583,145.42642230296252,145.37643040804917,0,0,0,0,0,0,0
145.42642230296252,145.52640609278924,145.4764141978759,0,0,0,0,0,0,0
145.52640609278924,145.62638988261597,145.57639798770259,0,0,0,0,0,0,0
145.62638988261597,145.72637367244269,145.67638177752934,0,0,0,0,0,0,0
145.72637367244269,145.82635746226941,145.77636556735604,0,0,0,0,0,0,0
145.82635746226941,145.92634125209614,145.87634935718279,0,0,0,0,0,0,0
145.92634125209614,146.02632504192286,145.97633314700948,0,0,0,0,0,0,0
146.02632504192286,146.12630883174955,146.07631693683621,0,0,0,0,0,0,0
146.12630883174955,146.22629262157628,146.17630072666293,0,0,0,0,0,0,0
146.22629262157628,146.326276411403,146.27628451648962,0,0,0,0,0,0,0
146.326276411403,146.42626020122972,146.37626830631638,0,0,0,0,0,0,0
146.42626020122972,146.52624399105645,146.47625209614307,0,0,0,0,0,0,0
146.52624399105645,146.62622778088317,146.57623588596982,0,0,0,0,0,0,0
146.62622778088317,146.72621157070989,146.67621967579652,0,0,0,0,0,0,0
146.72621157070989,146.82619536053659,146.77620346562324,0,0,0,0,0,0,0
146.82619536053659,146.92617915036331,146.87618725544996,0,0,0,0,0,0,0
146.92617915036331,147.02616294019003,146.97617104527666,0,0,0,0,0,0,0
147.02616294019003,147.12614673001676,147.07615483510341,0,0,0,0,0,0,0
147.12614673001676,147.22613051984348,147.1761386249301,0,0,0,0,0,0,0
147.22613051984348,147.3261143096702,147.27612241475686,0,0,0,0,0,0,0
147.3261143096702,147.42609809949693,147.37610620458355,0,0,0,0,0,0,0
147.42609809949693,147.52608188932362,147.47608999441027,0,0,0,0,0,0,0
147.52608188932362,147.62606567915034,147.576073784237,0,0,0,0,0,0,0
147.62606567915034,147.72604946897707,147.67605757406369,0,0,0,0,0,0,0
147.72604946897707,147.82603325880379,147.77604136389044,0,0,0,0,0,0,0
147.82603325880379,147.92601704863051,147.87602515371714,0,0,0,0,0,0,0
147.92601704863051,148.02600083845724,147.97600894354389,0,0,0,0,0,0,0
148.02600083845724,148.12598462828396,148.07599273337058,0,0,0,0,0,0,0
148.12598462828396,148.22596841811065,148.17597652319731,0,0,0,0,0,0,0
148.22596841811065,148.32595220793738,148.27596031302403,0,0,0,0,0,0,0
148.32595220793738,148.4259359977641,148.37594410285072,0,0,0,0,0,0,0
148.4259359977641,148.52591978759082,148.47592789267748,0,0,0,0,0,0,0
148.52591978759082,148.62590357741755,148.57591168250417,0,0,0,0,0,0,0
148.62590357741755,148.72588736724424,148.67589547233089,0,0,0,0,0,0,0
148.72588736724424,148.82587115707096,148.77587926215762,0,0,0,0,0,0,0
148.82587115707096,148.92585494689769,148.87586305198431,0,0,0,0,0,0,0
148.92585494689769,149.02583873672441,148.97584684181106,0,0,0,0,0,0,0
149.02583873672441,149.12582252655113,149.07583063163776,0,0,0,0,0,0,0
149.12582252655113,149.22580631637786,149.17581442146451,0,0,0,0,0,0,0
149.22580631637786,149.32579010620458,149.2757982112912,0,0,0,0,0,0,0
149.32579010620458,149.42577389603127,149.37578200111793,0,0,0,0,0,0,0
149.42577389603127,149.525757685858,149.47576579094465,0,0,0,0,0,0,0
149.525757685858,149.62574147568472,149.57574958077134,0,0,0,0,0,0,0
149.62574147568472,149.72572526551144,149.6757333705981,0,0,0,0,0,0,0
149.72572526551144,149.82570905533817,149.77571716042479,0,0,0,0,0,0,0
149.82570905533817,149.92569284516489,149.87570095025154,0,0,0,0,0,0,0
149.92569284516489,150.02567663499161,149.97568474007824,0,0,0,0,0,0,0
150.02567663499161,150.12566042481831,150.07566852990496,0,0,0,0,0,0,0
150.12566042481831,150.22564421464503,150.17565231973168,0,0,0,0,0,0,0
150.22564421464503,150.32562800447175,150.27563610955838,0,0,0,0,0,0,0
150.32562800447175,150.42561179429848,150.37561989938513,0,0,0,0,0,0,0
150.42561179429848,150.5255955841252,150.47560368921182,0,0,0,0,0,0,0
150.5255955841252,150.62557937395192,150.57558747903857,0,0,0,0,0,0,0
150.62557937395192,150.72556316377865,150.67557126886527,0,0,0,0,0,0,0
150.72556316377865,150.82554695360534,150.77555505869199,0,0,0,0,0,0,0
150.82554695360534,150.92553074343206,150.87553884851872,0,0,0,0,0,0,0
150.92553074343206,151.02551453325879,150.97552263834541,0,0,0,0,0,0,0
151.02551453325879,151.12549832308551,151.07550642817216,0,0,0,0,0,0,0
151.12549832308551,151.22548211291223,151.17549021799886,0,0,0,0,0,0,0
151.22548211291223,151.32546590273896,151.27547400782561,0,0,0,0,0,0,0
151.32546590273896,151.42544969256568,151.3754577976523,0,0,0,0,0,0,0
151.42544969256568,151.52543348239237,151.47544158747903,0,0,0,0,0,0,0
151.52543348239237,151.6254172722191,151.57542537730575,0,0,0,0,0,0,0
151.6254172722191,151.72540106204582,151.67540916713244,0,0,0,0,0,0,0
151.72540106204582,151.82538485187254,151.77539295695919,0,0,0,0,0,0,0
151.82538485187254,151.92536864169927,151.87537674678589,0,0,0,0,0,0,0
151.92536864169927,152.02535243152599,151.97536053661264,0,0,0,0,0,0,0
152.02535243152599,152.12533622135271,152.07534432643934,0,0,0,0,0,0,0
152.12533622135271,152.22532001117941,152.17532811626606,0,0,0,0,0,0,0
152.22532001117941,152.32530380100613,152.27531190609278,0,0,0,0,0,0,0
152.32530380100613,152.42528759083285,152.37529569591948,0,0,0,0,0,0,0
152.42528759083285,152.52527138065958,152.47527948574623,0,0,0,0,0,0,0
152.52527138065958,152.6252551704863,152.57526327557292,0,0,0,0,0,0,0
152.6252551704863,152.72523896031302,152.67524706539967,0,0,0,0,0,0,0
152.72523896031302,152.82522275013974,152.77523085522637,0,0,0,0,0,0,0
152.82522275013974,152.92520653996644,152.87521464505309,0,0,0,0,0,0,0
152.92520653996644,153.02519032979316,152.97519843487981,0,0,0,0,0,0,0
153.02519032979316,153.12517411961989,153.07518222470651,0,0,0,0,0,0,0
153.12517411961989,153.22515790944661,153.17516601453326,0,0,0,0,0,0,0
153.22515790944661,153.32514169927333,153.27514980435996,0,0,0,0,0,0,0
153.32514169927333,153.42512548910003,153.37513359418668,0,0,0,0,0,0,0
153.42512548910003,153.52510927892675,153.4751173840134,0,0,0,0,0,0,0
153.52510927892675,153.62509306875347,153.5751011738401,0,0,0,0,0,0,0
153.62509306875347,153.72507685858019,153.67508496366685,0,0,0,0,0,0,0
153.72507685858019,153.82506064840692,153.77506875349354,0,0,0,0,0,0,0
153.82506064840692,153.92504443823364,153.87505254332029,0,0,0,0,0,0,0
153.92504443823364,154.02502822806036,153.97503633314699,0,0,0,0,0,0,0
154.02502822806036,154.12501201788706,154.07502012297371,0,0,0,0,0,0,0
154.12501201788706,154.22499580771378,154.17500391280043,0,0,0,0,0,0,0
154.22499580771378,154.3249795975405,154.27498770262713,0,0,0,0,0,0,0
154.3249795975405,154.42496338736723,154.37497149245388,0,0,0,0,0,0,0
154.42496338736723,154.52494717719395,154.47495528228058,0,0,0,0,0,0,0
154.52494717719395,154.62493096702067,154.57493907210733,0,0,0,0,0,0,0
154.62493096702067,154.7249147568474,154.67492286193402,0,0,0,0,0,0,0
154.7249147568474,154.82489854667409,154.77490665176074,0,0,0,0,0,0,0
154.82489854667409,154.92488233650081,154.87489044158747,0,0,0,0,0,0,0
154.92488233650081,155.02486612632754,154.97487423141416,0,0,0,0,0,0,0
155.02486612632754,155.12484991615426,155.07485802124091,0,0,0,0,0,0,0
155.12484991615426,155.22483370598098,155.17484181106761,0,0,0,0,0,0,0
155.22483370598098,155.32481749580771,155.27482560089436,0,0,0,0,0,0,0
155.32481749580771,155.42480128563443,155.37480939072105,0,0,0,0,0,0,0
155.42480128563443,155.52478507546112,155.47479318054778,0,0,0,0,0,0,0
155.52478507546112,155.62476886528785,155.5747769703745,0,0,0,0,0,0,0
155.62476886528785,155.72475265511457,155.6747607602012,0,0,0,0,0,0,0
155.72475265511457,155.82473644494129,155.77474455002795,0,0,0,0,0,0,0
155.82473644494129,155.92472023476802,155.87472833985464,0,0,0,0,0,0,0
155.92472023476802,156.02470402459474,155.97471212968139,0,0,0,0,0,0,0
156.02470402459474,156.12468781442146,156.07469591950809,0,0,0,0,0,0,0
156.12468781442146,156.22467160424816,156.17467970933481,0,0,0,0,0,0,0
156.22467160424816,156.32465539407488,156.27466349916153,0,0,0,0,0,0,0
156.32465539407488,156.4246391839016,156.37464728898823,0,0,0,0,0,0,0
156.4246391839016,156.52462297372833,156.47463107881498,0,0,0,0,0,0,0
156.52462297372833,156.62460676355505,156.57461486864167,0,0,0,0,0,0,0
156.62460676355505,156.72459055338177,156.67459865846843,0,0,0,0,0,0,0
156.72459055338177,156.8245743432085,156.77458244829512,0,0,0,0,0,0,0
156.8245743432085,156.92455813303519,156.87456623812184,0,0,0,0,0,0,0
156.92455813303519,157.02454192286191,156.97455002794857,0,0,0,0,0,0,0
157.02454192286191,157.12452571268864,157.07453381777526,0,0,0,0,0,0,0
157.12452571268864,157.22450950251536,157.17451760760201,0,0,0,0,0,0,0
157.22450950251536,157.32449329234208,157.27450139742871,0,0,0,0,0,0,0
157.32449329234208,157.42447708216881,157.37448518725546,0,0,0,0,0,0,0
157.42447708216881,157.52446087199553,157.47446897708215,0,0,0,0,0,0,0
157.52446087199553,157.62444466182222,157.57445276690888,0,0,0,0,0,0,0
157.62444466182222,157.72442845164895,157.6744365567356,0,0,0,0,0,0,0
157.72442845164895,157.82441224147567,157.77442034656229,0,0,0,0,0,0,0
157.82441224147567,157.92439603130239,157.87440413638905,0,0,0,0,0,0,0
157.92439603130239,158.02437982112912,157.97438792621574,0,0,0,0,0,0,0
158.02437982112912,158.12436361095581,158.07437171604246,0,0,0,0,0,0,0
158.12436361095581,158.22434740078253,158.17435550586919,0,0,0,0,0,0,0
158.22434740078253,158.32433119060926,158.27433929569588,0,0,0,0,0,0,0
158.32433119060926,158.42431498043598,158.37432308552263,0,0,0,0,0,0,0
158.42431498043598,158.5242987702627,158.47430687534933,0,0,0,0,0,0,0
158.5242987702627,158.62428256008943,158.57429066517608,0,0,0,0,0,0,0
158.62428256008943,158.72426634991615,158.67427445500277,0,0,0,0,0,0,0
158.72426634991615,158.82425013974284,158.7742582448295,0,0,0,0,0,0,0
158.82425013974284,158.92423392956957,158.87424203465622,0,0,0,0,0,0,0
158.92423392956957,159.02421771939629,158.97422582448291,0,0,0,0,0,0,0
159.02421771939629,159.12420150922301,159.07420961430967,0,0,0,0,0,0,0
159.12420150922301,159.22418529904974,159.17419340413636,0,0,0,0,0,0,0
159.22418529904974,159.32416908887646,159.27417719396311,0,0,0,0,0,0,0
159.32416908887646,159.42415287870318,159.37416098378981,0,0,0,0,0,0,0
159.42415287870318,159.52413666852988,159.47414477361653,0,0,0,0,0,0,0
159.52413666852988,159.6241204583566,159.57412856344325,0,0,0,0,0,0,0
159.6241204583566,159.72410424818332,159.67411235326995,0,0,0,0,0,0,0
159.72410424818332,159.82408803801005,159.7740961430967,0,0,0,0,0,0,0
159.82408803801005,159.92407182783677,159.87407993292339,0,0,0,0,0,0,0
159.92407182783677,160.02405561766349,159.97406372275015,0,0,0,0,0,0,0
160.02405561766349,160.12403940749022,160.07404751257684,0,0,0,0,0,0,0
160.12403940749022,160.22402319731691,160.17403130240356,0,0,0,0,0,0,0
160.22402319731691,160.32400698714363,160.27401509223029,0,0,0,0,0,0,0
160.32400698714363,160.42399077697036,160.37399888205698,0,0,0,0,0,0,0
160.42399077697036,160.52397456679708,160.47398267188373,0,0,0,0,0,0,0
160.52397456679708,160.6239583566238,160.57396646171043,0,0,0,0,0,0,0
160.6239583566238,160.72394214645053,160.67395025153718,0,0,0,0,0,0,0
160.72394214645053,160.82392593627725,160.77393404136387,0,0,0,0,0,0,0
160.82392593627725,160.92390972610394,160.8739178311906,0,0,0,0,0,0,0
160.92390972610394,161.02389351593067,160.97390162101732,0,0,0,0,0,0,0
161.02389351593067,161.12387730575739,161.07388541084401,0,0,0,0,0,0,0
161.12387730575739,161.22386109558411,161.17386920067077,0,0,0,0,0,0,0
161.22386109558411,161.32384488541084,161.27385299049746,0,0,0,0,0,0,0
161.32384488541084,161.42382867523756,161.37383678032421,0,0,0,0,0,0,0
161.42382867523756,161.52381246506428,161.47382057015091,0,0,0,0,0,0,0
161.52381246506428,161.62379625489098,161.57380435997763,0,0,0,0,0,0,0
161.62379625489098,161.7237800447177,161.67378814980435,0,0,0,0,0,0,0
161.7237800447177,161.82376383454442,161.77377193963105,0,0,0,0,0,0,0
161.82376383454442,161.92374762437115,161.8737557294578,0,0,0,0,0,0,0
161.92374762437115,162.02373141419787,161.97373951928449,0,0,0,0,0,0,0
162.02373141419787,162.12371520402459,162.07372330911124,0,0,0,0,0,0,0
162.12371520402459,162.22369899385131,162.17370709893794,0,0,0,0,0,0,0
162.22369899385131,162.32368278367801,162.27369088876466,0,0,0,0,0,0,0
162.32368278367801,162.42366657350473,162.37367467859139,0,0,0,0,0,0,0
162.42366657350473,162.52365036333146,162.47365846841808,0,0,0,0,0,0,0
162.52365036333146,162.62363415315818,162.57364225824483,0,0,0,0,0,0,0
162.62363415315818,162.7236179429849,162.67362604807153,0,0,0,0,0,0,0
162.7236179429849,162.8236017328116,162.77360983789825,0,0,0,0,0,0,0
162.8236017328116,162.92358552263832,162.87359362772497,0,0,0,0,0,0,0
162.92358552263832,163.02356931246504,162.97357741755167,0,0,0,0,0,0,0
163.02356931246504,163.12355310229177,163.07356120737842,0,0,0,0,0,0,0
163.12355310229177,163.22353689211849,163.17354499720511,0,0,0,0,0,0,0
163.22353689211849,163.32352068194521,163.27352878703186,0,0,0,0,0,0,0
163.32352068194521,163.42350447177193,163.37351257685856,0,0,0,0,0,0,0
163.42350447177193,163.52348826159863,163.47349636668528,0,0,0,0,0,0,0
163.52348826159863,163.62347205142535,163.57348015651201,0,0,0,0,0,0,0
163.62347205142535,163.72345584125208,163.6734639463387,0,0,0,0,0,0,0
163.72345584125208,163.8234396310788,163.77344773616545,0,0,0,0,0,0,0
163.8234396310788,163.92342342090552,163.87343152599215,0,0,0,0,0,0,0
163.92342342090552,164.02340721073224,163.9734153158189,0,0,0,0,0,0,0
164.02340721073224,164.12339100055897,164.07339910564559,0,0,0,0,0,0,0
164.12339100055897,164.22337479038566,164.17338289547232,0,0,0,0,0,0,0
164.22337479038566,164.32335858021239,164.27336668529904,0,0,0,0,0,0,0
164.32335858021239,164.42334237003911,164.37335047512573,0,0,0,0,0,0,0
164.42334237003911,164.52332615986583,164.47333426495248,0,0,0,0,0,0,0
164.52332615986583,164.62330994969255,164.57331805477918,0,0,0,0,0,0,0
164.62330994969255,164.72329373951928,164.67330184460593,0,0,0,0,0,0,0
164.72329373951928,164.823277529346,164.77328563443263,0,0,0,0,0,0,0
164.823277529346,164.9232613191727,164.87326942425935,0,0,0,0,0,0,0
164.9232613191727,165.02324510899942,164.97325321408607,0,0,0,0,0,0,0
165.02324510899942,165.12322889882614,165.07323700391277,0,0,0,0,0,0,0
165.12322889882614,165.22321268865286,165.17322079373952,0,0,0,0,0,0,0
165.22321268865286,165.32319647847959,165.27320458356621,0,0,0,0,0,0,0
165.32319647847959,165.42318026830631,165.37318837339296,0,0,0,0,0,0,0
165.42318026830631,165.52316405813303,165.47317216321966,0,0,0,0,0,0,0
165.52316405813303,165.62314784795973,165.57315595304638,0,0,0,0,0,0,0
165.62314784795973,165.72313163778645,165.6731397428731,0,0,0,0,0,0,0
165.72313163778645,165.82311542761317,165.7731235326998,0,0,0,0,0,0,0
165.82311542761317,165.9230992174399,165.87310732252655,0,0,0,0,0,0,0
165.9230992174399,166.02308300726662,165.97309111235325,0,0,0,0,0,0,0
166.02308300726662,166.12306679709334,166.07307490218,0,0,0,0,0,0,0
166.12306679709334,166.22305058692007,166.17305869200669,0,0,0,0,0,0,0
166.22305058692007,166.32303437674676,166.27304248183341,0,0,0,0,0,0,0
166.32303437674676,166.42301816657348,166.37302627166014,0,0,0,0,0,0,0
166.42301816657348,166.52300195640021,166.47301006148683,0,0,0,0,0,0,0
166.52300195640021,166.62298574622693,166.57299385131358,0,0,0,0,0,0,0
166.62298574622693,166.72296953605365,166.67297764114028,0,0,0,0,0,0,0
166.72296953605365,166.82295332588038,166.77296143096703,0,0,0,0,0,0,0
166.82295332588038,166.9229371157071,166.87294522079372,0,0,0,0,0,0,0
166.9229371157071,167.02292090553379,166.97292901062045,0,0,0,0,0,0,0
167.02292090553379,167.12290469536052,167.07291280044717,0,0,0,0,0,0,0
167.12290469536052,167.22288848518724,167.17289659027387,0,0,0,0,0,0,0
167.22288848518724,167.32287227501396,167.27288038010062,0,0,0,0,0,0,0
167.32287227501396,167.42285606484069,167.37286416992731,0,0,0,0,0,0,0
167.42285606484069,167.52283985466738,167.47284795975403,0,0,0,0,0,0,0
167.52283985466738,167.6228236444941,167.57283174958076,0,0,0,0,0,0,0
167.6228236444941,167.72280743432083,167.67281553940745,0,0,0,0,0,0,0
167.72280743432083,167.82279122414755,167.7727993292342,0,0,0,0,0,0,0
167.82279122414755,167.92277501397427,167.8727831190609,0,0,0,0,0,0,0
167.92277501397427,168.022758803801,167.97276690888765,0,0,0,0,0,0,0
168.022758803801,168.12274259362772,168.07275069871434,0,0,0,0,0,0,0
168.12274259362772,168.22272638345441,168.17273448854107,0,0,0,0,0,0,0
168.22272638345441,168.32271017328114,168.27271827836779,0,0,0,0,0,0,0
168.32271017328114,168.42269396310786,168.37270206819449,0,0,0,0,0,0,0
168.42269396310786,168.52267775293458,168.47268585802124,0,0,0,0,0,0,0
168.52267775293458,168.62266154276131,168.57266964784793,0,0,0,0,0,0,0
168.62266154276131,168.72264533258803,168.67265343767468,0,0,0,0,0,0,0
168.72264533258803,168.82262912241475,168.77263722750138,0,0,0,0,0,0,0
168.82262912241475,168.92261291224145,168.8726210173281,0,0,0,0,0,0,0
168.92261291224145,169.02259670206817,168.97260480715482,0,0,0,0,0,0,0
169.02259670206817,169.12258049189489,169.07258859698152,0,0,0,0,0,0,0
169.12258049189489,169.22256428172162,169.17257238680827,0,0,0,0,0,0,0
169.22256428172162,169.32254807154834,169.27255617663496,0,0,0,0,0,0,0
169.32254807154834,169.42253186137506,169.37253996646172,0,0,0,0,0,0,0
169.42253186137506,169.52251565120179,169.47252375628841,0,0,0,0,0,0,0
169.52251565120179,169.62249944102848,169.57250754611513,0,0,0,0,0,0,0
169.62249944102848,169.7224832308552,169.67249133594186,0,0,0,0,0,0,0
169.7224832308552,169.82246702068193,169.77247512576855,0,0,0,0,0,0,0
169.82246702068193,169.92245081050865,169.8724589155953,0,0,0,0,0,0,0
169.92245081050865,170.02243460033537,169.972442705422,0,0,0,0,0,0,0
170.02243460033537,170.1224183901621,170.07242649524875,0,0,0,0,0,0,0
170.1224183901621,170.22240217998882,170.17241028507544,0,0,0,0,0,0,0
170.22240217998882,170.32238596981551,170.27239407490217,0,0,0,0,0,0,0
170.32238596981551,170.42236975964224,170.37237786472889,0,0,0,0,0,0,0
170.42236975964224,170.52235354946896,170.47236165455558,0,0,0,0,0,0,0
170.52235354946896,170.62233733929568,170.57234544438234,0,0,0,0,0,0,0
170.62233733929568,170.72232112912241,170.67232923420903,0,0,0,0,0,0,0
170.72232112912241,170.82230491894913,170.77231302403578,0,0,0,0,0,0,0
170.82230491894913,170.92228870877585,170.87229681386248,0,0,0,0,0,0,0
170.92228870877585,171.02227249860255,170.9722806036892,0,0,0,0,0,0,0
171.02227249860255,171.12225628842927,171.07226439351592,0,0,0,0,0,0,0
171.12225628842927,171.22224007825599,171.17224818334262,0,0,0,0,0,0,0
171.22224007825599,171.32222386808272,171.27223197316937,0,0,0,0,0,0,0
171.32222386808272,171.42220765790944,171.37221576299606,0,0,0,0,0,0,0
171.42220765790944,171.52219144773616,171.47219955282281,0,0,0,0,0,0,0
171.52219144773616,171.62217523756289,171.57218334264951,0,0,0,0,0,0,0
171.62217523756289,171.72215902738958,171.67216713247623,0,0,0,0,0,0,0
171.72215902738958,171.8221428172163,171.77215092230296,0,0,0,0,0,0,0
171.8221428172163,171.92212660704303,171.87213471212965,0,0,0,0,0,0,0
171.92212660704303,172.02211039686975,171.9721185019564,0,0,0,0,0,0,0
172.02211039686975,172.12209418669647,172.0721022917831,0,0,0,0,0,0,0
172.12209418669647,172.22207797652317,172.17208608160982,0,0,0,0,0,0,0
172.22207797652317,172.32206176634989,172.27206987143654,0,0,0,0,0,0,0
172.32206176634989,172.42204555617661,172.37205366126324,0,0,0,0,0,0,0
172.42204555617661,172.52202934600334,172.47203745108999,0,0,0,0,0,0,0
172.52202934600334,172.62201313583006,172.57202124091668,0,0,0,0,0,0,0
172.62201313583006,172.72199692565678,172.67200503074343,0,0,0,0,0,0,0
172.72199692565678,172.82198071548351,172.77198882057013,0,0,0,0,0,0,0
172.82198071548351,172.9219645053102,172.87197261039685,0,0,0,0,0,0,0
172.9219645053102,173.02194829513692,172.97195640022358,0,0,0,0,0,0,0
173.02194829513692,173.12193208496365,173.07194019005027,0,0,0,0,0,0,0
173.12193208496365,173.22191587479037,173.17192397987702,0,0,0,0,0,0,0
173.22191587479037,173.32189966461709,173.27190776970372,0,0,0,0,0,0,0
173.32189966461709,173.42188345444382,173.37189155953047,0,0,0,0,0,0,0
173.42188345444382,173.52186724427054,173.47187534935716,0,0,0,0,0,0,0
173.52186724427054,173.62185103409723,173.57185913918389,0,0,0,0,0,0,0
173.62185103409723,173.72183482392396,173.67184292901061,0,0,0,0,0,0,0
173.72183482392396,173.82181861375068,173.7718267188373,0,0,0,0,0,0,0
173.82181861375068,173.9218024035774,173.87181050866405,0,0,0,0,0,0,0
173.9218024035774,174.02178619340413,173.97179429849075,0,0,0,0,0,0,0
174.02178619340413,174.12176998323085,174.0717780883175,0,0,0,0,0,0,0
174.12176998323085,174.22175377305757,174.1717618781442,0,0,0,0,0,0,0
174.22175377305757,174.32173756288427,174.27174566797092,0,0,0,0,0,0,0
174.32173756288427,174.42172135271099,174.37172945779764,0,0,0,0,0,0,0
174.42172135271099,174.52170514253771,174.47171324762434,0,0,0,0,0,0,0
174.52170514253771,174.62168893236444,174.57169703745109,0,0,0,0,0,0,0
174.62168893236444,174.72167272219116,174.67168082727778,0,0,0,0,0,0,0
174.72167272219116,174.82165651201788,174.77166461710453,0,0,0,0,0,0,0
174.82165651201788,174.9216403018446,174.87164840693123,0,0,0,0,0,0,0
174.9216403018446,175.0216240916713,174.97163219675795,0,0,0,0,0,0,0
175.0216240916713,175.12160788149802,175.07161598658467,0,0,0,0,0,0,0
175.12160788149802,175.22159167132475,175.17159977641137,0,0,0,0,0,0,0
175.22159167132475,175.32157546115147,175.27158356623812,0,0,0,0,0,0,0
175.32157546115147,175.42155925097819,175.37156735606482,0,0,0,0,0,0,0
175.42155925097819,175.52154304080491,175.47155114589157,0,0,0,0,0,0,0
175.52154304080491,175.62152683063164,175.57153493571826,0,0,0,0,0,0,0
175.62152683063164,175.72151062045833,175.67151872554498,0,0,0,0,0,0,0
175.72151062045833,175.82149441028506,175.77150251537171,0,0,0,0,0,0,0
175.82149441028506,175.92147820011178,175.8714863051984,0,0,0,0,0,0,0
175.92147820011178,176.0214619899385,175.97147009502515,0,0,0,0,0,0,0
176.0214619899385,176.12144577976522,176.07145388485185,0,0,0,0,0,0,0
176.12144577976522,176.22142956959195,176.1714376746786,0,0,0,0,0,0,0
176.22142956959195,176.32141335941867,176.27142146450529,0,0,0,0,0,0,0
176.32141335941867,176.42139714924537,176.37140525433202,0,0,0,0,0,0,0
176.42139714924537,176.52138093907209,176.47138904415874,0,0,0,0,0,0,0
176.52138093907209,176.62136472889881,176.57137283398544,0,0,0,0,0,0,0
176.62136472889881,176.72134851872553,176.67135662381219,0,0,0,0,0,0,0
176.72134851872553,176.82133230855226,176.77134041363888,0,0,0,0,0,0,0
176.82133230855226,176.92131609837895,176.8713242034656,0,0,0,0,0,0,0
176.92131609837895,177.02129988820568,176.97130799329233,0,0,0,0,0,0,0
177.02129988820568,177.1212836780324,177.07129178311902,0,0,0,0,0,0,0
177.1212836780324,177.22126746785912,177.17127557294577,0,0,0,0,0,0,0
177.22126746785912,177.32125125768584,177.27125936277247,0,0,0,0,0,0,0
177.32125125768584,177.42123504751257,177.37124315259922,0,0,0,0,0,0,0
177.42123504751257,177.52121883733929,177.47122694242591,0,0,0,0,0,0,0
177.52121883733929,177.62120262716599,177.57121073225264,0,0,0,0,0,0,0
177.62120262716599,177.72118641699271,177.67119452207936,0,0,0,0,0,0,0
177.72118641699271,177.82117020681943,177.77117831190606,0,0,0,0,0,0,0
177.82117020681943,177.92115399664615,177.87116210173281,0,0,0,0,0,0,0
177.92115399664615,178.02113778647288,177.9711458915595,0,0,0,0,0,0,0
178.02113778647288,178.1211215762996,178.07112968138625,0,0,0,0,0,0,0
178.1211215762996,178.22110536612632,178.17111347121295,0,0,0,0,0,0,0
178.22110536612632,178.32108915595302,178.27109726103967,0,0,0,0,0,0,0
178.32108915595302,178.42107294577974,178.37108105086639,0,0,0,0,0,0,0
178.42107294577974,178.52105673560646,178.47106484069309,0,0,0,0,0,0,0
178.52105673560646,178.62104052543319,178.57104863051984,0,0,0,0,0,0,0
178.62104052543319,178.72102431525991,178.67103242034653,0,0,0,0,0,0,0
178.72102431525991,178.82100810508663,178.77101621017329,0,0,0,0,0,0,0
178.82100810508663,178.92099189491336,178.87099999999998,0,0,0,0,0,0,0
