q,n_lda
-353.565,0
-353.46500989819003,0
-353.36501979638007,0
-353.26502969457016,0
-353.16503959276019,0
-353.06504949095023,0
-352.96505938914027,0
-352.8650692873303,0
-352.76507918552034,0
-352.66508908371043,0
-352.56509898190046,0
-352.4651088800905,0
-352.36511877828053,0
-352.26512867647057,0
-352.16513857466066,0
-352.06514847285069,0
-351.96515837104073,0
-351.86516826923076,0
-351.7651781674208,0
-351.66518806561083,0
-351.56519796380093,0
-351.46520786199096,0
-351.365217760181,0
-351.26522765837103,0
-351.16523755656107,0
-351.0652474547511,0
-350.96525735294119,0
-350.86526725113123,0
-350.76527714932126,0
-350.6652870475113,0
-350.56529694570133,0
-350.46530684389143,0
-350.36531674208146,0
-350.2653266402715,0
-350.16533653846153,0
-350.06534643665157,0
-349.9653563348416,0
-349.86536623303169,0
-349.76537613122173,0
-349.66538602941176,0
-349.5653959276018,0
-349.46540582579183,0
-349.36541572398193,0
-349.26542562217196,0
-349.165435520362,0
-349.06544541855203,0
-348.96545531674207,0
-348.8654652149321,0
-348.76547511312219,0
-348.66548501131223,0
-348.56549490950226,0
-348.4655048076923,0
-348.36551470588233,0
-348.26552460407237,0
-348.16553450226246,0
-348.0655444004525,0
-347.96555429864253,0
-347.86556419683257,0
-347.7655740950226,0
-347.66558399321269,0
-347.56559389140273,0
-347.46560378959276,0
-347.3656136877828,0
-347.26562358597283,0
-347.16563348416287,0
-347.06564338235296,0
-346.96565328054299,0
-346.86566317873303,0
-346.76567307692306,0
-346.6656829751131,0
-346.56569287330319,0
-346.46570277149323,0
-346.36571266968326,0
-346.2657225678733,0
-346.16573246606333,0
-346.06574236425337,0
-345.96575226244346,0
-345.86576216063349,0
-345.76577205882353,0
-345.66578195701356,0
-345.5657918552036,0
-345.46580175339363,0
-345.36581165158373,0
-345.26582154977376,0
-345.1658314479638,0
-345.06584134615383,0
-344.96585124434387,0
-344.86586114253396,0
-344.76587104072399,0
-344.66588093891403,0
-344.56589083710406,0
-344.4659007352941,0
-344.36591063348413,0
-344.26592053167423,0
-344.16593042986426,0
-344.0659403280543,0
-343.96595022624433,0
-343.86596012443437,0
-343.76597002262446,0
-343.66597992081449,0
-343.56598981900453,0
-343.46599971719456,0
-343.3660096153846,0
-343.26601951357463,0
-343.16602941176473,0
-343.06603930995476,0
-342.9660492081448,0
-342.86605910633483,0
-342.76606900452487,0
-342.66607890271496,0
-342.56608880090499,0
-342.46609869909503,0
-342.36610859728506,0
-342.2661184954751,0
-342.16612839366513,0
-342.06613829185522,0
-341.96614819004526,0
-341.8661580882353,0
-341.76616798642533,0
-341.66617788461537,0
-341.5661877828054,0
-341.46619768099549,0
-341.36620757918553,0
-341.26621747737556,0
-341.1662273755656,0
-341.06623727375563,0
-340.96624717194572,0
-340.86625707013576,0
-340.76626696832579,0
-340.66627686651583,0
-340.56628676470586,0
-340.4662966628959,0
-340.36630656108599,0
-340.26631645927603,0
-340.16632635746606,0
-340.0663362556561,0
-339.96634615384613,0
-339.86635605203622,0
-339.76636595022626,0
-339.66637584841629,0
-339.56638574660633,0
-339.46639564479636,0
-339.3664055429864,0
-339.26641544117649,0
-339.16642533936653,0
-339.06643523755656,0
-338.9664451357466,0
-338.86645503393663,0
-338.76646493212672,0
-338.66647483031676,0
-338.56648472850679,0
-338.46649462669683,0
-338.36650452488686,0
-338.2665144230769,0
-338.16652432126699,0
-338.06653421945703,0
-337.96654411764706,0
-337.8665540158371,0
-337.76656391402713,0
-337.66657381221717,0
-337.56658371040726,0
-337.46659360859729,0
-337.36660350678733,0
-337.26661340497736,0
-337.1666233031674,0
-337.06663320135749,0
-336.96664309954753,0
-336.86665299773756,0
-336.7666628959276,0
-336.66667279411763,0
-336.56668269230767,0
-336.46669259049776,0
-336.36670248868779,0
-336.26671238687783,0
-336.16672228506786,0
-336.0667321832579,0
-335.96674208144793,0
-335.86675197963802,0
-335.76676187782806,0
-335.66677177601809,0
-335.56678167420813,0
-335.46679157239817,0
-335.36680147058826,0
-335.26681136877829,0
-335.16682126696833,0
-335.06683116515836,0
-334.9668410633484,0
-334.86685096153843,0
-334.76686085972852,0
-334.66687075791856,0
-334.56688065610859,0
-334.46689055429863,0
-334.36690045248866,0
-334.26691035067876,0
-334.16692024886879,0
-334.06693014705883,0
-333.96694004524886,0
-333.8669499434389,0
-333.76695984162893,0
-333.66696973981902,0
-333.56697963800906,0
-333.46698953619909,0
-333.36699943438913,0
-333.26700933257916,0
-333.16701923076926,0
-333.06702912895929,0
-332.96703902714933,0
-332.86704892533936,0
-332.7670588235294,0
-332.66706872171943,0
-332.56707861990952,0
-332.46708851809956,0
-332.36709841628959,0
-332.26710831447963,0
-332.16711821266966,0
-332.0671281108597,0
-331.96713800904979,0
-331.86714790723983,0
-331.76715780542986,0
-331.6671677036199,0
-331.56717760180993,0
-331.46718750000002,0
-331.36719739819006,0
-331.26720729638009,0
-331.16721719457013,0
-331.06722709276016,0
-330.9672369909502,0
-330.86724688914029,0
-330.76725678733033,0
-330.66726668552036,0
-330.5672765837104,0
-330.46728648190043,0
-330.36729638009047,0
-330.26730627828056,0
-330.16731617647059,0
-330.06732607466063,0
-329.96733597285066,0
-329.8673458710407,0
-329.76735576923079,0
-329.66736566742082,0
-329.56737556561086,0
-329.46738546380089,0
-329.36739536199093,0
-329.26740526018102,0
-329.16741515837106,0
-329.06742505656109,0
-328.96743495475113,0
-328.86744485294116,0
-328.7674547511312,0
-328.66746464932129,0
-328.56747454751132,0
-328.46748444570136,0
-328.36749434389139,0
-328.26750424208143,0
-328.16751414027146,0
-328.06752403846156,0
-327.96753393665159,0
-327.86754383484163,0
-327.76755373303166,0
-327.6675636312217,0
-327.56757352941179,0
-327.46758342760182,0
-327.36759332579186,0
-327.26760322398189,0
-327.16761312217193,0
-327.06762302036196,0
-326.96763291855206,0
-326.86764281674209,0
-326.76765271493213,0
-326.66766261312216,0
-326.5676725113122,0
-326.46768240950223,0
-326.36769230769232,0
-326.26770220588236,0
-326.16771210407239,0
-326.06772200226243,0
-325.96773190045246,0
-325.86774179864256,0
-325.76775169683259,0
-325.66776159502263,0
-325.56777149321266,0
-325.4677813914027,0
-325.36779128959273,0
-325.26780118778282,0
-325.16781108597286,0
-325.06782098416289,0
-324.96783088235293,0
-324.86784078054296,0
-324.76785067873305,0
-324.66786057692309,0
-324.56787047511312,0
-324.46788037330316,0
-324.3678902714932,0
-324.26790016968323,0
-324.16791006787332,0
-324.06791996606336,0
-323.96792986425339,0
-323.86793976244343,0
-323.76794966063346,0
-323.66795955882355,0
-323.56796945701359,0
-323.46797935520362,0
-323.36798925339366,0
-323.26799915158369,0
-323.16800904977373,0
-323.06801894796382,0
-322.96802884615386,0
-322.86803874434389,0
-322.76804864253393,0
-322.66805854072396,0
-322.568068438914,0
-322.46807833710409,0
-322.36808823529412,0
-322.26809813348416,0
-322.16810803167419,0
-322.06811792986423,0
-321.96812782805432,0
-321.86813772624436,0
-321.76814762443439,0
-321.66815752262443,0
-321.56816742081446,0
-321.46817731900455,0
-321.36818721719459,0
-321.26819711538462,0
-321.16820701357466,0
-321.06821691176469,0
-320.96822680995473,0
-320.86823670814476,0
-320.76824660633486,0
-320.66825650452489,0
-320.56826640271493,0
-320.46827630090496,0
-320.368286199095,0
-320.26829609728509,0
-320.16830599547512,0
-320.06831589366516,0
-319.96832579185519,0
-319.86833569004523,0
-319.76834558823532,0
-319.66835548642536,0
-319.56836538461539,0
-319.46837528280543,0
-319.36838518099546,0
-319.2683950791855,0
-319.16840497737553,0
-319.06841487556562,0
-318.96842477375566,0
-318.86843467194569,0
-318.76844457013573,0
-318.66845446832576,0
-318.56846436651585,0
-318.46847426470589,0
-318.36848416289592,0
-318.26849406108596,0
-318.16850395927599,0
-318.06851385746609,0
-317.96852375565612,0
-317.86853365384616,0
-317.76854355203619,0
-317.66855345022623,0
-317.56856334841626,0
-317.46857324660635,0
-317.36858314479639,0
-317.26859304298642,0
-317.16860294117646,0
-317.06861283936649,0
-316.96862273755653,0
-316.86863263574662,0
-316.76864253393666,0
-316.66865243212669,0
-316.56866233031673,0
-316.46867222850676,0
-316.36868212669685,0
-316.26869202488689,0
-316.16870192307692,0
-316.06871182126696,0
-315.96872171945699,0
-315.86873161764709,0
-315.76874151583712,0
-315.66875141402716,0
-315.56876131221719,0
-315.46877121040723,0
-315.36878110859726,0
-315.2687910067873,0
-315.16880090497739,0
-315.06881080316742,0
-314.96882070135746,0
-314.86883059954749,0
-314.76884049773753,0
-314.66885039592762,0
-314.56886029411766,0
-314.46887019230769,0
-314.36888009049773,0
-314.26888998868776,0
-314.16889988687785,0
-314.06890978506789,0
-313.96891968325792,0
-313.86892958144796,0
-313.76893947963799,0
-313.66894937782803,0
-313.56895927601812,0
-313.46896917420815,0
-313.36897907239819,0
-313.26898897058823,0
-313.16899886877826,0
-313.0690087669683,0
-312.96901866515839,0
-312.86902856334842,0
-312.76903846153846,0
-312.66904835972849,0
-312.56905825791853,0
-312.46906815610862,0
-312.36907805429865,0
-312.26908795248869,0
-312.16909785067872,0
-312.06910774886876,0
-311.96911764705885,0
-311.86912754524889,0
-311.76913744343892,0
-311.66914734162896,0
-311.56915723981899,0
-311.46916713800903,0
-311.36917703619906,0
-311.26918693438915,0
-311.16919683257919,0
-311.06920673076922,0
-310.96921662895926,0
-310.86922652714929,0
-310.76923642533939,0
-310.66924632352942,0
-310.56925622171946,0
-310.46926611990949,0
-310.36927601809953,0
-310.26928591628962,0
-310.16929581447965,0
-310.06930571266969,0
-309.96931561085972,0
-309.86932550904976,0
-309.76933540723979,0
-309.66934530542983,0
-309.56935520361992,0
-309.46936510180996,0
-309.36937499999999,0
-309.26938489819003,0
-309.16939479638006,0
-309.06940469457015,0
-308.96941459276019,0
-308.86942449095022,0
-308.76943438914026,0
-308.66944428733029,0
-308.56945418552039,0
-308.46946408371042,0
-308.36947398190046,0
-308.26948388009049,0
-308.16949377828053,0
-308.06950367647056,0
-307.96951357466065,0
-307.86952347285069,0
-307.76953337104072,0
-307.66954326923076,0
-307.56955316742079,0
-307.46956306561083,0
-307.36957296380092,0
-307.26958286199095,0
-307.16959276018099,0
-307.06960265837102,0
-306.96961255656106,0
-306.86962245475115,0
-306.76963235294119,0
-306.66964225113122,0
-306.56965214932126,0
-306.46966204751129,0
-306.36967194570138,0
-306.26968184389142,0
-306.16969174208145,0
-306.06970164027149,0
-305.96971153846152,0
-305.86972143665156,0
-305.76973133484159,0
-305.66974123303169,0
-305.56975113122172,0
-305.46976102941176,0
-305.36977092760179,0
-305.26978082579183,0
-305.16979072398192,0
-305.06980062217195,0
-304.96981052036199,0
-304.86982041855202,0
-304.76983031674206,0
-304.66984021493215,0
-304.56985011312219,0
-304.46986001131222,0
-304.36986990950226,0
-304.26987980769229,0
-304.16988970588233,0
-304.06989960407242,0
-303.96990950226245,0
-303.86991940045249,0
-303.76992929864252,0
-303.66993919683256,0
-303.56994909502259,0
-303.46995899321269,0
-303.36996889140272,0
-303.26997878959276,0
-303.16998868778279,0
-303.06999858597283,0
-302.97000848416292,0
-302.87001838235295,0
-302.77002828054299,0
-302.67003817873302,0
-302.57004807692306,0
-302.47005797511315,0
-302.37006787330319,0
-302.27007777149322,0
-302.17008766968326,0
-302.07009756787329,0
-301.97010746606333,0
-301.87011736425336,0
-301.77012726244345,0
-301.67013716063349,0
-301.57014705882352,0
-301.47015695701356,0
-301.37016685520359,0
-301.27017675339368,0
-301.17018665158372,0
-301.07019654977375,0
-300.97020644796379,0
-300.87021634615382,0
-300.77022624434392,0
-300.67023614253395,0
-300.57024604072399,0
-300.47025593891402,0
-300.37026583710406,0
-300.27027573529409,0
-300.17028563348413,0
-300.07029553167422,0
-299.97030542986425,0
-299.87031532805429,0
-299.77032522624432,0
-299.67033512443436,0
-299.57034502262445,0
-299.47035492081449,0
-299.37036481900452,0
-299.27037471719456,0
-299.17038461538459,0
-299.07039451357468,0
-298.97040441176472,0
-298.87041430995475,0
-298.77042420814479,0
-298.67043410633482,0
-298.57044400452486,0
-298.47045390271495,0
-298.37046380090499,0
-298.27047369909502,0
-298.17048359728506,0
-298.07049349547509,0
-297.97050339366513,0
-297.87051329185522,0
-297.77052319004525,0
-297.67053308823529,0
-297.57054298642532,0
-297.47055288461536,0
-297.37056278280545,0
-297.27057268099549,0
-297.17058257918552,0
-297.07059247737556,0
-296.97060237556559,0
-296.87061227375568,0
-296.77062217194572,0
-296.67063207013575,0
-296.57064196832579,0
-296.47065186651582,0
-296.37066176470586,0
-296.27067166289589,0
-296.17068156108598,0
-296.07069145927602,0
-295.97070135746606,0
-295.87071125565609,0
-295.77072115384613,0
-295.67073105203622,0
-295.57074095022625,0
-295.47075084841629,0
-295.37076074660632,0
-295.27077064479636,0
-295.17078054298645,0
-295.07079044117648,0
-294.97080033936652,0
-294.87081023755655,0
-294.77082013574659,0
-294.67083003393662,0
-294.57083993212672,0
-294.47084983031675,0
-294.37085972850679,0
-294.27086962669682,0
-294.17087952488686,0
-294.07088942307689,0
-293.97089932126698,0
-293.87090921945702,0
-293.77091911764705,0
-293.67092901583709,0
-293.57093891402712,0
-293.47094881221722,0
-293.37095871040725,0
-293.27096860859729,0
-293.17097850678732,0
-293.07098840497736,0
-292.97099830316745,0
-292.87100820135748,0
-292.77101809954752,0
-292.67102799773755,0
-292.57103789592759,0
-292.47104779411762,0
-292.37105769230766,0
-292.27106759049775,0
-292.17107748868779,0
-292.07108738687782,0
-291.97109728506786,0
-291.87110718325789,0
-291.77111708144798,0
-291.67112697963802,0
-291.57113687782805,0
-291.47114677601809,0
-291.37115667420812,0
-291.27116657239822,0
-291.17117647058825,0
-291.07118636877829,0
-290.97119626696832,0
-290.87120616515836,0
-290.77121606334839,0
-290.67122596153848,0
-290.57123585972852,0
-290.47124575791855,0
-290.37125565610859,0
-290.27126555429862,0
-290.17127545248866,0
-290.07128535067875,0
-289.97129524886878,0
-289.87130514705882,0
-289.77131504524885,0
-289.67132494343889,0
-289.57133484162898,0
-289.47134473981902,0
-289.37135463800905,0
-289.27136453619909,0
-289.17137443438912,0
-289.07138433257921,0
-288.97139423076919,0
-288.87140412895928,0
-288.77141402714932,0
-288.67142392533935,0
-288.57143382352939,0
-288.47144372171942,0
-288.37145361990952,0
-288.27146351809955,0
-288.17147341628959,0
-288.07148331447962,0
-287.97149321266966,0
-287.87150311085975,0
-287.77151300904978,0
-287.67152290723982,0
-287.57153280542985,0
-287.47154270361989,0
-287.37155260180998,0
-287.27156250000002,0
-287.17157239819005,0
-287.07158229638009,0
-286.97159219457012,0
-286.87160209276016,0
-286.77161199095019,0
-286.67162188914028,0
-286.57163178733032,0
-286.47164168552035,0
-286.37165158371039,0
-286.27166148190042,0
-286.17167138009052,0
-286.07168127828055,0
-285.97169117647059,0
-285.87170107466062,0
-285.77171097285066,0
-285.67172087104075,0
-285.57173076923078,0
-285.47174066742082,0
-285.37175056561085,0
-285.27176046380089,0
-285.17177036199098,0
-285.07178026018096,0
-284.97179015837105,0
-284.87180005656109,0
-284.77180995475112,0
-284.67181985294116,0
-284.57182975113119,0
-284.47183964932128,0
-284.37184954751132,0
-284.27185944570135,0
-284.17186934389139,0
-284.07187924208142,0
-283.97188914027151,0
-283.87189903846155,0
-283.77190893665158,0
-283.67191883484162,0
-283.57192873303165,0
-283.47193863122175,0
-283.37194852941178,0
-283.27195842760182,0
-283.17196832579185,0
-283.07197822398189,0
-282.97198812217192,0
-282.87199802036196,0
-282.77200791855205,0
-282.67201781674208,0
-282.57202771493212,0
-282.47203761312215,0
-282.37204751131219,0
-282.27205740950228,0
-282.17206730769232,0
-282.07207720588235,0
-281.97208710407239,0
-281.87209700226242,0
-281.77210690045251,0
-281.67211679864255,0
-281.57212669683258,0
-281.47213659502262,0
-281.37214649321265,0
-281.27215639140275,0
-281.17216628959272,0
-281.07217618778282,0
-280.97218608597285,0
-280.87219598416289,0
-280.77220588235292,0
-280.67221578054296,0
-280.57222567873305,0
-280.47223557692308,0
-280.37224547511312,0
-280.27225537330315,0
-280.17226527149319,0
-280.07227516968328,0
-279.97228506787332,0
-279.87229496606335,0
-279.77230486425339,0
-279.67231476244342,0
-279.57232466063351,0
-279.47233455882349,0
-279.37234445701358,0
-279.27235435520362,0
-279.17236425339365,0
-279.07237415158369,0
-278.97238404977372,0
-278.87239394796381,0
-278.77240384615385,0
-278.67241374434388,0
-278.57242364253392,0
-278.47243354072396,0
-278.37244343891405,0
-278.27245333710408,0
-278.17246323529412,0
-278.07247313348415,0
-277.97248303167419,0
-277.87249292986428,0
-277.77250282805431,0
-277.67251272624435,0
-277.57252262443438,0
-277.47253252262442,0
-277.37254242081445,0
-277.27255231900449,0
-277.17256221719458,0
-277.07257211538462,0
-276.97258201357465,0
-276.87259191176469,0
-276.77260180995472,0
-276.67261170814481,0
-276.57262160633485,0
-276.47263150452488,0
-276.37264140271492,0
-276.27265130090495,0
-276.17266119909505,0
-276.07267109728508,0
-275.97268099547512,0
-275.87269089366515,0
-275.77270079185519,0
-275.67271069004528,0
-275.57272058823526,0
-275.47273048642535,0
-275.37274038461538,0
-275.27275028280542,0
-275.17276018099545,0
-275.07277007918549,0
-274.97277997737558,0
-274.87278987556562,0
-274.77279977375565,0
-274.67280967194569,0
-274.57281957013572,0
-274.47282946832581,0
-274.37283936651585,0
-274.27284926470588,0
-274.17285916289592,0
-274.07286906108595,0
-273.97287895927604,0
-273.87288885746608,0
-273.77289875565612,0
-273.67290865384615,0
-273.57291855203619,0
-273.47292845022622,0
-273.37293834841626,0
-273.27294824660635,0
-273.17295814479638,0
-273.07296804298642,0
-272.97297794117645,0
-272.87298783936649,0
-272.77299773755658,0
-272.67300763574661,0
-272.57301753393665,0
-272.47302743212668,0
-272.37303733031672,0
-272.27304722850681,0
-272.17305712669685,0
-272.07306702488688,0
-271.97307692307692,0
-271.87308682126695,0
-271.77309671945704,0
-271.67310661764702,0
-271.57311651583711,0
-271.47312641402715,0
-271.37313631221718,0
-271.27314621040722,0
-271.17315610859725,0
-271.07316600678735,0
-270.97317590497738,0
-270.87318580316742,0
-270.77319570135745,0
-270.67320559954749,0
-270.57321549773758,0
-270.47322539592761,0
-270.37323529411765,0
-270.27324519230768,0
-270.17325509049772,0
-270.07326498868781,0
-269.97327488687779,0
-269.87328478506788,0
-269.77329468325792,0
-269.67330458144795,0
-269.57331447963799,0
-269.47332437782802,0
-269.37333427601811,0
-269.27334417420815,0
-269.17335407239818,0
-269.07336397058822,0
-268.97337386877825,0
-268.87338376696835,0
-268.77339366515838,0
-268.67340356334842,0
-268.57341346153845,0
-268.47342335972849,0
-268.37343325791858,0
-268.27344315610861,0
-268.17345305429865,0
-268.07346295248868,0
-267.97347285067872,0
-267.87348274886875,0
-267.77349264705879,0
-267.67350254524888,0
-267.57351244343891,0
-267.47352234162895,0
-267.37353223981899,0
-267.27354213800902,0
-267.17355203619911,0
-267.07356193438915,0
-266.97357183257918,0
-266.87358173076922,0
-266.77359162895925,0
-266.67360152714934,0
-266.57361142533938,0
-266.47362132352941,0
-266.37363122171945,0
-266.27364111990948,0
-266.17365101809958,0
-266.07366091628955,0
-265.97367081447965,0
-265.87368071266968,0
-265.77369061085972,0
-265.67370050904975,0
-265.57371040723979,0
-265.47372030542988,0
-265.37373020361991,0
-265.27374010180995,0
-265.17374999999998,0
-265.07375989819002,0
-264.97376979638011,0
-264.87377969457015,0
-264.77378959276018,0
-264.67379949095022,0
-264.57380938914025,0
-264.47381928733034,0
-264.37382918552038,0
-264.27383908371041,0
-264.17384898190045,0
-264.07385888009048,0
-263.97386877828052,0
-263.87387867647055,0
-263.77388857466065,0
-263.67389847285068,0
-263.57390837104072,0
-263.47391826923075,0
-263.37392816742079,0
-263.27393806561088,0
-263.17394796380091,0
-263.07395786199095,0
-262.97396776018098,0
-262.87397765837102,0
-262.77398755656111,0
-262.67399745475115,0
-262.57400735294118,0
-262.47401725113122,0
-262.37402714932125,0
-262.27403704751134,0
-262.17404694570132,0
-262.07405684389141,0
-261.97406674208145,0
-261.87407664027148,0
-261.77408653846152,0
-261.67409643665155,0
-261.57410633484164,0
-261.47411623303168,0
-261.37412613122171,0
-261.27413602941175,0
-261.17414592760178,0
-261.07415582579188,0
-260.97416572398191,0
-260.87417562217195,0
-260.77418552036198,0
-260.67419541855202,0
-260.57420531674211,0
-260.47421521493209,0
-260.37422511312218,0
-260.27423501131221,0
-260.17424490950225,0
-260.07425480769228,0
-259.97426470588232,0
-259.87427460407241,0
-259.77428450226245,0
-259.67429440045248,0
-259.57430429864252,0
-259.47431419683255,0
-259.37432409502264,0
-259.27433399321268,0
-259.17434389140271,0
-259.07435378959275,0
-258.97436368778278,0
-258.87437358597288,0
-258.77438348416291,0
-258.67439338235295,0
-258.57440328054298,0
-258.47441317873302,0
-258.37442307692305,0
-258.27443297511309,0
-258.17444287330318,0
-258.07445277149321,0
-257.97446266968325,0
-257.87447256787328,0
-257.77448246606332,0
-257.67449236425341,0
-257.57450226244345,0
-257.47451216063348,0
-257.37452205882352,0
-257.27453195701355,0
-257.17454185520364,0
-257.07455175339368,0
-256.97456165158371,0
-256.87457154977375,0
-256.77458144796378,0
-256.67459134615387,0
-256.57460124434385,0
-256.47461114253394,0
-256.37462104072398,0
-256.27463093891402,0
-256.17464083710405,0
-256.07465073529409,0
-255.97466063348418,0
-255.87467053167421,0
-255.77468042986425,0
-255.67469032805428,0
-255.57470022624435,0
-255.47471012443438,0
-255.37472002262444,0
-255.27472992081448,0
-255.17473981900451,0
-255.07474971719455,0
-254.97475961538461,0
-254.87476951357468,0
-254.77477941176471,0
-254.67478930995475,0
-254.57479920814478,0
-254.47480910633482,0
-254.37481900452488,0
-254.27482890271494,0
-254.17483880090498,0
-254.07484869909501,0
-253.97485859728505,0
-253.87486849547511,0
-253.77487839366515,0
-253.67488829185521,0
-253.57489819004525,0
-253.47490808823528,0
-253.37491798642532,0
-253.27492788461538,0
-253.17493778280544,0
-253.07494768099548,0
-252.97495757918551,0
-252.87496747737555,0
-252.77497737556561,0
-252.67498727375565,0
-252.57499717194571,0
-252.47500707013575,0
-252.37501696832578,0
-252.27502686651582,0
-252.17503676470588,0
-252.07504666289594,0
-251.97505656108598,0
-251.87506645927601,0
-251.77507635746605,0
-251.67508625565608,0
-251.57509615384615,0
-251.47510605203621,0
-251.37511595022625,0
-251.27512584841628,0
-251.17513574660632,0
-251.07514564479638,0
-250.97515554298641,0
-250.87516544117648,0
-250.77517533936651,0
-250.67518523755655,0
-250.57519513574658,0
-250.47520503393665,0
-250.37521493212671,0
-250.27522483031674,0
-250.17523472850678,0
-250.07524462669681,0
-249.97525452488688,0
-249.87526442307691,0
-249.77527432126698,0
-249.67528421945701,0
-249.57529411764705,0
-249.47530401583708,0
-249.37531391402715,0
-249.27532381221721,0
-249.17533371040724,0
-249.07534360859728,0
-248.97535350678731,0
-248.87536340497735,0
-248.77537330316741,0
-248.67538320135748,0
-248.57539309954751,0
-248.47540299773755,0
-248.37541289592758,0
-248.27542279411765,0
-248.17543269230768,0
-248.07544259049774,0
-247.97545248868778,0
-247.87546238687781,0
-247.77547228506785,0
-247.67548218325791,0
-247.57549208144798,0
-247.47550197963801,0
-247.37551187782805,0
-247.27552177601808,0
-247.17553167420814,0
-247.07554157239818,0
-246.97555147058824,0
-246.87556136877828,0
-246.77557126696831,0
-246.67558116515835,0
-246.57559106334841,0
-246.47560096153848,0
-246.37561085972851,0
-246.27562075791855,0
-246.17563065610858,0
-246.07564055429864,0
-245.97565045248868,0
-245.87566035067874,0
-245.77567024886878,0
-245.67568014705881,0
-245.57569004524885,0
-245.47569994343891,0
-245.37570984162898,0
-245.27571973981901,0
-245.17572963800905,0
-245.07573953619908,0
-244.97574943438912,0
-244.87575933257918,0
-244.77576923076924,0
-244.67577912895928,0
-244.57578902714931,0
-244.47579892533935,0
-244.37580882352941,0
-244.27581872171945,0
-244.17582861990951,0
-244.07583851809954,0
-243.97584841628958,0
-243.87585831447961,0
-243.77586821266968,0
-243.67587811085974,0
-243.57588800904978,0
-243.47589790723981,0
-243.37590780542985,0
-243.27591770361991,0
-243.17592760180995,0
-243.07593750000001,0
-242.97594739819004,0
-242.87595729638008,0
-242.77596719457011,0
-242.67597709276018,0
-242.57598699095024,0
-242.47599688914028,0
-242.37600678733031,0
-242.27601668552035,0
-242.17602658371038,0
-242.07603648190045,0
-241.97604638009051,0
-241.87605627828054,0
-241.77606617647058,0
-241.67607607466061,0
-241.57608597285068,0
-241.47609587104071,0
-241.37610576923078,0
-241.27611566742081,0
-241.17612556561085,0
-241.07613546380088,0
-240.97614536199094,0
-240.87615526018101,0
-240.77616515837104,0
-240.67617505656108,0
-240.57618495475111,0
-240.47619485294118,0
-240.37620475113121,0
-240.27621464932128,0
-240.17622454751131,0
-240.07623444570135,0
-239.97624434389138,0
-239.87625424208144,0
-239.77626414027151,0
-239.67627403846154,0
-239.57628393665158,0
-239.47629383484161,0
-239.37630373303165,0
-239.27631363122171,0
-239.17632352941177,0
-239.07633342760181,0
-238.97634332579185,0
-238.87635322398188,0
-238.77636312217194,0
-238.67637302036198,0
-238.57638291855204,0
-238.47639281674208,0
-238.37640271493211,0
-238.27641261312215,0
-238.17642251131221,0
-238.07643240950227,0
-237.97644230769231,0
-237.87645220588234,0
-237.77646210407238,0
-237.67647200226244,0
-237.57648190045248,0
-237.47649179864254,0
-237.37650169683258,0
-237.27651159502261,0
-237.17652149321265,0
-237.07653139140271,0
-236.97654128959277,0
-236.87655118778281,0
-236.77656108597284,0
-236.67657098416288,0
-236.57658088235294,0
-236.47659078054298,0
-236.37660067873304,0
-236.27661057692308,0
-236.17662047511311,0
-236.07663037330315,0
-235.97664027149321,0
-235.87665016968327,0
-235.77666006787331,0
-235.67666996606334,0
-235.57667986425338,0
-235.47668976244341,0
-235.37669966063348,0
-235.27670955882354,0
-235.17671945701358,0
-235.07672935520361,0
-234.97673925339365,0
-234.87674915158371,0
-234.77675904977374,0
-234.67676894796381,0
-234.57677884615384,0
-234.47678874434388,0
-234.37679864253391,0
-234.27680854072398,0
-234.17681843891404,0
-234.07682833710408,0
-233.97683823529411,0
-233.87684813348415,0
-233.77685803167421,0
-233.67686792986424,0
-233.57687782805431,0
-233.47688772624434,0
-233.37689762443438,0
-233.27690752262441,0
-233.17691742081448,0
-233.07692731900454,0
-232.97693721719457,0
-232.87694711538461,0
-232.77695701357464,0
-232.67696691176468,0
-232.57697680995474,0
-232.47698670814481,0
-232.37699660633484,0
-232.27700650452488,0
-232.17701640271491,0
-232.07702630090498,0
-231.97703619909501,0
-231.87704609728507,0
-231.77705599547511,0
-231.67706589366514,0
-231.57707579185518,0
-231.47708569004524,0
-231.37709558823531,0
-231.27710548642534,0
-231.17711538461538,0
-231.07712528280541,0
-230.97713518099548,0
-230.87714507918551,0
-230.77715497737557,0
-230.67716487556561,0
-230.57717477375564,0
-230.47718467194568,0
-230.37719457013574,0
-230.27720446832581,0
-230.17721436651584,0
-230.07722426470588,0
-229.97723416289591,0
-229.87724406108595,0
-229.77725395927601,0
-229.67726385746607,0
-229.57727375565611,0
-229.47728365384614,0
-229.37729355203618,0
-229.27730345022624,0
-229.17731334841628,0
-229.07732324660634,0
-228.97733314479638,0
-228.87734304298641,0
-228.77735294117645,0
-228.67736283936651,0
-228.57737273755657,0
-228.47738263574661,0
-228.37739253393664,0
-228.27740243212668,0
-228.17741233031674,0
-228.07742222850678,0
-227.97743212669684,0
-227.87744202488688,0
-227.77745192307691,0
-227.67746182126695,0
-227.57747171945701,0
-227.47748161764707,0
-227.37749151583711,0
-227.27750141402714,0
-227.17751131221718,0
-227.07752121040724,0
-226.97753110859728,0
-226.87754100678734,0
-226.77755090497737,0
-226.67756080316741,0
-226.57757070135744,0
-226.47758059954751,0
-226.37759049773757,0
-226.27760039592761,0
-226.17761029411764,0
-226.07762019230768,0
-225.97763009049771,0
-225.87763998868778,0
-225.77764988687784,0
-225.67765978506787,0
-225.57766968325791,0
-225.47767958144794,0
-225.37768947963801,0
-225.27769937782804,0
-225.17770927601811,0
-225.07771917420814,0
-224.97772907239818,0
-224.87773897058824,0
-224.77774886877827,0
-224.67775876696831,0
-224.57776866515837,0
-224.47777856334841,0
-224.37778846153844,0
-224.27779835972851,0
-224.17780825791854,0
-224.07781815610858,0
-223.97782805429864,0
-223.87783795248868,0
-223.77784785067874,0
-223.67785774886877,0
-223.57786764705881,0
-223.47787754524887,0
-223.37788744343891,0
-223.27789734162894,0
-223.17790723981901,0
-223.07791713800904,0
-222.97792703619908,0
-222.87793693438914,0
-222.77794683257918,0
-222.67795673076924,0
-222.57796662895927,0
-222.47797652714931,0
-222.37798642533937,0
-222.27799632352941,0
-222.17800622171944,0
-222.07801611990951,0
-221.97802601809954,0
-221.87803591628958,0
-221.77804581447964,0
-221.67805571266967,0
-221.57806561085971,0
-221.47807550904977,0
-221.37808540723981,0
-221.27809530542987,0
-221.17810520361991,0
-221.07811510180994,0
-220.97812500000001,0
-220.87813489819004,0
-220.77814479638008,0
-220.67815469457014,0
-220.57816459276017,0
-220.47817449095021,0
-220.37818438914027,0
-220.27819428733031,0
-220.17820418552034,0
-220.07821408371041,0
-219.97822398190044,0
-219.87823388009051,0
-219.77824377828054,0
-219.67825367647058,0
-219.57826357466064,0
-219.47827347285067,0
-219.37828337104071,0
-219.27829326923077,0
-219.17830316742081,0
-219.07831306561084,0
-218.97832296380091,0
-218.87833286199094,0
-218.77834276018098,0
-218.67835265837104,0
-218.57836255656107,0
-218.47837245475114,0
-218.37838235294117,0
-218.27839225113121,0
-218.17840214932127,0
-218.07841204751131,0
-217.97842194570134,0
-217.87843184389141,0
-217.77844174208144,0
-217.67845164027148,0
-217.57846153846154,0
-217.47847143665157,0
-217.37848133484161,0
-217.27849123303167,0
-217.17850113122171,0
-217.07851102941177,0
-216.97852092760181,0
-216.87853082579184,0
-216.77854072398191,0
-216.67855062217194,0
-216.57856052036198,0
-216.47857041855204,0
-216.37858031674207,0
-216.27859021493211,0
-216.17860011312217,0
-216.07861001131221,0
-215.97861990950224,0
-215.87862980769231,0
-215.77863970588234,0
-215.6786496040724,0
-215.57865950226244,0
-215.47866940045247,0
-215.37867929864254,0
-215.27868919683257,0
-215.17869909502261,0
-215.07870899321267,0
-214.97871889140271,0
-214.87872878959274,0
-214.77873868778281,0
-214.67874858597284,0
-214.57875848416288,0
-214.47876838235294,0
-214.37877828054297,0
-214.27878817873304,0
-214.17879807692307,0
-214.07880797511311,0
-213.97881787330317,0
-213.87882777149321,0
-213.77883766968324,0
-213.67884756787331,0
-213.57885746606334,0
-213.47886736425338,0
-213.37887726244344,0
-213.27888716063347,0
-213.17889705882354,0
-213.07890695701357,0
-212.97891685520361,0
-212.87892675339367,0
-212.77893665158371,0
-212.67894654977374,0
-212.5789564479638,0
-212.47896634615384,0
-212.37897624434387,0
-212.27898614253394,0
-212.17899604072397,0
-212.07900593891401,0
-211.97901583710407,0
-211.87902573529411,0
-211.77903563348417,0
-211.67904553167421,0
-211.57905542986424,0
-211.4790653280543,0
-211.37907522624434,0
-211.27908512443437,0
-211.17909502262444,0
-211.07910492081447,0
-210.97911481900451,0
-210.87912471719457,0
-210.77913461538461,0
-210.67914451357464,0
-210.5791544117647,0
-210.47916430995474,0
-210.3791742081448,0
-210.27918410633484,0
-210.17919400452487,0
-210.07920390271494,0
-209.97921380090497,0
-209.87922369909501,0
-209.77923359728507,0
-209.67924349547511,0
-209.57925339366514,0
-209.4792632918552,0
-209.37927319004524,0
-209.27928308823527,0
-209.17929298642534,0
-209.07930288461537,0
-208.97931278280544,0
-208.87932268099547,0
-208.77933257918551,0
-208.67934247737557,0
-208.57935237556561,0
-208.47936227375564,0
-208.3793721719457,0
-208.27938207013574,0
-208.17939196832577,0
-208.07940186651584,0
-207.97941176470587,0
-207.87942166289591,0
-207.77943156108597,0
-207.67944145927601,0
-207.57945135746607,0
-207.4794612556561,0
-207.37947115384614,0
-207.2794810520362,0
-207.17949095022624,0
-207.07950084841627,0
-206.97951074660634,0
-206.87952064479637,0
-206.77953054298641,0
-206.67954044117647,0
-206.57955033936651,0
-206.47956023755654,0
-206.3795701357466,0
-206.27958003393664,0
-206.1795899321267,0
-206.07959983031674,0
-205.97960972850677,0
-205.87961962669684,0
-205.77962952488687,0
-205.67963942307691,0
-205.57964932126697,0
-205.47965921945701,0
-205.37966911764704,0
-205.2796790158371,0
-205.17968891402714,0
-205.07969881221717,0
-204.97970871040724,0
-204.87971860859727,0
-204.77972850678734,0
-204.67973840497737,0
-204.57974830316741,0
-204.47975820135747,0
-204.3797680995475,0
-204.27977799773754,0
-204.1797878959276,0
-204.07979779411764,0
-203.97980769230767,0
-203.87981759049774,0
-203.77982748868777,0
-203.67983738687784,0
-203.57984728506787,0
-203.47985718325791,0
-203.37986708144797,0
-203.279876979638,0
-203.17988687782804,0
-203.0798967760181,0
-202.97990667420814,0
-202.87991657239817,0
-202.77992647058824,0
-202.67993636877827,0
-202.57994626696831,0
-202.47995616515837,0
-202.37996606334841,0
-202.27997596153847,0
-202.1799858597285,0
-202.07999575791854,0
-201.9800056561086,0
-201.88001555429864,0
-201.78002545248867,0
-201.68003535067874,0
-201.58004524886877,0
-201.48005514705881,0
-201.38006504524887,0
-201.2800749434389,0
-201.18008484162894,0
-201.080094739819,0
-200.98010463800904,0
-200.8801145361991,0
-200.78012443438914,0
-200.68013433257917,0
-200.58014423076924,0
-200.48015412895927,0
-200.38016402714931,0
-200.28017392533937,0
-200.1801838235294,0
-200.08019372171944,0
-199.9802036199095,0
-199.88021351809954,0
-199.78022341628957,0
-199.68023331447964,0
-199.58024321266967,0
-199.48025311085973,0
-199.38026300904977,0
-199.28027290723981,0
-199.18028280542987,0
-199.0802927036199,0
-198.98030260180994,0
-198.8803125,0
-198.78032239819004,0
-198.68033229638007,0
-198.58034219457014,0
-198.48035209276017,0
-198.38036199095021,0
-198.28037188914027,0
-198.1803817873303,0
-198.08039168552037,0
-197.9804015837104,0
-197.88041148190044,0
-197.7804213800905,0
-197.68043127828054,0
-197.58044117647057,0
-197.48045107466064,0
-197.38046097285067,0
-197.28047087104071,0
-197.18048076923077,0
-197.0804906674208,0
-196.98050056561084,0
-196.8805104638009,0
-196.78052036199094,0
-196.680530260181,0
-196.58054015837104,0
-196.48055005656107,0
-196.38055995475113,0
-196.28056985294117,0
-196.18057975113121,0
-196.08058964932127,0
-195.9805995475113,0
-195.88060944570134,0
-195.7806193438914,0
-195.68062924208144,0
-195.58063914027147,0
-195.48064903846154,0
-195.38065893665157,0
-195.28066883484163,0
-195.18067873303167,0
-195.0806886312217,0
-194.98069852941177,0
-194.8807084276018,0
-194.78071832579184,0
-194.6807282239819,0
-194.58073812217194,0
-194.48074802036197,0
-194.38075791855204,0
-194.28076781674207,0
-194.18077771493213,0
-194.08078761312217,0
-193.9807975113122,0
-193.88080740950227,0
-193.7808173076923,0
-193.68082720588234,0
-193.5808371040724,0
-193.48084700226244,0
-193.38085690045247,0
-193.28086679864253,0
-193.18087669683257,0
-193.0808865950226,0
-192.98089649321267,0
-192.8809063914027,0
-192.78091628959277,0
-192.6809261877828,0
-192.58093608597284,0
-192.4809459841629,0
-192.38095588235294,0
-192.28096578054297,0
-192.18097567873303,0
-192.08098557692307,0
-191.9809954751131,0
-191.88100537330317,0
-191.7810152714932,0
-191.68102516968324,0
-191.5810350678733,0
-191.48104496606334,0
-191.3810548642534,0
-191.28106476244344,0
-191.18107466063347,0
-191.08108455882353,0
-190.98109445701357,0
-190.8811043552036,0
-190.78111425339367,0
-190.6811241515837,0
-190.58113404977374,0
-190.4811439479638,0
-190.38115384615384,0
-190.28116374434387,0
-190.18117364253393,0
-190.08118354072397,0
-189.98119343891403,0
-189.88120333710407,0
-189.7812132352941,0
-189.68122313348417,0
-189.5812330316742,0
-189.48124292986424,0
-189.3812528280543,0
-189.28126272624434,0
-189.18127262443437,0
-189.08128252262443,0
-188.98129242081447,0
-188.8813023190045,0
-188.78131221719457,0
-188.6813221153846,0
-188.58133201357467,0
-188.4813419117647,0
-188.38135180995474,0
-188.2813617081448,0
-188.18137160633484,0
-188.08138150452487,0
-187.98139140271493,0
-187.88140130090497,0
-187.781411199095,0
-187.68142109728507,0
-187.5814309954751,0
-187.48144089366514,0
-187.3814507918552,0
-187.28146069004524,0
-187.1814705882353,0
-187.08148048642533,0
-186.98149038461537,0
-186.88150028280543,0
-186.78151018099547,0
-186.6815200791855,0
-186.58152997737557,0
-186.4815398755656,0
-186.38154977375564,0
-186.2815596719457,0
-186.18156957013574,0
-186.08157946832577,0
-185.98158936651583,0
-185.88159926470587,0
-185.78160916289593,0
-185.68161906108597,0
-185.581628959276,0
-185.48163885746607,0
-185.3816487556561,0
-185.28165865384614,0
-185.1816685520362,0
-185.08167845022624,0
-184.98168834841627,0
-184.88169824660633,0
-184.78170814479637,0
-184.68171804298643,0
-184.58172794117647,0
-184.4817378393665,0
-184.38174773755657,0
-184.2817576357466,0
-184.18176753393664,0
-184.0817774321267,0
-183.98178733031673,0
-183.88179722850677,0
-183.78180712669683,0
-183.68181702488687,0
-183.5818269230769,0
-183.48183682126697,0
-183.381846719457,0
-183.28185661764707,0
-183.1818665158371,0
-183.08187641402714,0
-182.9818863122172,0
-182.88189621040723,0
-182.78190610859727,0
-182.68191600678733,0
-182.58192590497737,0
-182.4819358031674,0
-182.38194570135747,0
-182.2819555995475,0
-182.18196549773754,0
-182.0819753959276,0
-181.98198529411764,0
-181.8819951923077,0
-181.78200509049773,0
-181.68201498868777,0
-181.58202488687783,0
-181.48203478506787,0
-181.3820446832579,0
-181.28205458144797,0
-181.182064479638,0
-181.08207437782804,0
-180.9820842760181,0
-180.88209417420813,0
-180.78210407239817,0
-180.68211397058823,0
-180.58212386877827,0
-180.48213376696833,0
-180.38214366515837,0
-180.2821535633484,0
-180.18216346153847,0
-180.0821733597285,0
-179.98218325791854,0
-179.8821931561086,0
-179.78220305429863,0
-179.68221295248867,0
-179.58222285067873,0
-179.48223274886877,0
-179.3822426470588,0
-179.28225254524887,0
-179.1822624434389,0
-179.08227234162896,0
-178.982282239819,0
-178.88229213800903,0
-178.7823020361991,0
-178.68231193438913,0
-178.58232183257917,0
-178.48233173076923,0
-178.38234162895927,0
-178.2823515271493,0
-178.18236142533937,0
-178.0823713235294,0
-177.98238122171944,0
-177.8823911199095,0
-177.78240101809953,0
-177.6824109162896,0
-177.58242081447963,0
-177.48243071266967,0
-177.38244061085973,0
-177.28245050904977,0
-177.1824604072398,0
-177.08247030542987,0
-176.9824802036199,0
-176.88249010180994,0
-176.7825,0
-176.68250989819003,0
-176.5825197963801,0
-176.48252969457013,0
-176.38253959276017,0
-176.28254949095023,0
-176.18255938914027,0
-176.0825692873303,0
-175.98257918552036,0
-175.8825890837104,0
-175.78259898190043,0
-175.6826088800905,0
-175.58261877828053,0
-175.48262867647057,0
-175.38263857466063,0
-175.28264847285067,0
-175.18265837104073,0
-175.08266826923077,0
-174.9826781674208,0
-174.88268806561086,0
-174.7826979638009,0
-174.68270786199093,0
-174.582717760181,0
-174.48272765837103,0
-174.38273755656107,0
-174.28274745475113,0
-174.18275735294117,0
-174.0827672511312,0
-173.98277714932127,0
-173.8827870475113,0
-173.78279694570136,0
-173.6828068438914,0
-173.58281674208143,0
-173.4828266402715,0
-173.38283653846153,0
-173.28284643665157,0
-173.18285633484163,0
-173.08286623303167,0
-172.9828761312217,0
-172.88288602941176,0
-172.7828959276018,0
-172.68290582579183,0
-172.5829157239819,0
-172.48292562217193,0
-172.382935520362,0
-172.28294541855203,0
-172.18295531674207,0
-172.08296521493213,0
-171.98297511312217,0
-171.8829850113122,0
-171.78299490950226,0
-171.6830048076923,0
-171.58301470588233,0
-171.4830246040724,0
-171.38303450226243,0
-171.28304440045247,0
-171.18305429864253,0
-171.08306419683257,0
-170.98307409502263,0
-170.88308399321267,0
-170.7830938914027,0
-170.68310378959276,0
-170.5831136877828,0
-170.48312358597283,0
-170.3831334841629,0
-170.28314338235293,0
-170.18315328054297,0
-170.08316317873303,0
-169.98317307692307,0
-169.8831829751131,0
-169.78319287330316,0
-169.6832027714932,0
-169.58321266968326,0
-169.4832225678733,0
-169.38323246606333,0
-169.2832423642534,0
-169.18325226244343,0
-169.08326216063347,0
-168.98327205882353,0
-168.88328195701357,0
-168.7832918552036,0
-168.68330175339366,0
-168.5833116515837,0
-168.48332154977373,0
-168.3833314479638,0
-168.28334134615383,0
-168.1833512443439,0
-168.08336114253393,0
-167.98337104072397,0
-167.88338093891403,0
-167.78339083710406,0
-167.6834007352941,0
-167.58341063348416,0
-167.4834205316742,0
-167.38343042986423,0
-167.2834403280543,0
-167.18345022624433,0
-167.0834601244344,0
-166.98347002262443,0
-166.88347992081447,0
-166.78348981900453,0
-166.68349971719456,0
-166.5835096153846,0
-166.48351951357466,0
-166.3835294117647,0
-166.28353930995473,0
-166.1835492081448,0
-166.08355910633483,0
-165.98356900452487,0
-165.88357890271493,0
-165.78358880090497,0
-165.68359869909503,0
-165.58360859728506,0
-165.4836184954751,0
-165.38362839366516,0
-165.2836382918552,0
-165.18364819004523,0
-165.0836580882353,0
-164.98366798642533,0
-164.88367788461537,0
-164.78368778280543,0
-164.68369768099546,0
-164.5837075791855,0
-164.48371747737556,0
-164.3837273755656,0
-164.28373727375566,0
-164.1837471719457,0
-164.08375707013573,0
-163.9837669683258,0
-163.88377686651583,0
-163.78378676470587,0
-163.68379666289593,0
-163.58380656108596,0
-163.483816459276,0
-163.38382635746606,0
-163.2838362556561,0
-163.18384615384613,0
-163.0838560520362,0
-162.98386595022623,0
-162.8838758484163,0
-162.78388574660633,0
-162.68389564479637,0
-162.58390554298643,0
-162.48391544117646,0
-162.3839253393665,0
-162.28393523755656,0
-162.1839451357466,0
-162.08395503393663,0
-161.9839649321267,0
-161.88397483031673,0
-161.78398472850677,0
-161.68399462669683,0
-161.58400452488686,0
-161.48401442307693,0
-161.38402432126696,0
-161.284034219457,0
-161.18404411764706,0
-161.0840540158371,0
-160.98406391402713,0
-160.8840738122172,0
-160.78408371040723,0
-160.68409360859727,0
-160.58410350678733,0
-160.48411340497736,0
-160.3841233031674,0
-160.28413320135746,0
-160.1841430995475,0
-160.08415299773756,0
-159.9841628959276,0
-159.88417279411763,0
-159.7841826923077,0
-159.68419259049773,0
-159.58420248868777,0
-159.48421238687783,0
-159.38422228506786,0
-159.2842321832579,0
-159.18424208144796,0
-159.084251979638,0
-158.98426187782803,0
-158.8842717760181,0
-158.78428167420813,0
-158.68429157239819,0
-158.58430147058823,0
-158.48431136877826,0
-158.38432126696833,0
-158.28433116515836,0
-158.1843410633484,0
-158.08435096153846,0
-157.9843608597285,0
-157.88437075791853,0
-157.7843806561086,0
-157.68439055429863,0
-157.58440045248869,0
-157.48441035067873,0
-157.38442024886876,0
-157.28443014705883,0
-157.18444004524886,0
-157.0844499434389,0
-156.98445984162896,0
-156.884469739819,0
-156.78447963800903,0
-156.6844895361991,0
-156.58449943438913,0
-156.48450933257917,0
-156.38451923076923,0
-156.28452912895926,0
-156.18453902714933,0
-156.08454892533936,0
-155.9845588235294,0
-155.88456872171946,0
-155.7845786199095,0
-155.68458851809953,0
-155.58459841628959,0
-155.48460831447963,0
-155.38461821266966,0
-155.28462811085973,0
-155.18463800904976,0
-155.0846479072398,0
-154.98465780542986,0
-154.8846677036199,0
-154.78467760180996,0
-154.6846875,0
-154.58469739819003,0
-154.48470729638009,0
-154.38471719457013,0
-154.28472709276016,0
-154.18473699095023,0
-154.08474688914026,0
-153.9847567873303,0
-153.88476668552036,0
-153.7847765837104,0
-153.68478648190043,0
-153.58479638009049,0
-153.48480627828053,0
-153.38481617647059,0
-153.28482607466063,0
-153.18483597285066,0
-153.08484587104073,0
-152.98485576923076,0
-152.8848656674208,0
-152.78487556561086,0
-152.6848854638009,0
-152.58489536199093,0
-152.48490526018099,0
-152.38491515837103,0
-152.28492505656106,0
-152.18493495475113,0
-152.08494485294116,0
-151.98495475113123,0
-151.88496464932126,0
-151.7849745475113,0
-151.68498444570136,0
-151.5849943438914,0
-151.48500424208143,0
-151.38501414027149,0
-151.28502403846153,0
-151.18503393665156,0
-151.08504383484163,0
-150.98505373303166,0
-150.8850636312217,0
-150.78507352941176,0
-150.6850834276018,0
-150.58509332579186,0
-150.48510322398189,0
-150.38511312217193,0
-150.28512302036199,0
-150.18513291855203,0
-150.08514281674206,0
-149.98515271493213,0
-149.88516261312216,0
-149.7851725113122,0
-149.68518240950226,0
-149.5851923076923,0
-149.48520220588233,0
-149.38521210407239,0
-149.28522200226243,0
-149.18523190045249,0
-149.08524179864253,0
-148.98525169683256,0
-148.88526159502263,0
-148.78527149321266,0
-148.6852813914027,0
-148.58529128959276,0
-148.4853011877828,0
-148.38531108597283,0
-148.28532098416289,0
-148.18533088235293,0
-148.08534078054299,0
-147.98535067873303,0
-147.88536057692306,0
-147.78537047511313,0
-147.68538037330316,0
-147.5853902714932,0
-147.48540016968326,0
-147.38541006787329,0
-147.28541996606333,0
-147.18542986425339,0
-147.08543976244343,0
-146.98544966063346,0
-146.88545955882353,0
-146.78546945701356,0
-146.68547935520363,0
-146.58548925339366,0
-146.4854991515837,0
-146.38550904977376,0
-146.28551894796379,0
-146.18552884615383,0
-146.08553874434389,0
-145.98554864253393,0
-145.88555854072396,0
-145.78556843891403,0
-145.68557833710406,0
-145.5855882352941,0
-145.48559813348416,0
-145.3856080316742,0
-145.28561792986426,0
-145.18562782805429,0
-145.08563772624433,0
-144.98564762443439,0
-144.88565752262443,0
-144.78566742081446,0
-144.68567731900453,0
-144.58568721719456,0
-144.4856971153846,0
-144.38570701357466,0
-144.28571691176469,0
-144.18572680995473,0
-144.08573670814479,0
-143.98574660633483,0
-143.88575650452489,0
-143.78576640271493,0
-143.68577630090496,0
-143.58578619909503,0
-143.48579609728506,0
-143.3858059954751,0
-143.28581589366516,0
-143.18582579185519,0
-143.08583569004523,0
-142.98584558823529,0
-142.88585548642533,0
-142.78586538461536,0
-142.68587528280543,0
-142.58588518099546,0
-142.48589507918552,0
-142.38590497737556,0
-142.2859148755656,0
-142.18592477375566,0
-142.08593467194569,0
-141.98594457013573,0
-141.88595446832579,0
-141.78596436651583,0
-141.68597426470586,0
-141.58598416289593,0
-141.48599406108596,0
-141.386003959276,0
-141.28601385746606,0
-141.18602375565609,0
-141.08603365384616,0
-140.98604355203619,0
-140.88605345022623,0
-140.78606334841629,0
-140.68607324660633,0
-140.58608314479636,0
-140.48609304298643,0
-140.38610294117646,0
-140.2861128393665,0
-140.18612273755656,0
-140.08613263574659,0
-139.98614253393663,0
-139.88615243212669,0
-139.78616233031673,0
-139.68617222850679,0
-139.58618212669683,0
-139.48619202488686,0
-139.38620192307692,0
-139.28621182126696,0
-139.186221719457,0
-139.08623161764706,0
-138.98624151583709,0
-138.88625141402713,0
-138.78626131221719,0
-138.68627121040723,0
-138.58628110859729,0
-138.48629100678733,0
-138.38630090497736,0
-138.28631080316742,0
-138.18632070135746,0
-138.08633059954749,0
-137.98634049773756,0
-137.88635039592759,0
-137.78636029411763,0
-137.68637019230769,0
-137.58638009049773,0
-137.48638998868776,0
-137.38639988687783,0
-137.28640978506786,0
-137.18641968325792,0
-137.08642958144796,0
-136.98643947963799,0
-136.88644937782806,0
-136.78645927601809,0
-136.68646917420813,0
-136.58647907239819,0
-136.48648897058823,0
-136.38649886877826,0
-136.28650876696832,0
-136.18651866515836,0
-136.08652856334839,0
-135.98653846153846,0
-135.88654835972849,0
-135.78655825791856,0
-135.68656815610859,0
-135.58657805429863,0
-135.48658795248869,0
-135.38659785067873,0
-135.28660774886876,0
-135.18661764705882,0
-135.08662754524886,0
-134.98663744343889,0
-134.88664734162896,0
-134.78665723981899,0
-134.68666713800903,0
-134.58667703619909,0
-134.48668693438913,0
-134.38669683257919,0
-134.28670673076923,0
-134.18671662895926,0
-134.08672652714932,0
-133.98673642533936,0
-133.88674632352939,0
-133.78675622171946,0
-133.68676611990949,0
-133.58677601809953,0
-133.48678591628959,0
-133.38679581447963,0
-133.28680571266966,0
-133.18681561085972,0
-133.08682550904976,0
-132.98683540723982,0
-132.88684530542986,0
-132.78685520361989,0
-132.68686510180996,0
-132.58687499999999,0
-132.48688489819003,0
-132.38689479638009,0
-132.28690469457013,0
-132.18691459276016,0
-132.08692449095022,0
-131.98693438914026,0
-131.88694428733029,0
-131.78695418552036,0
-131.68696408371039,0
-131.58697398190046,0
-131.48698388009049,0
-131.38699377828053,0
-131.28700367647059,0
-131.18701357466063,0
-131.08702347285066,0
-130.98703337104072,0
-130.88704326923076,0
-130.78705316742079,0
-130.68706306561086,0
-130.58707296380089,0
-130.48708286199093,0
-130.38709276018099,0
-130.28710265837103,0
-130.18711255656109,0
-130.08712245475112,0
-129.98713235294116,0
-129.88714225113122,0
-129.78715214932126,0
-129.68716204751129,0
-129.58717194570136,0
-129.48718184389139,0
-129.38719174208143,0
-129.28720164027149,0
-129.18721153846153,0
-129.08722143665159,0
-128.98723133484162,0
-128.88724123303166,0
-128.78725113122172,0
-128.68726102941176,0
-128.58727092760179,0
-128.48728082579186,0
-128.38729072398189,0
-128.28730062217193,0
-128.18731052036199,0
-128.08732041855203,0
-127.98733031674206,0
-127.88734021493212,0
-127.78735011312216,0
-127.68736001131222,0
-127.58736990950226,0
-127.48737980769229,0
-127.38738970588236,0
-127.28739960407239,0
-127.18740950226243,0
-127.08741940045249,0
-126.98742929864252,0
-126.88743919683256,0
-126.78744909502262,0
-126.68745899321266,0
-126.58746889140269,0
-126.48747878959276,0
-126.38748868778279,0
-126.28749858597286,0
-126.18750848416289,0
-126.08751838235293,0
-125.98752828054299,0
-125.88753817873302,0
-125.78754807692306,0
-125.68755797511312,0
-125.58756787330316,0
-125.48757777149319,0
-125.38758766968326,0
-125.28759756787329,0
-125.18760746606333,0
-125.08761736425339,0
-124.98762726244343,0
-124.88763716063349,0
-124.78764705882352,0
-124.68765695701356,0
-124.58766685520362,0
-124.48767675339366,0
-124.38768665158369,0
-124.28769654977376,0
-124.18770644796379,0
-124.08771634615383,0
-123.98772624434389,0
-123.88773614253392,0
-123.78774604072396,0
-123.68775593891402,0
-123.58776583710406,0
-123.48777573529412,0
-123.38778563348416,0
-123.28779553167419,0
-123.18780542986426,0
-123.08781532805429,0
-122.98782522624433,0
-122.88783512443439,0
-122.78784502262442,0
-122.68785492081446,0
-122.58786481900452,0
-122.48787471719456,0
-122.38788461538459,0
-122.28789451357466,0
-122.18790441176469,0
-122.08791430995475,0
-121.98792420814479,0
-121.88793410633482,0
-121.78794400452489,0
-121.68795390271492,0
-121.58796380090496,0
-121.48797369909502,0
-121.38798359728506,0
-121.28799349547509,0
-121.18800339366516,0
-121.08801329185519,0
-120.98802319004523,0
-120.88803308823529,0
-120.78804298642532,0
-120.68805288461539,0
-120.58806278280542,0
-120.48807268099546,0
-120.38808257918552,0
-120.28809247737556,0
-120.18810237556559,0
-120.08811227375566,0
-119.98812217194569,0
-119.88813207013573,0
-119.78814196832579,0
-119.68815186651582,0
-119.58816176470589,0
-119.48817166289592,0
-119.38818156108596,0
-119.28819145927602,0
-119.18820135746606,0
-119.08821125565609,0
-118.98822115384615,0
-118.88823105203619,0
-118.78824095022622,0
-118.68825084841629,0
-118.58826074660632,0
-118.48827064479636,0
-118.38828054298642,0
-118.28829044117646,0
-118.18830033936652,0
-118.08831023755656,0
-117.98832013574659,0
-117.88833003393665,0
-117.78833993212669,0
-117.68834983031672,0
-117.58835972850679,0
-117.48836962669682,0
-117.38837952488686,0
-117.28838942307692,0
-117.18839932126696,0
-117.08840921945699,0
-116.98841911764706,0
-116.88842901583709,0
-116.78843891402715,0
-116.68844881221719,0
-116.58845871040722,0
-116.48846860859729,0
-116.38847850678732,0
-116.28848840497736,0
-116.18849830316742,0
-116.08850820135746,0
-115.98851809954749,0
-115.88852799773755,0
-115.78853789592759,0
-115.68854779411762,0
-115.58855769230769,0
-115.48856759049772,0
-115.38857748868779,0
-115.28858738687782,0
-115.18859728506786,0
-115.08860718325792,0
-114.98861708144796,0
-114.88862697963799,0
-114.78863687782805,0
-114.68864677601809,0
-114.58865667420812,0
-114.48866657239819,0
-114.38867647058822,0
-114.28868636877826,0
-114.18869626696832,0
-114.08870616515836,0
-113.98871606334842,0
-113.88872596153846,0
-113.78873585972849,0
-113.68874575791855,0
-113.58875565610859,0
-113.48876555429862,0
-113.38877545248869,0
-113.28878535067872,0
-113.18879524886876,0
-113.08880514705882,0
-112.98881504524886,0
-112.88882494343889,0
-112.78883484162895,0
-112.68884473981899,0
-112.58885463800905,0
-112.48886453619909,0
-112.38887443438912,0
-112.28888433257919,0
-112.18889423076922,0
-112.08890412895926,0
-111.98891402714932,0
-111.88892392533936,0
-111.78893382352939,0
-111.68894372171945,0
-111.58895361990949,0
-111.48896351809955,0
-111.38897341628959,0
-111.28898331447962,0
-111.18899321266969,0
-111.08900311085972,0
-110.98901300904976,0
-110.88902290723982,0
-110.78903280542985,0
-110.68904270361989,0
-110.58905260180995,0
-110.48906249999999,0
-110.38907239819002,0
-110.28908229638009,0
-110.18909219457012,0
-110.08910209276019,0
-109.98911199095022,0
-109.88912188914026,0
-109.78913178733032,0
-109.68914168552035,0
-109.58915158371039,0
-109.48916148190045,0
-109.38917138009049,0
-109.28918127828052,0
-109.18919117647059,0
-109.08920107466062,0
-108.98921097285066,0
-108.88922087104072,0
-108.78923076923076,0
-108.68924066742082,0
-108.58925056561085,0
-108.48926046380089,0
-108.38927036199095,0
-108.28928026018099,0
-108.18929015837102,0
-108.08930005656109,0
-107.98930995475112,0
-107.88931985294116,0
-107.78932975113122,0
-107.68933964932125,0
-107.58934954751129,0
-107.48935944570135,0
-107.38936934389139,0
-107.28937924208145,0
-107.18938914027149,0
-107.08939903846152,0
-106.98940893665159,0
-106.88941883484162,0
-106.78942873303166,0
-106.68943863122172,0
-106.58944852941175,0
-106.48945842760179,0
-106.38946832579185,0
-106.28947822398189,0
-106.18948812217192,0
-106.08949802036199,0
-105.98950791855202,0
-105.88951781674209,0
-105.78952771493212,0
-105.68953761312216,0
-105.58954751131222,0
-105.48955740950225,0
-105.38956730769229,0
-105.28957720588235,0
-105.18958710407239,0
-105.08959700226242,0
-104.98960690045249,0
-104.88961679864252,0
-104.78962669683256,0
-104.68963659502262,0
-104.58964649321265,0
-104.48965639140272,0
-104.38966628959275,0
-104.28967618778279,0
-104.18968608597285,0
-104.08969598416289,0
-103.98970588235292,0
-103.88971578054299,0
-103.78972567873302,0
-103.68973557692306,0
-103.58974547511312,0
-103.48975537330315,0
-103.38976527149319,0
-103.28977516968325,0
-103.18978506787329,0
-103.08979496606335,0
-102.98980486425339,0
-102.88981476244342,0
-102.78982466063349,0
-102.68983455882352,0
-102.58984445701356,0
-102.48985435520362,0
-102.38986425339365,0.054731167350291252
-102.28987415158369,0.086374312930160235
-102.18988404977375,0.08898845062423015
-102.08989394796379,0.090298112530796532
-101.98990384615385,0.091137969586201517
-101.88991374434389,0.091741800101094895
-101.78992364253392,0.092205972072809117
-101.68993354072398,0.092578877660755232
-101.58994343891402,0.092887996759212887
-101.48995333710405,0.093150314236600223
-101.38996323529412,0.093377002272136661
-101.28997313348415,0.093575769067847647
-101.18998303167419,0.093752138045788552
-101.08999292986425,0.093910190775402719
-100.99000282805429,0.094053021325566061
-100.89001272624432,0.094183026199947534
-100.79002262443439,0.094302096064142443
-100.69003252262442,0.09441174643238999
-100.59004242081448,0.094513209104899437
-100.49005231900452,0.094607497615665642
-100.39006221719455,0.09469545502400839
-100.29007211538462,0.094777789437005294
-100.19008201357465,0.094855100833361419
-100.09009191176469,0.094927901608450799
-99.990101809954751,0.094996632513384832
-99.890111708144786,0.095061675165464016
-99.790121606334822,0.095123361972317383
-99.690131504524885,0.095181984081280771
-99.59014140271492,0.09523779780406208
-99.490151300904955,0.095291029852113726
-99.390161199095019,0.095341881635458953
-99.290171097285054,0.095390532817608176
-99.190180995475117,0.095437144274648236
-99.090190893665152,0.095481860573572885
-98.990200791855187,0.09552481205989713
-98.890210690045251,0.095566116625615413
-98.790220588235286,0.095605881214074359
-98.690230486425321,0.095644203106941938
-98.590240384615385,0.095681171029842929
-98.49025028280542,0.095716866106163451
-98.390260180995455,0.095751362683221444
-98.290270079185518,0.09578472905057725
-98.190279977375553,0.095817028066800466
-98.090289875565588,0.095848317708267433
-97.990299773755652,0.095878651551204994
-97.890309671945687,0.095908079196450044
-97.79031957013575,0.09593664664479512
-97.690329468325785,0.095964396629652962
-97.590339366515821,0.095991368912637154
-97.490349264705856,0.09601760054689995
-97.390359162895891,0.096043126112316676
-97.290369061085983,0.096067977925999512
-97.190378959276018,0.096092186231191076
-97.090388857466053,0.096115779367112464
-96.990398755656088,0.096138783921968701
-96.890408653846123,0.096161224871135195
-96.790418552036215,0.096183125702119301
-96.69042845022625,0.09620450852782958
-96.590438348416285,0.096225394189405261
-96.49044824660632,0.09624580234972957
-96.390458144796355,0.096265751578636594
-96.29046804298639,0.096285259430627462
-96.190477941176482,0.096304342515917546
-96.090487839366517,0.096323016565448435
-95.990497737556552,0.096341296490475264
-95.890507635746587,0.096359196437258737
-95.790517533936622,0.096376729837341663
-95.690527432126714,0.09639390945379539
-95.590537330316749,0.096410747423867793
-95.490547228506784,0.096427255298296669
-95.39055712669682,0.096443444077657633
-95.290567024886855,0.096459324245949066
-95.19057692307689,0.096474905801705285
-95.090586821266982,0.096490198286831697
-94.990596719457017,0.096505210813352477
-94.890606617647052,0.096519952088272493
-94.790616515837087,0.096534430436661489
-94.690626414027122,0.096548653823176248
-94.590636312217157,0.09656262987207398
-94.490646210407249,0.096576365885907928
-94.390656108597284,0.09658986886294274
-94.290666006787319,0.096603145513451713
-94.190675904977354,0.09661620227492923
-94.090685803167389,0.096629045326343033
-93.990695701357481,0.096641680601469659
-93.890705599547516,0.096654113801399877
-93.790715497737551,0.096666350406265603
-93.690725395927586,0.09667839568623908
-93.590735294117621,0.096690254711891049
-93.490745192307656,0.096701932363889853
-93.390755090497748,0.096713433342160232
-93.290764988687783,0.096724762174485085
-93.190774886877819,0.096735923224612913
-93.090784785067854,0.096746920699908867
-92.990794683257889,0.096757758658553877
-92.890804581447981,0.09676844101635898
-92.790814479638016,0.096778971553182672
-92.690824377828051,0.096789353919014803
-92.590834276018086,0.096799591639710525
-92.490844174208121,0.096809688122425991
-92.390854072398156,0.096819646660764119
-92.290863970588248,0.096829470439641824
-92.190873868778283,0.096839162539912621
-92.090883766968318,0.096848725942741021
-91.990893665158353,0.09685816353375476
-91.890903563348388,0.096867478106988383
-91.79091346153848,0.096876672368627681
-91.690923359728515,0.096885748940568339
-91.59093325791855,0.096894710363794906
-91.490943156108585,0.096903559101598549
-91.39095305429862,0.096912297542633502
-91.290962952488655,0.096920928003837503
-91.190972850678747,0.096929452733200111
-91.090982748868782,0.096937873912410072
-90.990992647058818,0.096946193659370752
-90.891002545248853,0.096954414030604605
-90.791012443438888,0.096962537023553827
-90.691022341628923,0.096970564578751806
-90.591032239819015,0.096978498581927863
-90.49104213800905,0.096986340865995155
-90.391052036199085,0.096994093212955115
-90.29106193438912,0.097001757355731841
-90.191071832579155,0.097009334979897693
-90.091081730769247,0.097016827725356788
-89.991091628959282,0.097024237187932766
-89.891101527149317,0.097031564920896082
-89.791111425339352,0.097038812436431005
-89.691121323529387,0.097045981207033546
-89.591131221719422,0.097053072666857518
-89.491141119909514,0.097060088213001883
-89.391151018099549,0.097067029206741484
-89.291160916289584,0.097073896974717855
-89.191170814479619,0.097080692810071895
-89.091180712669654,0.097087417973533735
-88.991190610859746,0.097094073694478755
-88.891200509049781,0.09710066117192373
-88.791210407239817,0.09710718157549722
-88.691220305429852,0.097113636046370744
-88.591230203619887,0.0971200256981537
-88.491240101809922,0.097126351617747742
-88.391250000000014,0.097132614866174999
-88.291259898190049,0.097138816479371337
-88.191269796380084,0.09714495746895907
-88.091279694570119,0.097151038822972158
-87.991289592760154,0.097157061506577658
-87.891299490950189,0.097163026462748298
-87.791309389140281,0.097168934612928567
-87.691319287330316,0.097174786857664674
-87.591329185520351,0.097180584077220994
-87.491339083710386,0.097186327132162853
-87.391348981900421,0.097192016863931918
-87.291358880090513,0.097197654095390829
-87.191368778280548,0.097203239631357019
-87.091378676470583,0.097208774259106193
-86.991388574660618,0.09721425874887378
-86.891398472850653,0.097219693854326772
-86.791408371040689,0.097225080313024126
-86.69141826923078,0.09723041884686312
-86.591428167420815,0.097235710162506914
-86.491438065610851,0.097240954951799574
-86.391447963800886,0.097246153892168244
-86.291457861990921,0.097251307647012661
-86.191467760181013,0.097256416866075751
-86.091477658371048,0.097261482185810585
-85.991487556561083,0.097266504229729836
-85.891497454751118,0.097271483608746698
-85.791507352941153,0.097276420921500517
-85.691517251131188,0.097281316754677993
-85.59152714932128,0.097286171683324082
-85.491537047511315,0.097290986271132363
-85.39154694570135,0.097295761070741546
-85.291556843891385,0.097300496624014465
-85.19156674208142,0.097305193462304845
-85.091576640271455,0.097309852106726186
-84.991586538461547,0.0973144730684017
-84.891596436651582,0.097319056848718777
-84.791606334841617,0.097323603939559175
-84.691616233031652,0.097328114823537704
-84.591626131221688,0.097332589974229694
-84.491636029411779,0.097337029856382651
-84.391645927601814,0.09734143492613373
-84.29165582579185,0.09734580563121728
-84.191665723981885,0.097350142411157942
-84.09167562217192,0.097354445697474035
-83.991685520361955,0.097358715913859362
-83.891695418552047,0.097362953476366476
-83.791705316742082,0.097367158793590133
-83.691715214932117,0.097371332266836461
-83.591725113122152,0.097375474290287423
-83.491735011312187,0.097379585251173267
-83.391744909502279,0.097383665529919949
-83.291754807692314,0.097387715500311348
-83.191764705882349,0.097391735529639811
-83.091774604072384,0.097395725978845354
-82.991784502262419,0.097399687202660803
-82.891794400452454,0.097403619549753739
-82.791804298642546,0.097407523362851578
-82.691814196832581,0.097411398978880931
-82.591824095022616,0.097415246729089702
-82.491833993212651,0.097419066939175
-82.391843891402686,0.097422859929397046
-82.291853789592778,0.097426626014698037
-82.191863687782813,0.097430365504823646
-82.091873585972849,0.097434078704423138
-81.991883484162884,0.097437765913166663
-81.891893382352919,0.097441427425842608
-81.791903280542954,0.097445063532464793
-81.691913178733046,0.09744867451837437
-81.591923076923081,0.097452260664333767
-81.491932975113116,0.097455822246619084
-81.391942873303151,0.097459359537119372
-81.291952771493186,0.097462872803422335
-81.191962669683221,0.09746636230890332
-81.091972567873313,0.097469828312808204
-80.991982466063348,0.097473271070343981
-80.891992364253383,0.097476690832752871
-80.792002262443418,0.097480087847394759
-80.692012160633453,0.097483462357826511
-80.592022058823545,0.097486814603873512
-80.49203195701358,0.097490144821707259
-80.392041855203615,0.097493453243915437
-80.29205175339365,0.097496740099572765
-80.192061651583685,0.097500005614306412
-80.092071549773721,0.097503250010371273
-79.992081447963812,0.097506473506704106
-79.892091346153848,0.097509676318998595
-79.792101244343883,0.097512858659756813
-79.692111142533918,0.097516020738358564
-79.592121040723953,0.09751916276111719
-79.492130938914045,0.0975222849313373
-79.39214083710408,0.097525387449370754
-79.292150735294115,0.097528470512675811
-79.19216063348415,0.097531534315867419
-79.092170531674185,0.097534579050772133
-78.99218042986422,0.09753760490647681
-78.892190328054312,0.097540612069383748
-78.792200226244347,0.097543600723256407
-78.692210124434382,0.097546571049268935
-78.592220022624417,0.097549523226053231
-78.492229920814452,0.097552457429744291
-78.392239819004487,0.09755537383402571
-78.292249717194579,0.097558272610176772
-78.192259615384614,0.097561153927107569
-78.092269513574649,0.09756401795141062
-77.992279411764684,0.097566864847397489
-77.89228930995472,0.097569694777135868
-77.792299208144811,0.09757250790049643
-77.692309106334847,0.097575304375185551
-77.592319004524882,0.097578084356786582
-77.492328902714917,0.09758084799879374
-77.392338800904952,0.09758359545265069
-77.292348699094987,0.097586326867784623
-77.192358597285079,0.097589042391641539
-77.092368495475114,0.09759174216972083
-76.992378393665149,0.09759442634560897
-76.892388291855184,0.097597095061006653
-76.792398190045219,0.097599748455767077
-76.692408088235311,0.097602386667927449
-76.592417986425346,0.097605009833732936
-76.492427884615381,0.09760761808767357
-76.392437782805416,0.097610211562507238
-76.292447680995451,0.097612790389296322
-76.192457579185486,0.097615354697424994
-76.092467477375578,0.097617904614638928
-75.992477375565613,0.097620440267063652
-75.892487273755648,0.0976229617792332
-75.792497171945683,0.097625469274116944
-75.692507070135719,0.097627962873146568
-75.592516968325754,0.097630442696233402
-75.492526866515846,0.097632908861806283
-75.392536764705881,0.097635361486820671
-75.292546662895916,0.097637800686792287
-75.192556561085951,0.097640226575815781
-75.092566459275986,0.097642639266589004
-74.992576357466078,0.097645038870434048
-74.892586255656113,0.097647425497317364
-74.792596153846148,0.097649799255876746
-74.692606052036183,0.097652160253433803
-74.592615950226218,0.097654508596024397
-74.492625848416253,0.097656844388406674
-74.392635746606345,0.097659167734093888
-74.29264564479638,0.097661478735360172
-74.192655542986415,0.097663777493274484
-74.09266544117645,0.097666064107702261
-73.992675339366485,0.097668338677339289
-73.892685237556577,0.097670601299718829
-73.792695135746612,0.097672852071236077
-73.692705033936647,0.09767509108715916
-73.592714932126682,0.097677318441653407
-73.492724830316718,0.097679534227788606
-73.392734728506753,0.097681738537565815
-73.292744626696845,0.097683931461923099
-73.19275452488688,0.097686113090761209
-73.092764423076915,0.097688283512949198
-72.99277432126695,0.097690442816346923
-72.892784219456985,0.097692591087818442
-72.792794117647077,0.097694728413242587
-72.692804015837112,0.097696854877530825
-72.592813914027147,0.097698970564643592
-72.492823812217182,0.097701075557596523
-72.392833710407217,0.097703169938482853
-72.292843608597252,0.097705253788480648
-72.192853506787344,0.097707327187867066
-72.092863404977379,0.09770939021603528
-71.992873303167414,0.097711442951498806
-71.892883201357449,0.097713485471914413
-71.792893099547484,0.097715517854084472
-71.692902997737519,0.097717540173977546
-71.592912895927611,0.097719552506732033
-71.492922794117646,0.097721554926673559
-71.392932692307681,0.097723547507324787
-71.292942590497717,0.097725530321415455
-71.192952488687752,0.09772750344089659
-71.092962386877844,0.097729466936946091
-70.992972285067879,0.097731420879982947
-70.892982183257914,0.097733365339677386
-70.792992081447949,0.097735300384963336
-70.693001979637984,0.097737226084040174
-70.593011877828019,0.097739142504393778
-70.493021776018111,0.09774104971279815
-70.393031674208146,0.09774294777532945
-70.293041572398181,0.097744836757371889
-70.193051470588216,0.097746716723630278
-70.093061368778251,0.097748587738137355
-69.993071266968343,0.097750449864263539
-69.893081165158378,0.097752303164725579
-69.793091063348413,0.097754147701593741
-69.693100961538448,0.097755983536302882
-69.593110859728483,0.097757810729659861
-69.493120757918518,0.097759629341851895
-69.39313065610861,0.097761439432452302
-69.293140554298645,0.097763241060433367
-69.19315045248868,0.097765034284168911
-69.093160350678716,0.097766819161447416
-68.993170248868751,0.097768595749474663
-68.893180147058786,0.097770364104883795
-68.793190045248878,0.097772124283743711
-68.693199943438913,0.097773876341562038
-68.593209841628948,0.097775620333299201
-68.493219739818983,0.097777356313368549
-68.393229638009018,0.097779084335647803
-68.29323953619911,0.097780804453481529
-68.193249434389145,0.097782516719695872
-68.09325933257918,0.097784221186592413
-67.993269230769215,0.097785917905969633
-67.89327912895925,0.09778760692911892
-67.793289027149285,0.097789288306831146
-67.693298925339377,0.097790962089409988
-67.593308823529412,0.097792628326670183
-67.493318721719447,0.097794287067950347
-67.393328619909482,0.097795938362111645
-67.293338518099517,0.097797582257550641
-67.193348416289609,0.097799218802200466
-67.093358314479644,0.09780084804353964
-66.993368212669679,0.097802470028591881
-66.893378110859715,0.097804084803941732
-66.79338800904975,0.097805692415729104
-66.693397907239785,0.097807292909660254
-66.593407805429877,0.097808886331013853
-66.493417703619912,0.097810472724645089
-66.393427601809947,0.097812052134988378
-66.293437499999982,0.097813624606063354
-66.193447398190017,0.097815190181483075
-66.093457296380052,0.097816748904455575
-65.993467194570144,0.097818300817789777
-65.893477092760179,0.097819845963900781
-65.793486990950214,0.09782138438481143
-65.693496889140249,0.097822916122161041
-65.593506787330284,0.097824441217209332
-65.493516685520376,0.097825959710838101
-65.393526583710411,0.097827471643556846
-65.293536481900446,0.097828977055508387
-65.193546380090481,0.097830475986473209
-65.093556278280516,0.097831968475872097
-64.993566176470551,0.097833454562769373
-64.893576074660643,0.097834934285882469
-64.793585972850678,0.097836407683576404
-64.693595871040714,0.097837874793878121
-64.593605769230749,0.097839335654474752
-64.493615667420784,0.097840790302716585
-64.393625565610876,0.097842238775625853
-64.293635463800911,0.097843681109894901
-64.193645361990946,0.097845117341893689
-64.093655260180981,0.097846547507670786
-63.993665158371016,0.097847971642959414
-63.893675056561051,0.097849389783180113
-63.793684954751143,0.097850801963443701
-63.693694852941178,0.097852208218555364
-63.593704751131213,0.097853608583017587
-63.493714649321248,0.097855003091033149
-63.393724547511283,0.097856391776510523
-63.293734445701375,0.097857774673065501
-63.19374434389141,0.09785915181402248
-63.093754242081445,0.097860523232421781
-62.99376414027148,0.097861888961020771
-62.893774038461515,0.097863249032295596
-62.79378393665155,0.097864603478446555
-62.693793834841642,0.097865952331399789
-62.593803733031677,0.097867295622811407
-62.493813631221713,0.097868633384070314
-62.393823529411748,0.097869965646296936
-62.293833427601783,0.097871292440352878
-62.193843325791818,0.097872613796838454
-62.09385322398191,0.097873929746100874
-61.993863122171945,0.097875240318230292
-61.89387302036198,0.097876545543065158
-61.793882918552015,0.097877845450199591
-61.69389281674205,0.097879140068976217
-61.593902714932142,0.097880429428501697
-61.493912613122177,0.097881713557635391
-61.393922511312212,0.097882992485002221
-61.293932409502247,0.097884266238991324
-61.193942307692282,0.097885534847758471
-61.093952205882317,0.097886798339228143
-60.993962104072409,0.097888056741097268
-60.893972002262444,0.097889310080835415
-60.793981900452479,0.097890558385693272
-60.693991798642514,0.097891801682695706
-60.594001696832549,0.097893039998648568
-60.494011595022641,0.097894273360144696
-60.394021493212676,0.097895501793560893
-60.294031391402712,0.097896725325059206
-60.194041289592747,0.097897943980597313
-60.094051187782782,0.09789915778591804
-59.994061085972817,0.097900366766565577
-59.894070984162909,0.097901570947874911
-59.794080882352944,0.097902770354980795
-59.694090780542979,0.09790396501282192
-59.594100678733014,0.097905154946134332
-59.494110576923049,0.097906340179462356
-59.394120475113084,0.097907520737154127
-59.294130373303176,0.097908696643368862
-59.194140271493211,0.097909867922073096
-59.094150169683246,0.097911034597047308
-58.994160067873281,0.097912196691885806
-58.894169966063316,0.097913354229999527
-58.794179864253408,0.097914507234616088
-58.694189762443443,0.097915655728781303
-58.594199660633478,0.097916799735366086
-58.494209558823513,0.097917939277060856
-58.394219457013548,0.09791907437638131
-58.294229355203584,0.097920205055672699
-58.194239253393675,0.097921331337103817
-58.09424915158371,0.097922453242677426
-57.994259049773746,0.097923570794227033
-57.894268947963781,0.097924684013415697
-57.794278846153816,0.097925792921745858
-57.694288744343908,0.09792689754055503
-57.594298642533943,0.097927997891016097
-57.494308540723978,0.097929093994146843
-57.394318438914013,0.09793018587079888
-57.294328337104048,0.097931273541673136
-57.194338235294083,0.097932357027311415
-57.094348133484175,0.097933436348099187
-56.99435803167421,0.097934511524275569
-56.894367929864245,0.097935582575919028
-56.79437782805428,0.097936649522967378
-56.694387726244315,0.097937712385200826
-56.59439762443435,0.097938771182260076
-56.494407522624442,0.097939825933635399
-56.394417420814477,0.097940876658673431
-56.294427319004512,0.0979419233765772
-56.194437217194547,0.097942966106410734
-56.094447115384583,0.097944004867092788
-55.994457013574674,0.097945039677408807
-55.894466911764709,0.097946070556000575
-55.794476809954745,0.097947097521376231
-55.69448670814478,0.097948120591909049
-55.594496606334815,0.097949139785835831
-55.49450650452485,0.09795015512126401
-55.394516402714942,0.097951166616166097
-55.294526300904977,0.097952174288383737
-55.194536199095012,0.097953178155633674
-55.094546097285047,0.0979541782355004
-54.994555995475082,0.097955174545443391
-54.894565893665174,0.097956167102795616
-54.794575791855209,0.097957155924764977
-54.694585690045244,0.097958141028435849
-54.594595588235279,0.097959122430772982
-54.494605486425314,0.097960100148616391
-54.394615384615349,0.097961074198687909
-54.294625282805441,0.097962044597588727
-54.194635180995476,0.097963011361803354
-54.094645079185511,0.097963974507698476
-53.994654977375546,0.097964934051524233
-53.894664875565581,0.097965890009417703
-53.794674773755673,0.097966842397400944
-53.694684671945708,0.097967791231382259
-53.594694570135744,0.097968736527159234
-53.494704468325779,0.097969678300419111
-53.394714366515814,0.097970616566737098
-53.294724264705849,0.097971551341580213
-53.194734162895941,0.097972482640309014
-53.094744061085976,0.097973410478174566
-52.994753959276011,0.097974334870322824
-52.894763857466046,0.097975255831795977
-52.794773755656081,0.097976173377528175
-52.694783653846116,0.097977087522354123
-52.594793552036208,0.097977998281004813
-52.494803450226243,0.097978905668107547
-52.394813348416278,0.097979809698191395
-52.294823246606313,0.097980710385683276
-52.194833144796348,0.097981607744911964
-52.09484304298644,0.09798250179011106
-51.994852941176475,0.097983392535410496
-51.89486283936651,0.097984279994850459
-51.794872737556545,0.097985164182369022
-51.69488263574658,0.09798604511181469
-51.594892533936616,0.097986922796937853
-51.494902432126707,0.097987797251399431
-51.394912330316743,0.097988668488763586
-51.294922228506778,0.097989536522506623
-51.194932126696813,0.097990401366010838
-51.094942024886848,0.097991263032570414
-50.99495192307694,0.097992121535388776
-50.894961821266975,0.097992976887580338
-50.79497171945701,0.097993829102172927
-50.694981617647045,0.097994678192106249
-50.59499151583708,0.097995524170234674
-50.495001414027115,0.097996367049323879
-50.395011312217207,0.097997206842056969
-50.295021210407242,0.097998043561033393
-50.195031108597277,0.097998877218764352
-50.095041006787312,0.097999707827684288
-49.995050904977347,0.098000535400139629
-49.895060803167382,0.098001359948398648
-49.795070701357474,0.098002181484647122
-49.695080599547509,0.098003000020991229
-49.595090497737544,0.098003815569457697
-49.495100395927579,0.098004628141992095
-49.395110294117615,0.098005437750463401
-49.295120192307706,0.098006244406663737
-49.195130090497742,0.098007048122305693
-49.095139988687777,0.0980078489090251
-48.995149886877812,0.09800864677838679
-48.895159785067847,0.098009441741873121
-48.795169683257882,0.098010233810896824
-48.695179581447974,0.098011022996795316
-48.595189479638009,0.0980118093108307
-48.495199377828044,0.098012592764194051
-48.395209276018079,0.098013373368003906
-48.295219174208114,0.098014151133307095
-48.195229072398206,0.098014926071077896
-48.095238970588241,0.09801569819222114
-47.995248868778276,0.098016467507570329
-47.895258766968311,0.098017234027890254
-47.795268665158346,0.098017997763878817
-47.695278563348381,0.098018758726160116
-47.595288461538473,0.098019516925296257
-47.495298359728508,0.098020272371777156
-47.395308257918543,0.098021025076028417
-47.295318156108578,0.098021775048409143
-47.195328054298614,0.098022522299210824
-47.095337952488649,0.098023266838662415
-46.995347850678741,0.098024008676924707
-46.895357748868776,0.098024747824095926
-46.795367647058811,0.098025484290211726
-46.695377545248846,0.098026218085241826
-46.595387443438881,0.098026949219094647
-46.495397341628973,0.098027677701614829
-46.395407239819008,0.098028403542587239
-46.295417138009043,0.098029126751734197
-46.195427036199078,0.098029847338715559
-46.095436934389113,0.098030565313132895
-45.995446832579148,0.09803128068452524
-45.89545673076924,0.098031993462374095
-45.795466628959275,0.098032703656102643
-45.69547652714931,0.098033411275072979
-45.595486425339345,0.098034116328588994
-45.49549632352938,0.09803481882589693
-45.395506221719472,0.098035518776187783
-45.295516119909507,0.09803621618859254
-45.195526018099542,0.098036911072188537
-45.095535916289577,0.098037603435993256
-44.995545814479613,0.09803829328897154
-44.895555712669648,0.098038980640032969
-44.79556561085974,0.0980396654980287
-44.695575509049775,0.098040347871759526
-44.59558540723981,0.098041027769969452
-44.495595305429845,0.098041705201350499
-44.39560520361988,0.098042380174539312
-44.295615101809972,0.098043052698122773
-44.195625000000007,0.098043722780629602
-44.095634898190042,0.098044390430543638
-43.995644796380077,0.098045055656291902
-43.895654694570112,0.098045718466250237
-43.795664592760147,0.098046378868746314
-43.695674490950239,0.098047036872053628
-43.595684389140274,0.098047692484397431
-43.495694287330309,0.098048345713953211
-43.395704185520344,0.098048996568845331
-43.295714083710379,0.098049645057151247
-43.195723981900414,0.098050291186895788
-43.095733880090506,0.098050934966059822
-42.995743778280541,0.098051576402572935
-42.895753676470576,0.098052215504316559
-42.795763574660612,0.098052852279127939
-42.695773472850647,0.09805348673479175
-42.595783371040739,0.098054118879051549
-42.495793269230774,0.098054748719601043
-42.395803167420809,0.098055376264088528
-42.295813065610844,0.098056001520115399
-42.195822963800879,0.098056624495239678
-42.095832861990914,0.098057245196972564
-41.995842760181006,0.098057863632779602
-41.895852658371041,0.098058479810084004
-41.795862556561076,0.098059093736263953
-41.695872454751111,0.098059705418650819
-41.595882352941146,0.098060314864537645
-41.495892251131238,0.098060922081169094
-41.395902149321273,0.098061527075750096
-41.295912047511308,0.098062129855440119
-41.195921945701343,0.098062730427358691
-41.095931843891378,0.098063328798581512
-40.995941742081413,0.098063924976141456
-40.895951640271505,0.09806451896703311
-40.79596153846154,0.09806511077820565
-40.695971436651575,0.098065700416571144
-40.595981334841611,0.098066287888998474
-40.495991233031646,0.098066873202315219
-40.396001131221681,0.098067456363312058
-40.296011029411773,0.09806803737873554
-40.196020927601808,0.098068616255296115
-40.096030825791843,0.098069192999662144
-39.996040723981878,0.09806976761846517
-39.896050622171913,0.09807034011829549
-39.796060520362005,0.098070910505706377
-39.69607041855204,0.098071478787212132
-39.596080316742075,0.098072044969288674
-39.49609021493211,0.098072609058374866
-39.396100113122145,0.09807317106087271
-39.29611001131218,0.098073730983143009
-39.196119909502272,0.098074288831513909
-39.096129807692307,0.098074844612273615
-38.996139705882342,0.098075398331674987
-38.896149604072377,0.098075949995935219
-38.796159502262412,0.098076499611233187
-38.696169400452504,0.098077047183715155
-38.596179298642539,0.098077592719486698
-38.496189196832574,0.098078136224622373
-38.39619909502261,0.09807867770516028
-38.296208993212645,0.098079217167103133
-38.19621889140268,0.098079754616417353
-38.096228789592772,0.098080290059038067
-37.996238687782807,0.098080823500862835
-37.896248585972842,0.098081354947759283
-37.796258484162877,0.098081884405555264
-37.696268382352912,0.098082411880050291
-37.596278280542947,0.098082937377007531
-37.496288178733039,0.098083460902157527
-37.396298076923074,0.098083982461198094
-37.296307975113109,0.098084502059793716
-37.196317873303144,0.098085019703576845
-37.096327771493179,0.098085535398147267
-36.996337669683271,0.098086049149072096
-36.896347567873306,0.098086560961887836
-36.796357466063341,0.098087070842097057
-36.696367364253376,0.098087578795172201
-36.596377262443411,0.098088084826553235
-36.496387160633446,0.09808858894165029
-36.396397058823538,0.098089091145842119
-36.296406957013573,0.098089591444476279
-36.196416855203609,0.098090089842869085
-36.096426753393644,0.098090586346306907
-35.996436651583679,0.098091080960046401
-35.896446549773771,0.098091573689314232
-35.796456447963806,0.098092064539306009
-35.696466346153841,0.098092553515188016
-35.596476244343876,0.098093040622097519
-35.496486142533911,0.098093525865141806
-35.396496040723946,0.09809400924940069
-35.296505938914038,0.098094490779921717
-35.196515837104073,0.098094970461727826
-35.096525735294108,0.098095448299809096
-34.996535633484143,0.098095924299130111
-34.896545531674178,0.098096398464625617
-34.79655542986427,0.098096870801203273
-34.696565328054305,0.098097341313742439
-34.59657522624434,0.098097810007093222
-34.496585124434375,0.098098276886080277
-34.39659502262441,0.098098741955501126
-34.296604920814445,0.098099205220122082
-34.196614819004537,0.098099666684686754
-34.096624717194572,0.098100126353910355
-33.996634615384608,0.098100584232480942
-33.896644513574643,0.098101040325059757
-33.796654411764678,0.098101494636280262
-33.696664309954713,0.098101947170753045
-33.596674208144805,0.098102397933059138
-33.49668410633484,0.098102846927756587
-33.396694004524875,0.098103294159374341
-33.29670390271491,0.098103739632417336
-33.196713800904945,0.098104183351364754
-33.096723699095037,0.098104625320671809
-32.996733597285072,0.098105065544765072
-32.896743495475107,0.098105504028048532
-32.796753393665142,0.098105940774901951
-32.696763291855177,0.098106375789676042
-32.596773190045212,0.098106809076701496
-32.496783088235304,0.09810724064028209
-32.396792986425339,0.098107670484696735
-32.296802884615374,0.098108098614202249
-32.196812782805409,0.098108525033028582
-32.096822680995444,0.0981089497453842
-31.996832579185536,0.098109372755452756
-31.896842477375571,0.098109794067392397
-31.796852375565607,0.09811021368533987
-31.696862273755642,0.098110631613407842
-31.596872171945677,0.098111047855686181
-31.496882070135712,0.098111462416239192
-31.396891968325804,0.098111875299111959
-31.296901866515839,0.098112286508322655
-31.196911764705874,0.09811269604786943
-31.096921662895909,0.098113103921726466
-30.996931561085944,0.098113510133845699
-30.896941459275979,0.098113914688155737
-30.796951357466071,0.098114317588563871
-30.696961255656106,0.098114718838956089
-30.596971153846141,0.098115118443194135
-30.496981052036176,0.098115516405119257
-30.396990950226211,0.098115912728549845
-30.297000848416303,0.098116307417283111
-30.197010746606338,0.098116700475094798
-30.097020644796373,0.098117091905739542
-29.997030542986408,0.09811748171294897
-29.897040441176443,0.098117869900436444
-29.797050339366479,0.098118256471889681
-29.69706023755657,0.098118641430979384
-29.597070135746606,0.098119024781354813
-29.497080033936641,0.098119406526641223
-29.397089932126676,0.098119786670447462
-29.297099830316711,0.098120165216358135
-29.197109728506803,0.098120542167940999
-29.097119626696838,0.098120917528739443
-28.997129524886873,0.098121291302279201
-28.897139423076908,0.098121663492064679
-28.797149321266943,0.098122034101581768
-28.697159219456978,0.098122403134295155
-28.59716911764707,0.098122770593649461
-28.497179015837105,0.098123136483070972
-28.39718891402714,0.098123500805964617
-28.297198812217175,0.098123863565715369
-28.19720871040721,0.098124224765691978
-28.097218608597245,0.098124584409240323
-27.997228506787337,0.098124942499690074
-27.897238404977372,0.098125299040348057
-27.797248303167407,0.098125654034506196
-27.697258201357442,0.098126007485435165
-27.597268099547478,0.098126359396384977
-27.497277997737569,0.09812670977059143
-27.397287895927604,0.098127058611267581
-27.29729779411764,0.098127405921610955
-27.197307692307675,0.098127751704798982
-27.09731759049771,0.098128095963989359
-26.997327488687745,0.098128438702324156
-26.897337386877837,0.098128779922926873
-26.797347285067872,0.098129119628899725
-26.697357183257907,0.098129457823332183
-26.597367081447942,0.098129794509291657
-26.497376979637977,0.098130129689828469
-26.397386877828069,0.098130463367977455
-26.297396776018104,0.098130795546751859
-26.197406674208139,0.098131126229150323
-26.097416572398174,0.098131455418152796
-25.997426470588209,0.098131783116723631
-25.897436368778244,0.09813210932780736
-25.797446266968336,0.098132434054332834
-25.697456165158371,0.098132757299210491
-25.597466063348406,0.098133079065334999
-25.497475961538441,0.098133399355582643
-25.397485859728476,0.098133718172814091
-25.297495757918568,0.098134035519873639
-25.197505656108603,0.098134351399587136
-25.097515554298639,0.09813466581476335
-24.997525452488674,0.098134978768196837
-24.897535350678709,0.098135290262664376
-24.797545248868744,0.09813560030092576
-24.697555147058836,0.098135908885725084
-24.597565045248871,0.098136216019790806
-24.497574943438906,0.09813652170583298
-24.397584841628941,0.098136825946548795
-24.297594739818976,0.098137128744615609
-24.197604638009011,0.098137430102696488
-24.097614536199103,0.098137730023441783
-23.997624434389138,0.098138028509479142
-23.897634332579173,0.098138325563426054
-23.797644230769208,0.098138621187883246
-23.697654128959243,0.098138915385434178
-23.597664027149335,0.098139208158648211
-23.49767392533937,0.09813949951007761
-23.397683823529405,0.098139789442260428
-23.29769372171944,0.098140077957720451
-23.197703619909475,0.098140365058964563
-23.097713518099511,0.098140650748483882
-22.997723416289602,0.098140935028755372
-22.897733314479638,0.098141217902241812
-22.797743212669673,0.09814149937138883
-22.697753110859708,0.09814177943862934
-22.597763009049743,0.098142058106379881
-22.497772907239835,0.098142335377042839
-22.39778280542987,0.098142611253004941
-22.297792703619905,0.098142885736638596
-22.19780260180994,0.09814315883030289
-22.097812499999975,0.098143430536340504
-21.99782239819001,0.09814370085708124
-21.897832296380102,0.098143969794837874
-21.797842194570137,0.098144237351913438
-21.697852092760172,0.098144503530591454
-21.597861990950207,0.098144768333142923
-21.497871889140242,0.098145031761827969
-21.397881787330277,0.098145293818887064
-21.297891685520369,0.098145554506551977
-21.197901583710404,0.098145813827034523
-21.097911481900439,0.098146071782538979
-20.997921380090474,0.098146328375250835
-20.89793127828051,0.09814658360734442
-20.797941176470601,0.098146837480977661
-20.697951074660637,0.098147089998298492
-20.597960972850672,0.098147341161436447
-20.497970871040707,0.098147590972513854
-20.397980769230742,0.098147839433632547
-20.297990667420777,0.098148086546884367
-20.198000565610869,0.098148332314348344
-20.098010463800904,0.098148576738087911
-19.998020361990939,0.098148819820156497
-19.898030260180974,0.098149061562589124
-19.798040158371009,0.098149301967412339
-19.698050056561101,0.098149541036636812
-19.598059954751136,0.098149778772260721
-19.498069852941171,0.098150015176269256
-19.398079751131206,0.098150250250634924
-19.298089649321241,0.098150483997317378
-19.198099547511276,0.098150716418262063
-19.098109445701368,0.098150947515403153
-18.998119343891403,0.098151177290659058
-18.898129242081438,0.098151405745939682
-18.798139140271473,0.098151632883139411
-18.698149038461509,0.098151858704139755
-18.598158936651544,0.098152083210810731
-18.498168834841636,0.098152306405008466
-18.398178733031671,0.098152528288578816
-18.298188631221706,0.098152748863352207
-18.198198529411741,0.098152968131148988
-18.098208427601776,0.098153186093776879
-17.998218325791868,0.09815340275302778
-17.898228223981903,0.098153618110686569
-17.798238122171938,0.098153832168522581
-17.698248020361973,0.098154044928292189
-17.598257918552008,0.098154256391741981
-17.498267816742043,0.098154466560605627
-17.398277714932135,0.098154675436604055
-17.29828761312217,0.098154883021446898
-17.198297511312205,0.098155089316829452
-17.09830740950224,0.098155294324439285
-16.998317307692275,0.098155498045948267
-16.898327205882367,0.098155700483018402
-16.798337104072402,0.098155901637297385
-16.698347002262437,0.098156101510425225
-16.598356900452472,0.098156300104026178
-16.498366798642508,0.098156497419714578
-16.398376696832543,0.098156693459093419
-16.298386595022635,0.098156888223753652
-16.19839649321267,0.098157081715273362
-16.098406391402705,0.098157273935220696
-15.99841628959274,0.098157464885151063
-15.898426187782775,0.098157654566609132
-15.798436085972867,0.098157842981128327
-15.698445984162902,0.098158030130229196
-15.598455882352937,0.098158216015423683
-15.498465780542972,0.098158400638208299
-15.398475678733007,0.098158584000072296
-15.298485576923042,0.098158766102491482
-15.198495475113134,0.098158946946930309
-15.098505373303169,0.098159126534843197
-14.998515271493204,0.098159304867671174
-14.898525169683239,0.098159481946847413
-14.798535067873274,0.098159657773790779
-14.698544966063309,0.09815983234991113
-14.598554864253401,0.098160005676606682
-14.498564762443436,0.098160177755264505
-14.398574660633471,0.098160348587260166
-14.298584558823507,0.098160518173960029
-14.198594457013542,0.098160686516717027
-14.098604355203634,0.098160853616875432
-13.998614253393669,0.098161019475766886
-13.898624151583704,0.098161184094714332
-13.798634049773739,0.098161347475028762
-13.698643947963774,0.098161509618009735
-13.598653846153809,0.09816167052494551
-13.498663744343901,0.098161830197117189
-13.398673642533936,0.098161988635792341
-13.298683540723971,0.098162145842227239
-13.198693438914006,0.098162301817669578
-13.098703337104041,0.098162456563355732
-12.998713235294133,0.098162610080511331
-12.898723133484168,0.098162762370352138
-12.798733031674203,0.098162913434081178
-12.698742929864238,0.098163063272895562
-12.598752828054273,0.098163211887976332
-12.498762726244308,0.098163359280498713
-12.3987726244344,0.098163505451626526
-12.298782522624435,0.098163650402509461
-12.19879242081447,0.098163794134292923
-12.098802319004506,0.098163936648108768
-11.998812217194541,0.098164077945077588
-11.898822115384576,0.098164218026311312
-11.798832013574668,0.098164356892912003
-11.698841911764703,0.098164494545971093
-11.598851809954738,0.09816463098656858
-11.498861708144773,0.098164766215775939
-11.398871606334808,0.098164900234654087
-11.2988815045249,0.098165033044253835
-11.198891402714935,0.098165164645616199
-11.09890130090497,0.098165295039770673
-10.998911199095005,0.098165424227739079
-10.89892109728504,0.098165552210531831
-10.798930995475075,0.098165678989149283
-10.698940893665167,0.098165804564583445
-10.598950791855202,0.098165928937811953
-10.498960690045237,0.098166052109808985
-10.398970588235272,0.098166174081534524
-10.298980486425307,0.098166294853938491
-10.198990384615399,0.098166414427963838
-10.099000282805434,0.098166532804542059
-9.9990101809954695,0.098166649984594068
-9.8990200791855045,0.098166765969032121
-9.7990299773755396,0.098166880758758623
-9.6990398755655747,0.098166994354666762
-9.5990497737556666,0.098167106757637623
-9.4990596719457017,0.098167217968545106
-9.3990695701357367,0.098167327988253283
-9.2990794683257718,0.098167436817615528
-9.1990893665158069,0.098167544457476663
-9.0990992647058988,0.098167650908669385
-8.9991091628959339,0.098167756172020865
-8.899119061085969,0.098167860248344563
-8.799128959276004,0.0981679631384485
-8.6991388574660391,0.09816806484312697
-8.5991487556560742,0.098168165363168663
-8.4991586538461661,0.098168264699349542
-8.3991685520362012,0.098168362852438421
-8.2991784502262362,0.098168459823192694
-8.1991883484162713,0.098168555612361291
-8.0991982466063064,0.098168650220684606
-7.9992081447963415,0.098168743648892318
-7.8992180429864334,0.098168835897705725
-7.7992279411764684,0.098168926967834594
-7.6992378393665035,0.098169016859983083
-7.5992477375565386,0.098169105574841792
-7.4992576357465737,0.098169193113095771
-7.3992675339366656,0.098169279475418564
-7.2992774321267007,0.098169364662473863
-7.1992873303167357,0.098169448674918142
-7.0992972285067708,0.098169531513396649
-6.9993071266968059,0.098169613178547388
-6.899317024886841,0.098169693670997038
-6.7993269230769329,0.098169772991364562
-6.6993368212669679,0.098169851140258862
-6.599346719457003,0.098169928118281027
-6.4993566176470381,0.098170003926020821
-6.3993665158370732,0.098170078564060265
-6.2993764140271651,0.09817015203297122
-6.1993863122172002,0.098170224333317901
-6.0993962104072352,0.098170295465654533
-5.9994061085972703,0.09817036543052611
-5.8994160067873054,0.098170434228468412
-5.7994259049773405,0.098170501860008585
-5.6994358031674324,0.098170568325664689
-5.5994457013574674,0.0981706336259454
-5.4994555995475025,0.098170697761349596
-5.3994654977375376,0.098170760732368911
-5.2994753959275727,0.098170822539484448
-5.1994852941176077,0.098170883183170077
-5.0994951923076997,0.09817094266388765
-4.9995050904977347,0.098171000982091972
-4.8995149886877698,0.098171058138229933
-4.7995248868778049,0.098171114132737103
-4.6995347850678399,0.098171168966041916
-4.5995446832579319,0.098171222638561512
-4.4995545814479669,0.098171275150706561
-4.399564479638002,0.098171326502879186
-4.2995743778280371,0.098171376695468812
-4.1995842760180722,0.098171425728859174
-4.0995941742081072,0.098171473603425333
-3.9996040723981992,0.098171520319529734
-3.8996139705882342,0.098171565877531897
-3.7996238687782693,0.098171610277777127
-3.6996337669683044,0.098171653520603752
-3.5996436651583394,0.098171695606341286
-3.4996535633484314,0.098171736535310999
-3.3996634615384664,0.098171776307824837
-3.2996733597285015,0.098171814924184725
-3.1996832579185366,0.098171852384684871
-3.0996931561085717,0.098171888689610853
-2.9997030542986067,0.098171923839239145
-2.8997129524886986,0.098171957833836143
-2.7997228506787337,0.098171990673661919
-2.6997327488687688,0.098172022358965189
-2.5997426470588039,0.098172052889988953
-2.4997525452488389,0.098172082266962682
-2.399762443438874,0.098172110490111653
-2.2997723416289659,0.098172137559649736
-2.199782239819001,0.098172163475783697
-2.0997921380090361,0.098172188238709629
-1.9998020361990712,0.09817221184861584
-1.8998119343891062,0.098172234305682088
-1.7998218325791981,0.098172255610078904
-1.6998317307692332,0.098172275761968297
-1.5998416289592683,0.098172294761503048
-1.4998515271493034,0.098172312608828805
-1.3998614253393384,0.098172329304079153
-1.2998713235293735,0.09817234484738338
-1.1998812217194654,0.098172359238856644
-1.0998911199095005,0.098172372478610478
-0.99990101809953558,0.098172384566745055
-0.89991091628957065,0.098172395503350607
-0.79992081447960572,0.098172405288513176
-0.69993071266969764,0.098172413922304455
-0.59994061085973271,0.09817242140479128
-0.49995050904976779,0.098172427736030451
-0.39996040723980286,0.098172432916068877
-0.29997030542983794,0.098172436944947122
-0.19998020361987301,0.09817243982269562
-0.099990101809964926,0.098172441549335784
0,0.09817244212488109
0.099990101809964926,0.098172441549335784
0.19998020361992985,0.09817243982269562
0.29997030542989478,0.098172436944947122
0.39996040723980286,0.098172432916068877
0.49995050904976779,0.098172427736030451
0.59994061085973271,0.09817242140479128
0.69993071266969764,0.098172413922304455
0.79992081447966257,0.098172405288513176
0.89991091628962749,0.098172395503350607
0.99990101809953558,0.098172384566745055
1.0998911199095005,0.098172372478610478
1.1998812217194654,0.098172359238856644
1.2998713235294304,0.09817234484738338
1.3998614253393953,0.098172329304079153
1.4998515271493602,0.098172312608828805
1.5998416289592683,0.098172294761503048
1.6998317307692332,0.098172275761968297
1.7998218325791981,0.098172255610078904
1.8998119343891631,0.098172234305682088
1.999802036199128,0.09817221184861584
2.0997921380090361,0.098172188238709629
2.199782239819001,0.098172163475783697
2.2997723416289659,0.098172137559649736
2.3997624434389309,0.098172110490111653
2.4997525452488958,0.098172082266962682
2.5997426470588607,0.098172052889988953
2.6997327488687688,0.098172022358965189
2.7997228506787337,0.098171990673661919
2.8997129524886986,0.098171957833836143
2.9997030542986636,0.098171923839239145
3.0996931561086285,0.098171888689610853
3.1996832579185366,0.098171852384684871
3.2996733597285015,0.098171814924184725
3.3996634615384664,0.098171776307824837
3.4996535633484314,0.098171736535310999
3.5996436651583963,0.098171695606341286
3.6996337669683612,0.098171653520603752
3.7996238687782693,0.098171610277777127
3.8996139705882342,0.098171565877531897
3.9996040723981992,0.098171520319529734
4.0995941742081641,0.098171473603425333
4.199584276018129,0.098171425728859174
4.2995743778280939,0.098171376695468812
4.399564479638002,0.098171326502879186
4.4995545814479669,0.098171275150706561
4.5995446832579319,0.098171222638561512
4.6995347850678968,0.098171168966041916
4.7995248868778617,0.098171114132737103
4.8995149886877698,0.098171058138229933
4.9995050904977347,0.098171000982091972
5.0994951923076997,0.09817094266388765
5.1994852941176646,0.098170883183170077
5.2994753959276295,0.098170822539484448
5.3994654977375944,0.098170760732368911
5.4994555995475025,0.098170697761349596
5.5994457013574674,0.0981706336259454
5.6994358031674324,0.098170568325664689
5.7994259049773973,0.098170501860008585
5.8994160067873622,0.098170434228468412
5.9994061085972703,0.09817036543052611
6.0993962104072352,0.098170295465654533
6.1993863122172002,0.098170224333317901
6.2993764140271651,0.09817015203297122
6.39936651583713,0.098170078564060265
6.4993566176470949,0.098170003926020821
6.599346719457003,0.098169928118281027
6.6993368212669679,0.098169851140258862
6.7993269230769329,0.098169772991364562
6.8993170248868978,0.098169693670997038
6.9993071266968627,0.098169613178547388
7.0992972285068277,0.098169531513396649
7.1992873303167357,0.098169448674918142
7.2992774321267007,0.098169364662473863
7.3992675339366656,0.098169279475418564
7.4992576357466305,0.098169193113095771
7.5992477375565954,0.098169105574841792
7.6992378393665035,0.098169016859983083
7.7992279411764684,0.098168926967834594
7.8992180429864334,0.098168835897705725
7.9992081447963983,0.098168743648892318
8.0991982466063632,0.098168650220684606
8.1991883484163282,0.098168555612361291
8.2991784502262362,0.098168459823192694
8.3991685520362012,0.098168362852438421
8.4991586538461661,0.098168264699349542
8.599148755656131,0.098168165363168663
8.6991388574660959,0.09816806484312697
8.799128959276004,0.0981679631384485
8.899119061085969,0.098167860248344563
8.9991091628959339,0.098167756172020865
9.0990992647058988,0.098167650908669385
9.1990893665158637,0.098167544457476663
9.2990794683258287,0.098167436817615528
9.3990695701357367,0.098167327988253283
9.4990596719457017,0.098167217968545106
9.5990497737556666,0.098167106757637623
9.6990398755656315,0.098166994354666762
9.7990299773755964,0.098166880758758623
9.8990200791855045,0.098166765969032121
9.9990101809954695,0.098166649984594068
10.099000282805434,0.098166532804542059
10.198990384615399,0.098166414427963838
10.298980486425364,0.098166294853938491
10.398970588235329,0.098166174081534524
10.498960690045237,0.098166052109808985
10.598950791855202,0.098165928937811953
10.698940893665167,0.098165804564583445
10.798930995475132,0.098165678989149283
10.898921097285097,0.098165552210531831
10.998911199095062,0.098165424227739079
11.09890130090497,0.098165295039770673
11.198891402714935,0.098165164645616199
11.2988815045249,0.098165033044253835
11.398871606334865,0.098164900234654087
11.49886170814483,0.098164766215775939
11.598851809954738,0.09816463098656858
11.698841911764703,0.098164494545971093
11.798832013574668,0.098164356892912003
11.898822115384633,0.098164218026311312
11.998812217194597,0.098164077945077588
12.098802319004562,0.098163936648108768
12.19879242081447,0.098163794134292923
12.298782522624435,0.098163650402509461
12.3987726244344,0.098163505451626526
12.498762726244365,0.098163359280498713
12.59875282805433,0.098163211887976332
12.698742929864238,0.098163063272895562
12.798733031674203,0.098162913434081178
12.898723133484168,0.098162762370352138
12.998713235294133,0.098162610080511331
13.098703337104098,0.098162456563355732
13.198693438914063,0.098162301817669578
13.298683540723971,0.098162145842227239
13.398673642533936,0.098161988635792341
13.498663744343901,0.098161830197117189
13.598653846153866,0.09816167052494551
13.698643947963831,0.098161509618009735
13.798634049773796,0.098161347475028762
13.898624151583704,0.098161184094714332
13.998614253393669,0.098161019475766886
14.098604355203634,0.098160853616875432
14.198594457013598,0.098160686516717027
14.298584558823563,0.098160518173960029
14.398574660633471,0.098160348587260166
14.498564762443436,0.098160177755264505
14.598554864253401,0.098160005676606682
14.698544966063366,0.09815983234991113
14.798535067873331,0.098159657773790779
14.898525169683296,0.098159481946847413
14.998515271493204,0.098159304867671174
15.098505373303169,0.098159126534843197
15.198495475113134,0.098158946946930309
15.298485576923099,0.098158766102491482
15.398475678733064,0.098158584000072296
15.498465780542972,0.098158400638208299
15.598455882352937,0.098158216015423683
15.698445984162902,0.098158030130229196
15.798436085972867,0.098157842981128327
15.898426187782832,0.098157654566609132
15.998416289592797,0.098157464885151063
16.098406391402705,0.098157273935220696
16.19839649321267,0.098157081715273362
16.298386595022635,0.098156888223753652
16.398376696832599,0.098156693459093419
16.498366798642564,0.098156497419714578
16.598356900452529,0.098156300104026178
16.698347002262437,0.098156101510425225
16.798337104072402,0.098155901637297385
16.898327205882367,0.098155700483018402
16.998317307692332,0.098155498045948267
17.098307409502297,0.098155294324439285
17.198297511312205,0.098155089316829452
17.29828761312217,0.098154883021446898
17.398277714932135,0.098154675436604055
17.4982678167421,0.098154466560605627
17.598257918552065,0.098154256391741981
17.69824802036203,0.098154044928292189
17.798238122171938,0.098153832168522581
17.898228223981903,0.098153618110686569
17.998218325791868,0.09815340275302778
18.098208427601833,0.098153186093776879
18.198198529411798,0.098152968131148988
18.298188631221706,0.098152748863352207
18.398178733031671,0.098152528288578816
18.498168834841636,0.098152306405008466
18.5981589366516,0.098152083210810731
18.698149038461565,0.098151858704139755
18.79813914027153,0.098151632883139411
18.898129242081438,0.098151405745939682
18.998119343891403,0.098151177290659058
19.098109445701368,0.098150947515403153
19.198099547511333,0.098150716418262063
19.298089649321298,0.098150483997317378
19.398079751131206,0.098150250250634924
19.498069852941171,0.098150015176269256
19.598059954751136,0.098149778772260721
19.698050056561101,0.098149541036636812
19.798040158371066,0.098149301967412339
19.898030260181031,0.098149061562589124
19.998020361990939,0.098148819820156497
20.098010463800904,0.098148576738087911
20.198000565610869,0.098148332314348344
20.297990667420834,0.098148086546884367
20.397980769230799,0.098147839433632547
20.497970871040764,0.098147590972513854
20.597960972850672,0.098147341161436447
20.697951074660637,0.098147089998298492
20.797941176470601,0.098146837480977661
20.897931278280566,0.09814658360734442
20.997921380090531,0.098146328375250835
21.097911481900439,0.098146071782538979
21.197901583710404,0.098145813827034523
21.297891685520369,0.098145554506551977
21.397881787330334,0.098145293818887064
21.497871889140299,0.098145031761827969
21.597861990950264,0.098144768333142923
21.697852092760172,0.098144503530591454
21.797842194570137,0.098144237351913438
21.897832296380102,0.098143969794837874
21.997822398190067,0.09814370085708124
22.097812500000032,0.098143430536340504
22.19780260180994,0.09814315883030289
22.297792703619905,0.098142885736638596
22.39778280542987,0.098142611253004941
22.497772907239835,0.098142335377042839
22.5977630090498,0.098142058106379881
22.697753110859765,0.09814177943862934
22.797743212669673,0.09814149937138883
22.897733314479638,0.098141217902241812
22.997723416289602,0.098140935028755372
23.097713518099567,0.098140650748483882
23.197703619909532,0.098140365058964563
23.297693721719497,0.098140077957720451
23.397683823529405,0.098139789442260428
23.49767392533937,0.09813949951007761
23.597664027149335,0.098139208158648211
23.6976541289593,0.098138915385434178
23.797644230769265,0.098138621187883246
23.897634332579173,0.098138325563426054
23.997624434389138,0.098138028509479142
24.097614536199103,0.098137730023441783
24.197604638009068,0.098137430102696488
24.297594739819033,0.098137128744615609
24.397584841628998,0.098136825946548795
24.497574943438906,0.09813652170583298
24.597565045248871,0.098136216019790806
24.697555147058836,0.098135908885725084
24.797545248868801,0.09813560030092576
24.897535350678766,0.098135290262664376
24.997525452488674,0.098134978768196837
25.097515554298639,0.09813466581476335
25.197505656108603,0.098134351399587136
25.297495757918568,0.098134035519873639
25.397485859728533,0.098133718172814091
25.497475961538498,0.098133399355582643
25.597466063348406,0.098133079065334999
25.697456165158371,0.098132757299210491
25.797446266968336,0.098132434054332834
25.897436368778301,0.09813210932780736
25.997426470588266,0.098131783116723631
26.097416572398231,0.098131455418152796
26.197406674208139,0.098131126229150323
26.297396776018104,0.098130795546751859
26.397386877828069,0.098130463367977455
26.497376979638034,0.098130129689828469
26.597367081447999,0.098129794509291657
26.697357183257907,0.098129457823332183
26.797347285067872,0.098129119628899725
26.897337386877837,0.098128779922926873
26.997327488687802,0.098128438702324156
27.097317590497767,0.098128095963989359
27.197307692307731,0.098127751704798982
27.29729779411764,0.098127405921610955
27.397287895927604,0.098127058611267581
27.497277997737569,0.09812670977059143
27.597268099547534,0.098126359396384977
27.697258201357499,0.098126007485435165
27.797248303167407,0.098125654034506196
27.897238404977372,0.098125299040348057
27.997228506787337,0.098124942499690074
28.097218608597302,0.098124584409240323
28.197208710407267,0.098124224765691978
28.297198812217232,0.098123863565715369
28.39718891402714,0.098123500805964617
28.497179015837105,0.098123136483070972
28.59716911764707,0.098122770593649461
28.697159219457035,0.098122403134295155
28.797149321267,0.098122034101581768
28.897139423076908,0.098121663492064679
28.997129524886873,0.098121291302279201
29.097119626696838,0.098120917528739443
29.197109728506803,0.098120542167940999
29.297099830316768,0.098120165216358135
29.397089932126732,0.098119786670447462
29.497080033936641,0.098119406526641223
29.597070135746606,0.098119024781354813
29.69706023755657,0.098118641430979384
29.797050339366535,0.098118256471889681
29.8970404411765,0.098117869900436444
29.997030542986465,0.09811748171294897
30.097020644796373,0.098117091905739542
30.197010746606338,0.098116700475094798
30.297000848416303,0.098116307417283111
30.396990950226268,0.098115912728549845
30.496981052036233,0.098115516405119257
30.596971153846141,0.098115118443194135
30.696961255656106,0.098114718838956089
30.796951357466071,0.098114317588563871
30.896941459276036,0.098113914688155737
30.996931561086001,0.098113510133845699
31.096921662895966,0.098113103921726466
31.196911764705874,0.09811269604786943
31.296901866515839,0.098112286508322655
31.396891968325804,0.098111875299111959
31.496882070135769,0.098111462416239192
31.596872171945733,0.098111047855686181
31.696862273755642,0.098110631613407842
31.796852375565607,0.09811021368533987
31.896842477375571,0.098109794067392397
31.996832579185536,0.098109372755452756
32.096822680995501,0.0981089497453842
32.196812782805466,0.098108525033028582
32.296802884615374,0.098108098614202249
32.396792986425339,0.098107670484696735
32.496783088235304,0.09810724064028209
32.596773190045269,0.098106809076701496
32.696763291855234,0.098106375789676042
32.796753393665199,0.098105940774901951
32.896743495475107,0.098105504028048532
32.996733597285072,0.098105065544765072
33.096723699095037,0.098104625320671809
33.196713800905002,0.098104183351364754
33.296703902714967,0.098103739632417336
33.396694004524875,0.098103294159374341
33.49668410633484,0.098102846927756587
33.596674208144805,0.098102397933059138
33.69666430995477,0.098101947170753045
33.796654411764735,0.098101494636280262
33.896644513574699,0.098101040325059757
33.996634615384608,0.098100584232480942
34.096624717194572,0.098100126353910355
34.196614819004537,0.098099666684686754
34.296604920814502,0.098099205220122082
34.396595022624467,0.098098741955501126
34.496585124434375,0.098098276886080277
34.59657522624434,0.098097810007093222
34.696565328054305,0.098097341313742439
34.79655542986427,0.098096870801203273
34.896545531674235,0.098096398464625617
34.9965356334842,0.098095924299130111
35.096525735294108,0.098095448299809096
35.196515837104073,0.098094970461727826
35.296505938914038,0.098094490779921717
35.396496040724003,0.09809400924940069
35.496486142533968,0.098093525865141806
35.596476244343933,0.098093040622097519
35.696466346153841,0.098092553515188016
35.796456447963806,0.098092064539306009
35.896446549773771,0.098091573689314232
35.996436651583736,0.098091080960046401
36.0964267533937,0.098090586346306907
36.196416855203609,0.098090089842869085
36.296406957013573,0.098089591444476279
36.396397058823538,0.098089091145842119
36.496387160633503,0.09808858894165029
36.596377262443468,0.098088084826553235
36.696367364253433,0.098087578795172201
36.796357466063341,0.098087070842097057
36.896347567873306,0.098086560961887836
36.996337669683271,0.098086049149072096
37.096327771493236,0.098085535398147267
37.196317873303201,0.098085019703576845
37.296307975113109,0.098084502059793716
37.396298076923074,0.098083982461198094
37.496288178733039,0.098083460902157527
37.596278280543004,0.098082937377007531
37.696268382352969,0.098082411880050291
37.796258484162934,0.098081884405555264
37.896248585972842,0.098081354947759283
37.996238687782807,0.098080823500862835
38.096228789592772,0.098080290059038067
38.196218891402737,0.098079754616417353
38.296208993212701,0.098079217167103133
38.39619909502261,0.09807867770516028
38.496189196832574,0.098078136224622373
38.596179298642539,0.098077592719486698
38.696169400452504,0.098077047183715155
38.796159502262469,0.098076499611233187
38.896149604072434,0.098075949995935219
38.996139705882342,0.098075398331674987
39.096129807692307,0.098074844612273615
39.196119909502272,0.098074288831513909
39.296110011312237,0.098073730983143009
39.396100113122202,0.09807317106087271
39.496090214932167,0.098072609058374866
39.596080316742075,0.098072044969288674
39.69607041855204,0.098071478787212132
39.796060520362005,0.098070910505706377
39.89605062217197,0.09807034011829549
39.996040723981935,0.09806976761846517
40.096030825791843,0.098069192999662144
40.196020927601808,0.098068616255296115
40.296011029411773,0.09806803737873554
40.396001131221738,0.098067456363312058
40.495991233031702,0.098066873202315219
40.595981334841667,0.098066287888998474
40.695971436651575,0.098065700416571144
40.79596153846154,0.09806511077820565
40.895951640271505,0.09806451896703311
40.99594174208147,0.098063924976141456
41.095931843891435,0.098063328798581512
41.195921945701343,0.098062730427358691
41.295912047511308,0.098062129855440119
41.395902149321273,0.098061527075750096
41.495892251131238,0.098060922081169094
41.595882352941203,0.098060314864537645
41.695872454751168,0.098059705418650819
41.795862556561076,0.098059093736263953
41.895852658371041,0.098058479810084004
41.995842760181006,0.098057863632779602
42.095832861990971,0.098057245196972564
42.195822963800936,0.098056624495239678
42.295813065610901,0.098056001520115399
42.395803167420809,0.098055376264088528
42.495793269230774,0.098054748719601043
42.595783371040739,0.098054118879051549
42.695773472850703,0.09805348673479175
42.795763574660668,0.098052852279127939
42.895753676470576,0.098052215504316559
42.995743778280541,0.098051576402572935
43.095733880090506,0.098050934966059822
43.195723981900471,0.098050291186895788
43.295714083710436,0.098049645057151247
43.395704185520401,0.098048996568845331
43.495694287330309,0.098048345713953211
43.595684389140274,0.098047692484397431
43.695674490950239,0.098047036872053628
43.795664592760204,0.098046378868746314
43.895654694570169,0.098045718466250237
43.995644796380077,0.098045055656291902
44.095634898190042,0.098044390430543638
44.195625000000007,0.098043722780629602
44.295615101809972,0.098043052698122773
44.395605203619937,0.098042380174539312
44.495595305429902,0.098041705201350499
44.59558540723981,0.098041027769969452
44.695575509049775,0.098040347871759526
44.79556561085974,0.0980396654980287
44.895555712669704,0.098038980640032969
44.995545814479669,0.09803829328897154
45.095535916289634,0.098037603435993256
45.195526018099542,0.098036911072188537
45.295516119909507,0.09803621618859254
45.395506221719472,0.098035518776187783
45.495496323529437,0.09803481882589693
45.595486425339402,0.098034116328588994
45.69547652714931,0.098033411275072979
45.795466628959275,0.098032703656102643
45.89545673076924,0.098031993462374095
45.995446832579205,0.09803128068452524
46.09543693438917,0.098030565313132895
46.195427036199135,0.098029847338715559
46.295417138009043,0.098029126751734197
46.395407239819008,0.098028403542587239
46.495397341628973,0.098027677701614829
46.595387443438938,0.098026949219094647
46.695377545248903,0.098026218085241826
46.795367647058811,0.098025484290211726
46.895357748868776,0.098024747824095926
46.995347850678741,0.098024008676924707
47.095337952488705,0.098023266838662415
47.19532805429867,0.098022522299210824
47.295318156108635,0.098021775048409143
47.395308257918543,0.098021025076028417
47.495298359728508,0.098020272371777156
47.595288461538473,0.098019516925296257
47.695278563348438,0.098018758726160116
47.795268665158403,0.098017997763878817
47.895258766968311,0.098017234027890254
47.995248868778276,0.098016467507570329
48.095238970588241,0.09801569819222114
48.195229072398206,0.098014926071077896
48.295219174208171,0.098014151133307095
48.395209276018136,0.098013373368003906
48.495199377828044,0.098012592764194051
48.595189479638009,0.0980118093108307
48.695179581447974,0.098011022996795316
48.795169683257939,0.098010233810896824
48.895159785067904,0.098009441741873121
48.995149886877869,0.09800864677838679
49.095139988687777,0.0980078489090251
49.195130090497742,0.098007048122305693
49.295120192307706,0.098006244406663737
49.395110294117671,0.098005437750463401
49.495100395927636,0.098004628141992095
49.595090497737544,0.098003815569457697
49.695080599547509,0.098003000020991229
49.795070701357474,0.098002181484647122
49.895060803167439,0.098001359948398648
49.995050904977404,0.098000535400139629
50.095041006787369,0.097999707827684288
50.195031108597277,0.097998877218764352
50.295021210407242,0.097998043561033393
50.395011312217207,0.097997206842056969
50.495001414027172,0.097996367049323879
50.594991515837137,0.097995524170234674
50.694981617647045,0.097994678192106249
50.79497171945701,0.097993829102172927
50.894961821266975,0.097992976887580338
50.99495192307694,0.097992121535388776
51.094942024886905,0.097991263032570414
51.19493212669687,0.097990401366010838
51.294922228506778,0.097989536522506623
51.394912330316743,0.097988668488763586
51.494902432126707,0.097987797251399431
51.594892533936672,0.097986922796937853
51.694882635746637,0.09798604511181469
51.794872737556602,0.097985164182369022
51.89486283936651,0.097984279994850459
51.994852941176475,0.097983392535410496
52.09484304298644,0.09798250179011106
52.194833144796405,0.097981607744911964
52.29482324660637,0.097980710385683276
52.394813348416278,0.097979809698191395
52.494803450226243,0.097978905668107547
52.594793552036208,0.097977998281004813
52.694783653846173,0.097977087522354123
52.794773755656138,0.097976173377528175
52.894763857466103,0.097975255831795977
52.994753959276011,0.097974334870322824
53.094744061085976,0.097973410478174566
53.194734162895941,0.097972482640309014
53.294724264705906,0.097971551341580213
53.394714366515871,0.097970616566737098
53.494704468325779,0.097969678300419111
53.594694570135744,0.097968736527159234
53.694684671945708,0.097967791231382259
53.794674773755673,0.097966842397400944
53.894664875565638,0.097965890009417703
53.994654977375603,0.097964934051524233
54.094645079185511,0.097963974507698476
54.194635180995476,0.097963011361803354
54.294625282805441,0.097962044597588727
54.394615384615406,0.097961074198687909
54.494605486425371,0.097960100148616391
54.594595588235336,0.097959122430772982
54.694585690045244,0.097958141028435849
54.794575791855209,0.097957155924764977
54.894565893665174,0.097956167102795616
54.994555995475139,0.097955174545443391
55.094546097285104,0.0979541782355004
55.194536199095012,0.097953178155633674
55.294526300904977,0.097952174288383737
55.394516402714942,0.097951166616166097
55.494506504524907,0.09795015512126401
55.594496606334872,0.097949139785835831
55.694486708144836,0.097948120591909049
55.794476809954745,0.097947097521376231
55.894466911764709,0.097946070556000575
55.994457013574674,0.097945039677408807
56.094447115384639,0.097944004867092788
56.194437217194604,0.097942966106410734
56.294427319004512,0.0979419233765772
56.394417420814477,0.097940876658673431
56.494407522624442,0.097939825933635399
56.594397624434407,0.097938771182260076
56.694387726244372,0.097937712385200826
56.794377828054337,0.097936649522967378
56.894367929864245,0.097935582575919028
56.99435803167421,0.097934511524275569
57.094348133484175,0.097933436348099187
57.19433823529414,0.097932357027311415
57.294328337104105,0.097931273541673136
57.394318438914013,0.09793018587079888
57.494308540723978,0.097929093994146843
57.594298642533943,0.097927997891016097
57.694288744343908,0.09792689754055503
57.794278846153873,0.097925792921745858
57.894268947963837,0.097924684013415697
57.994259049773746,0.097923570794227033
58.09424915158371,0.097922453242677426
58.194239253393675,0.097921331337103817
58.29422935520364,0.097920205055672699
58.394219457013605,0.09791907437638131
58.49420955882357,0.097917939277060856
58.594199660633478,0.097916799735366086
58.694189762443443,0.097915655728781303
58.794179864253408,0.097914507234616088
58.894169966063373,0.097913354229999527
58.994160067873338,0.097912196691885806
59.094150169683246,0.097911034597047308
59.194140271493211,0.097909867922073096
59.294130373303176,0.097908696643368862
59.394120475113141,0.097907520737154127
59.494110576923106,0.097906340179462356
59.594100678733071,0.097905154946134332
59.694090780542979,0.09790396501282192
59.794080882352944,0.097902770354980795
59.894070984162909,0.097901570947874911
59.994061085972874,0.097900366766565577
60.094051187782838,0.09789915778591804
60.194041289592747,0.097897943980597313
60.294031391402712,0.097896725325059206
60.394021493212676,0.097895501793560893
60.494011595022641,0.097894273360144696
60.594001696832606,0.097893039998648568
60.693991798642571,0.097891801682695706
60.793981900452479,0.097890558385693272
60.893972002262444,0.097889310080835415
60.993962104072409,0.097888056741097268
61.093952205882374,0.097886798339228143
61.193942307692339,0.097885534847758471
61.293932409502304,0.097884266238991324
61.393922511312212,0.097882992485002221
61.493912613122177,0.097881713557635391
61.593902714932142,0.097880429428501697
61.693892816742107,0.097879140068976217
61.793882918552072,0.097877845450199591
61.89387302036198,0.097876545543065158
61.993863122171945,0.097875240318230292
62.09385322398191,0.097873929746100874
62.193843325791875,0.097872613796838454
62.29383342760184,0.097871292440352878
62.393823529411804,0.097869965646296936
62.493813631221713,0.097868633384070314
62.593803733031677,0.097867295622811407
62.693793834841642,0.097865952331399789
62.793783936651607,0.097864603478446555
62.893774038461572,0.097863249032295596
62.99376414027148,0.097861888961020771
63.093754242081445,0.097860523232421781
63.19374434389141,0.09785915181402248
63.293734445701375,0.097857774673065501
63.39372454751134,0.097856391776510523
63.493714649321305,0.097855003091033149
63.593704751131213,0.097853608583017587
63.693694852941178,0.097852208218555364
63.793684954751143,0.097850801963443701
63.893675056561108,0.097849389783180113
63.993665158371073,0.097847971642959414
64.093655260181038,0.097846547507670786
64.193645361990946,0.097845117341893689
64.293635463800911,0.097843681109894901
64.393625565610876,0.097842238775625853
64.493615667420841,0.097840790302716585
64.593605769230805,0.097839335654474752
64.693595871040714,0.097837874793878121
64.793585972850678,0.097836407683576404
64.893576074660643,0.097834934285882469
64.993566176470608,0.097833454562769373
65.093556278280573,0.097831968475872097
65.193546380090538,0.097830475986473209
65.293536481900446,0.097828977055508387
65.393526583710411,0.097827471643556846
65.493516685520376,0.097825959710838101
65.593506787330341,0.097824441217209332
65.693496889140306,0.097822916122161041
65.793486990950214,0.09782138438481143
65.893477092760179,0.097819845963900781
65.993467194570144,0.097818300817789777
66.093457296380109,0.097816748904455575
66.193447398190074,0.097815190181483075
66.293437500000039,0.097813624606063354
66.393427601809947,0.097812052134988378
66.493417703619912,0.097810472724645089
66.593407805429877,0.097808886331013853
66.693397907239842,0.097807292909660254
66.793388009049806,0.097805692415729104
66.893378110859715,0.097804084803941732
66.993368212669679,0.097802470028591881
67.093358314479644,0.09780084804353964
67.193348416289609,0.097799218802200466
67.293338518099574,0.097797582257550641
67.393328619909539,0.097795938362111645
67.493318721719447,0.097794287067950347
67.593308823529412,0.097792628326670183
67.693298925339377,0.097790962089409988
67.793289027149342,0.097789288306831146
67.893279128959307,0.09778760692911892
67.993269230769272,0.097785917905969633
68.09325933257918,0.097784221186592413
68.193249434389145,0.097782516719695872
68.29323953619911,0.097780804453481529
68.393229638009075,0.097779084335647803
68.49321973981904,0.097777356313368549
68.593209841628948,0.097775620333299201
68.693199943438913,0.097773876341562038
68.793190045248878,0.097772124283743711
68.893180147058843,0.097770364104883795
68.993170248868807,0.097768595749474663
69.093160350678772,0.097766819161447416
69.19315045248868,0.097765034284168911
69.293140554298645,0.097763241060433367
69.39313065610861,0.097761439432452302
69.493120757918575,0.097759629341851895
69.59311085972854,0.097757810729659861
69.693100961538448,0.097755983536302882
69.793091063348413,0.097754147701593741
69.893081165158378,0.097752303164725579
69.993071266968343,0.097750449864263539
70.093061368778308,0.097748587738137355
70.193051470588273,0.097746716723630278
70.293041572398181,0.097744836757371889
70.393031674208146,0.09774294777532945
70.493021776018111,0.09774104971279815
70.593011877828076,0.097739142504393778
70.693001979638041,0.097737226084040174
70.792992081448006,0.097735300384963336
70.892982183257914,0.097733365339677386
70.992972285067879,0.097731420879982947
71.092962386877844,0.097729466936946091
71.192952488687808,0.09772750344089659
71.292942590497773,0.097725530321415455
71.392932692307681,0.097723547507324787
71.492922794117646,0.097721554926673559
71.592912895927611,0.097719552506732033
71.692902997737576,0.097717540173977546
71.792893099547541,0.097715517854084472
71.892883201357506,0.097713485471914413
71.992873303167414,0.097711442951498806
72.092863404977379,0.09770939021603528
72.192853506787344,0.097707327187867066
72.292843608597309,0.097705253788480648
72.392833710407274,0.097703169938482853
72.492823812217182,0.097701075557596523
72.592813914027147,0.097698970564643592
72.692804015837112,0.097696854877530825
72.792794117647077,0.097694728413242587
72.892784219457042,0.097692591087818442
72.992774321267007,0.097690442816346923
73.092764423076915,0.097688283512949198
73.19275452488688,0.097686113090761209
73.292744626696845,0.097683931461923099
73.392734728506809,0.097681738537565815
73.492724830316774,0.097679534227788606
73.592714932126739,0.097677318441653407
73.692705033936647,0.09767509108715916
73.792695135746612,0.097672852071236077
73.892685237556577,0.097670601299718829
73.992675339366542,0.097668338677339289
74.092665441176507,0.097666064107702261
74.192655542986415,0.097663777493274484
74.29264564479638,0.097661478735360172
74.392635746606345,0.097659167734093888
74.49262584841631,0.097656844388406674
74.592615950226275,0.097654508596024397
74.69260605203624,0.097652160253433803
74.792596153846148,0.097649799255876746
74.892586255656113,0.097647425497317364
74.992576357466078,0.097645038870434048
75.092566459276043,0.097642639266589004
75.192556561086008,0.097640226575815781
75.292546662895916,0.097637800686792287
75.392536764705881,0.097635361486820671
75.492526866515846,0.097632908861806283
75.59251696832581,0.097630442696233402
75.692507070135775,0.097627962873146568
75.79249717194574,0.097625469274116944
75.892487273755648,0.0976229617792332
75.992477375565613,0.097620440267063652
76.092467477375578,0.097617904614638928
76.192457579185543,0.097615354697424994
76.292447680995508,0.097612790389296322
76.392437782805416,0.097610211562507238
76.492427884615381,0.09760761808767357
76.592417986425346,0.097605009833732936
76.692408088235311,0.097602386667927449
76.792398190045276,0.097599748455767077
76.892388291855241,0.097597095061006653
76.992378393665149,0.09759442634560897
77.092368495475114,0.09759174216972083
77.192358597285079,0.097589042391641539
77.292348699095044,0.097586326867784623
77.392338800905009,0.09758359545265069
77.492328902714974,0.09758084799879374
77.592319004524882,0.097578084356786582
77.692309106334847,0.097575304375185551
77.792299208144811,0.09757250790049643
77.892289309954776,0.097569694777135868
77.992279411764741,0.097566864847397489
78.092269513574649,0.09756401795141062
78.192259615384614,0.097561153927107569
78.292249717194579,0.097558272610176772
78.392239819004544,0.09755537383402571
78.492229920814509,0.097552457429744291
78.592220022624474,0.097549523226053231
78.692210124434382,0.097546571049268935
78.792200226244347,0.097543600723256407
78.892190328054312,0.097540612069383748
78.992180429864277,0.09753760490647681
79.092170531674242,0.097534579050772133
79.19216063348415,0.097531534315867419
79.292150735294115,0.097528470512675811
79.39214083710408,0.097525387449370754
79.492130938914045,0.0975222849313373
79.59212104072401,0.09751916276111719
79.692111142533975,0.097516020738358564
79.792101244343883,0.097512858659756813
79.892091346153848,0.097509676318998595
79.992081447963812,0.097506473506704106
80.092071549773777,0.097503250010371273
80.192061651583742,0.097500005614306412
80.292051753393707,0.097496740099572765
80.392041855203615,0.097493453243915437
80.49203195701358,0.097490144821707259
80.592022058823545,0.097486814603873512
80.69201216063351,0.097483462357826511
80.792002262443475,0.097480087847394759
80.891992364253383,0.097476690832752871
80.991982466063348,0.097473271070343981
81.091972567873313,0.097469828312808204
81.191962669683278,0.09746636230890332
81.291952771493243,0.097462872803422335
81.391942873303208,0.097459359537119372
81.491932975113116,0.097455822246619084
81.591923076923081,0.097452260664333767
81.691913178733046,0.09744867451837437
81.791903280543011,0.097445063532464793
81.891893382352976,0.097441427425842608
81.991883484162884,0.097437765913166663
82.091873585972849,0.097434078704423138
82.191863687782813,0.097430365504823646
82.291853789592778,0.097426626014698037
82.391843891402743,0.097422859929397046
82.491833993212708,0.097419066939175
82.591824095022616,0.097415246729089702
82.691814196832581,0.097411398978880931
82.791804298642546,0.097407523362851578
82.891794400452511,0.097403619549753739
82.991784502262476,0.097399687202660803
83.091774604072441,0.097395725978845354
83.191764705882349,0.097391735529639811
83.291754807692314,0.097387715500311348
83.391744909502279,0.097383665529919949
83.491735011312244,0.097379585251173267
83.591725113122209,0.097375474290287423
83.691715214932117,0.097371332266836461
83.791705316742082,0.097367158793590133
83.891695418552047,0.097362953476366476
83.991685520362012,0.097358715913859362
84.091675622171977,0.097354445697474035
84.191665723981941,0.097350142411157942
84.29165582579185,0.09734580563121728
84.391645927601814,0.09734143492613373
84.491636029411779,0.097337029856382651
84.591626131221744,0.097332589974229694
84.691616233031709,0.097328114823537704
84.791606334841617,0.097323603939559175
84.891596436651582,0.097319056848718777
84.991586538461547,0.0973144730684017
85.091576640271512,0.097309852106726186
85.191566742081477,0.097305193462304845
85.291556843891442,0.097300496624014465
85.39154694570135,0.097295761070741546
85.491537047511315,0.097290986271132363
85.59152714932128,0.097286171683324082
85.691517251131245,0.097281316754677993
85.79150735294121,0.097276420921500517
85.891497454751118,0.097271483608746698
85.991487556561083,0.097266504229729836
86.091477658371048,0.097261482185810585
86.191467760181013,0.097256416866075751
86.291457861990978,0.097251307647012661
86.391447963800942,0.097246153892168244
86.491438065610851,0.097240954951799574
86.591428167420815,0.097235710162506914
86.69141826923078,0.09723041884686312
86.791408371040745,0.097225080313024126
86.89139847285071,0.097219693854326772
86.991388574660675,0.09721425874887378
87.091378676470583,0.097208774259106193
87.191368778280548,0.097203239631357019
87.291358880090513,0.097197654095390829
87.391348981900478,0.097192016863931918
87.491339083710443,0.097186327132162853
87.591329185520351,0.097180584077220994
87.691319287330316,0.097174786857664674
87.791309389140281,0.097168934612928567
87.891299490950246,0.097163026462748298
87.991289592760211,0.097157061506577658
88.091279694570176,0.097151038822972158
88.191269796380084,0.09714495746895907
88.291259898190049,0.097138816479371337
88.391250000000014,0.097132614866174999
88.491240101809979,0.097126351617747742
88.591230203619943,0.0971200256981537
88.691220305429852,0.097113636046370744
88.791210407239817,0.09710718157549722
88.891200509049781,0.09710066117192373
88.991190610859746,0.097094073694478755
89.091180712669711,0.097087417973533735
89.191170814479676,0.097080692810071895
89.291160916289584,0.097073896974717855
89.391151018099549,0.097067029206741484
89.491141119909514,0.097060088213001883
89.591131221719479,0.097053072666857518
89.691121323529444,0.097045981207033546
89.791111425339409,0.097038812436431005
89.891101527149317,0.097031564920896082
89.991091628959282,0.097024237187932766
90.091081730769247,0.097016827725356788
90.191071832579212,0.097009334979897693
90.291061934389177,0.097001757355731841
90.391052036199085,0.096994093212955115
90.49104213800905,0.096986340865995155
90.591032239819015,0.096978498581927863
90.69102234162898,0.096970564578751806
90.791012443438945,0.096962537023553827
90.891002545248909,0.096954414030604605
90.990992647058818,0.096946193659370752
91.090982748868782,0.096937873912410072
91.190972850678747,0.096929452733200111
91.290962952488712,0.096920928003837503
91.390953054298677,0.096912297542633502
91.490943156108585,0.096903559101598549
91.59093325791855,0.096894710363794906
91.690923359728515,0.096885748940568339
91.79091346153848,0.096876672368627681
91.890903563348445,0.096867478106988383
91.99089366515841,0.09685816353375476
92.090883766968318,0.096848725942741021
92.190873868778283,0.096839162539912621
92.290863970588248,0.096829470439641824
92.390854072398213,0.096819646660764119
92.490844174208178,0.096809688122425991
92.590834276018143,0.096799591639710525
92.690824377828051,0.096789353919014803
92.790814479638016,0.096778971553182672
92.890804581447981,0.09676844101635898
92.990794683257946,0.096757758658553877
93.09078478506791,0.096746920699908867
93.190774886877819,0.096735923224612913
93.290764988687783,0.096724762174485085
93.390755090497748,0.096713433342160232
93.490745192307713,0.096701932363889853
93.590735294117678,0.096690254711891049
93.690725395927643,0.09667839568623908
93.790715497737551,0.096666350406265603
93.890705599547516,0.096654113801399877
93.990695701357481,0.096641680601469659
94.090685803167446,0.096629045326343033
94.190675904977411,0.09661620227492923
94.290666006787319,0.096603145513451713
94.390656108597284,0.09658986886294274
94.490646210407249,0.096576365885907928
94.590636312217214,0.09656262987207398
94.690626414027179,0.096548653823176248
94.790616515837144,0.096534430436661489
94.890606617647052,0.096519952088272493
94.990596719457017,0.096505210813352477
95.090586821266982,0.096490198286831697
95.190576923076947,0.096474905801705285
95.290567024886911,0.096459324245949066
95.39055712669682,0.096443444077657633
95.490547228506784,0.096427255298296669
95.590537330316749,0.096410747423867793
95.690527432126714,0.09639390945379539
95.790517533936679,0.096376729837341663
95.890507635746644,0.096359196437258737
95.990497737556552,0.096341296490475264
96.090487839366517,0.096323016565448435
96.190477941176482,0.096304342515917546
96.290468042986447,0.096285259430627462
96.390458144796412,0.096265751578636594
96.490448246606377,0.09624580234972957
96.590438348416285,0.096225394189405261
96.69042845022625,0.09620450852782958
96.790418552036215,0.096183125702119301
96.89040865384618,0.096161224871135195
96.990398755656145,0.096138783921968701
97.090388857466053,0.096115779367112464
97.190378959276018,0.096092186231191076
97.290369061085983,0.096067977925999512
97.390359162895948,0.096043126112316676
97.490349264705912,0.09601760054689995
97.590339366515877,0.095991368912637154
97.690329468325785,0.095964396629652962
97.79031957013575,0.09593664664479512
97.890309671945715,0.095908079196450044
97.99029977375568,0.095878651551204994
98.090289875565645,0.095848317708267433
98.190279977375553,0.095817028066800466
98.290270079185518,0.09578472905057725
98.390260180995483,0.095751362683221444
98.490250282805448,0.095716866106163451
98.590240384615413,0.095681171029842929
98.690230486425378,0.095644203106941938
98.790220588235286,0.095605881214074359
98.890210690045251,0.095566116625615413
98.990200791855216,0.09552481205989713
99.090190893665181,0.095481860573572885
99.190180995475146,0.095437144274648236
99.290171097285111,0.095390532817608176
99.390161199095019,0.095341881635458953
99.490151300904984,0.095291029852113726
99.590141402714949,0.09523779780406208
99.690131504524913,0.095181984081280771
99.790121606334878,0.095123361972317383
99.890111708144786,0.095061675165464016
99.990101809954751,0.094996632513384832
100.09009191176472,0.094927901608450799
100.19008201357468,0.094855100833361419
100.29007211538465,0.094777789437005294
100.39006221719461,0.09469545502400839
100.49005231900452,0.094607497615665642
100.59004242081448,0.094513209104899437
100.69003252262445,0.09441174643238999
100.79002262443441,0.094302096064142443
100.89001272624438,0.094183026199947534
100.99000282805429,0.094053021325566061
101.08999292986425,0.093910190775402719
101.18998303167422,0.093752138045788552
101.28997313348418,0.093575769067847647
101.38996323529415,0.093377002272136661
101.48995333710411,0.093150314236600223
101.58994343891402,0.092887996759212887
101.68993354072398,0.092578877660755232
101.78992364253395,0.092205972072809117
101.88991374434391,0.091741800101094895
101.98990384615388,0.091137969586201517
102.08989394796384,0.090298112530796532
102.18988404977375,0.08898845062423015
102.28987415158372,0.086374312930160235
102.38986425339368,0.054731167350109355
102.48985435520365,0
102.58984445701361,0
102.68983455882352,0
102.78982466063349,0
102.88981476244345,0
102.98980486425341,0
103.08979496606338,0
103.18978506787334,0
103.28977516968325,0
103.38976527149322,0
103.48975537330318,0
103.58974547511315,0
103.68973557692311,0
103.78972567873302,0
103.88971578054299,0
103.98970588235295,0
104.08969598416292,0
104.18968608597288,0
104.28967618778285,0
104.38966628959275,0
104.48965639140272,0
104.58964649321268,0
104.68963659502265,0
104.78962669683261,0
104.88961679864252,0
104.98960690045249,0
105.08959700226245,0
105.18958710407242,0
105.28957720588238,0
105.38956730769235,0
105.48955740950225,0
105.58954751131222,0
105.68953761312218,0
105.78952771493215,0
105.88951781674211,0
105.98950791855208,0
106.08949802036199,0
106.18948812217195,0
106.28947822398192,0
106.38946832579188,0
106.48945842760185,0
106.58944852941175,0
106.68943863122172,0
106.78942873303168,0
106.88941883484165,0
106.98940893665161,0
107.08939903846158,0
107.18938914027149,0
107.28937924208145,0
107.38936934389142,0
107.48935944570138,0
107.58934954751135,0
107.68933964932125,0
107.78932975113122,0
107.88931985294118,0
107.98930995475115,0
108.08930005656111,0
108.18929015837108,0
108.28928026018099,0
108.38927036199095,0
108.48926046380092,0
108.58925056561088,0
108.68924066742085,0
108.78923076923081,0
108.88922087104072,0
108.98921097285069,0
109.08920107466065,0
109.18919117647062,0
109.28918127828058,0
109.38917138009049,0
109.48916148190045,0
109.58915158371042,0
109.68914168552038,0
109.78913178733035,0
109.88912188914031,0
109.98911199095022,0
110.08910209276019,0
110.18909219457015,0
110.28908229638012,0
110.38907239819008,0
110.48906249999999,0
110.58905260180995,0
110.68904270361992,0
110.78903280542988,0
110.88902290723985,0
110.98901300904981,0
111.08900311085972,0
111.18899321266969,0
111.28898331447965,0
111.38897341628962,0
111.48896351809958,0
111.58895361990955,0
111.68894372171945,0
111.78893382352942,0
111.88892392533938,0
111.98891402714935,0
112.08890412895931,0
112.18889423076922,0
112.28888433257919,0
112.38887443438915,0
112.48886453619912,0
112.58885463800908,0
112.68884473981905,0
112.78883484162895,0
112.88882494343892,0
112.98881504524888,0
113.08880514705885,0
113.18879524886881,0
113.28878535067872,0
113.38877545248869,0
113.48876555429865,0
113.58875565610862,0
113.68874575791858,0
113.78873585972855,0
113.88872596153846,0
113.98871606334842,0
114.08870616515838,0
114.18869626696835,0
114.28868636877831,0
114.38867647058822,0
114.48866657239819,0
114.58865667420815,0
114.68864677601812,0
114.78863687782808,0
114.88862697963805,0
114.98861708144796,0
115.08860718325792,0
115.18859728506789,0
115.28858738687785,0
115.38857748868782,0
115.48856759049778,0
115.58855769230769,0
115.68854779411765,0
115.78853789592762,0
115.88852799773758,0
115.98851809954755,0
116.08850820135746,0
116.18849830316742,0
116.28848840497739,0
116.38847850678735,0
116.48846860859732,0
116.58845871040728,0
116.68844881221719,0
116.78843891402715,0
116.88842901583712,0
116.98841911764708,0
117.08840921945705,0
117.18839932126696,0
117.28838942307692,0
117.38837952488689,0
117.48836962669685,0
117.58835972850682,0
117.68834983031678,0
117.78833993212669,0
117.88833003393665,0
117.98832013574662,0
118.08831023755658,0
118.18830033936655,0
118.28829044117651,0
118.38828054298642,0
118.48827064479639,0
118.58826074660635,0
118.68825084841632,0
118.78824095022628,0
118.88823105203619,0
118.98822115384615,0
119.08821125565612,0
119.18820135746608,0
119.28819145927605,0
119.38818156108601,0
119.48817166289592,0
119.58816176470589,0
119.68815186651585,0
119.78814196832582,0
119.88813207013578,0
119.98812217194569,0
120.08811227375566,0
120.18810237556562,0
120.28809247737559,0
120.38808257918555,0
120.48807268099551,0
120.58806278280542,0
120.68805288461539,0
120.78804298642535,0
120.88803308823532,0
120.98802319004528,0
121.08801329185525,0
121.18800339366516,0
121.28799349547512,0
121.38798359728509,0
121.48797369909505,0
121.58796380090502,0
121.68795390271492,0
121.78794400452489,0
121.88793410633485,0
121.98792420814482,0
122.08791430995478,0
122.18790441176475,0
122.28789451357466,0
122.38788461538462,0
122.48787471719459,0
122.58786481900455,0
122.68785492081452,0
122.78784502262442,0
122.88783512443439,0
122.98782522624435,0
123.08781532805432,0
123.18780542986428,0
123.28779553167425,0
123.38778563348416,0
123.48777573529412,0
123.58776583710409,0
123.68775593891405,0
123.78774604072402,0
123.88773614253392,0
123.98772624434389,0
124.08771634615385,0
124.18770644796382,0
124.28769654977378,0
124.38768665158375,0
124.48767675339366,0
124.58766685520362,0
124.68765695701359,0
124.78764705882355,0
124.88763716063352,0
124.98762726244348,0
125.08761736425339,0
125.18760746606335,0
125.28759756787332,0
125.38758766968328,0
125.48757777149325,0
125.58756787330316,0
125.68755797511312,0
125.78754807692309,0
125.88753817873305,0
125.98752828054302,0
126.08751838235298,0
126.18750848416289,0
126.28749858597286,0
126.38748868778282,0
126.48747878959279,0
126.58746889140275,0
126.68745899321266,0
126.78744909502262,0
126.88743919683259,0
126.98742929864255,0
127.08741940045252,0
127.18740950226248,0
127.28739960407239,0
127.38738970588236,0
127.48737980769232,0
127.58736990950229,0
127.68736001131225,0
127.78735011312222,0
127.88734021493212,0
127.98733031674209,0
128.08732041855205,0
128.18731052036202,0
128.28730062217198,0
128.38729072398189,0
128.48728082579186,0
128.58727092760182,0
128.68726102941179,0
128.78725113122175,0
128.88724123303172,0
128.98723133484162,0
129.08722143665159,0
129.18721153846155,0
129.28720164027152,0
129.38719174208148,0
129.48718184389139,0
129.58717194570136,0
129.68716204751132,0
129.78715214932129,0
129.88714225113125,0
129.98713235294122,0
130.08712245475112,0
130.18711255656109,0
130.28710265837105,0
130.38709276018102,0
130.48708286199098,0
130.58707296380089,0
130.68706306561086,0
130.78705316742082,0
130.88704326923079,0
130.98703337104075,0
131.08702347285072,0
131.18701357466063,0
131.28700367647059,0
131.38699377828056,0
131.48698388009052,0
131.58697398190048,0
131.68696408371045,0
131.78695418552036,0
131.88694428733032,0
131.98693438914029,0
132.08692449095025,0
132.18691459276022,0
132.28690469457013,0
132.38689479638009,0
132.48688489819006,0
132.58687500000002,0
132.68686510180999,0
132.78685520361995,0
132.88684530542986,0
132.98683540723982,0
133.08682550904979,0
133.18681561085975,0
133.28680571266972,0
133.38679581447963,0
133.48678591628959,0
133.58677601809956,0
133.68676611990952,0
133.78675622171949,0
133.88674632352945,0
133.98673642533936,0
134.08672652714932,0
134.18671662895929,0
134.28670673076925,0
134.38669683257922,0
134.48668693438918,0
134.58667703619909,0
134.68666713800906,0
134.78665723981902,0
134.88664734162899,0
134.98663744343895,0
135.08662754524886,0
135.18661764705882,0
135.28660774886879,0
135.38659785067875,0
135.48658795248872,0
135.58657805429868,0
135.68656815610859,0
135.78655825791856,0
135.88654835972852,0
135.98653846153849,0
136.08652856334845,0
136.18651866515836,0
136.28650876696832,0
136.38649886877829,0
136.48648897058825,0
136.58647907239822,0
136.68646917420818,0
136.78645927601809,0
136.88644937782806,0
136.98643947963802,0
137.08642958144799,0
137.18641968325795,0
137.28640978506792,0
137.38639988687783,0
137.48638998868779,0
137.58638009049776,0
137.68637019230772,0
137.78636029411769,0
137.88635039592759,0
137.98634049773756,0
138.08633059954752,0
138.18632070135749,0
138.28631080316745,0
138.38630090497742,0
138.48629100678733,0
138.58628110859729,0
138.68627121040726,0
138.78626131221722,0
138.88625141402719,0
138.98624151583709,0
139.08623161764706,0
139.18622171945702,0
139.28621182126699,0
139.38620192307695,0
139.48619202488692,0
139.58618212669683,0
139.68617222850679,0
139.78616233031676,0
139.88615243212672,0
139.98614253393669,0
140.08613263574659,0
140.18612273755656,0
140.28611283936652,0
140.38610294117649,0
140.48609304298645,0
140.58608314479642,0
140.68607324660633,0
140.78606334841629,0
140.88605345022626,0
140.98604355203622,0
141.08603365384619,0
141.18602375565615,0
141.28601385746606,0
141.38600395927602,0
141.48599406108599,0
141.58598416289595,0
141.68597426470592,0
141.78596436651583,0
141.88595446832579,0
141.98594457013576,0
142.08593467194572,0
142.18592477375569,0
142.28591487556565,0
142.38590497737556,0
142.48589507918552,0
142.58588518099549,0
142.68587528280545,0
142.78586538461542,0
142.88585548642533,0
142.98584558823529,0
143.08583569004526,0
143.18582579185522,0
143.28581589366519,0
143.38580599547515,0
143.48579609728506,0
143.58578619909503,0
143.68577630090499,0
143.78576640271496,0
143.88575650452492,0
143.98574660633489,0
144.08573670814479,0
144.18572680995476,0
144.28571691176472,0
144.38570701357469,0
144.48569711538465,0
144.58568721719456,0
144.68567731900453,0
144.78566742081449,0
144.88565752262446,0
144.98564762443442,0
145.08563772624439,0
145.18562782805429,0
145.28561792986426,0
145.38560803167422,0
145.48559813348419,0
145.58558823529415,0
145.68557833710406,0
145.78556843891403,0
145.88555854072399,0
145.98554864253396,0
146.08553874434392,0
146.18552884615389,0
146.28551894796379,0
146.38550904977376,0
146.48549915158372,0
146.58548925339369,0
146.68547935520365,0
146.78546945701362,0
146.88545955882353,0
146.98544966063349,0
147.08543976244346,0
147.18542986425342,0
147.28541996606339,0
147.38541006787329,0
147.48540016968326,0
147.58539027149322,0
147.68538037330319,0
147.78537047511315,0
147.88536057692312,0
147.98535067873303,0
148.08534078054299,0
148.18533088235296,0
148.28532098416292,0
148.38531108597289,0
148.4853011877828,0
148.58529128959276,0
148.68528139140273,0
148.78527149321269,0
148.88526159502266,0
148.98525169683262,0
149.08524179864253,0
149.18523190045249,0
149.28522200226246,0
149.38521210407242,0
149.48520220588239,0
149.5851923076923,0
149.68518240950226,0
149.78517251131223,0
149.88516261312219,0
149.98515271493216,0
150.08514281674212,0
150.18513291855203,0
150.28512302036199,0
150.38511312217196,0
150.48510322398192,0
150.58509332579189,0
150.68508342760185,0
150.78507352941176,0
150.88506363122173,0
150.98505373303169,0
151.08504383484166,0
151.18503393665162,0
151.28502403846153,0
151.38501414027149,0
151.48500424208146,0
151.58499434389142,0
151.68498444570139,0
151.78497454751135,0
151.88496464932126,0
151.98495475113123,0
152.08494485294119,0
152.18493495475116,0
152.28492505656112,0
152.38491515837103,0
152.48490526018099,0
152.58489536199096,0
152.68488546380092,0
152.78487556561089,0
152.88486566742085,0
152.98485576923076,0
153.08484587104073,0
153.18483597285069,0
153.28482607466066,0
153.38481617647062,0
153.48480627828059,0
153.58479638009049,0
153.68478648190046,0
153.78477658371042,0
153.88476668552039,0
153.98475678733035,0
154.08474688914026,0
154.18473699095023,0
154.28472709276019,0
154.38471719457016,0
154.48470729638012,0
154.58469739819009,0
154.6846875,0
154.78467760180996,0
154.88466770361993,0
154.98465780542989,0
155.08464790723986,0
155.18463800904976,0
155.28462811085973,0
155.38461821266969,0
155.48460831447966,0
155.58459841628962,0
155.68458851809959,0
155.7845786199095,0
155.88456872171946,0
155.98455882352943,0
156.08454892533939,0
156.18453902714936,0
156.28452912895932,0
156.38451923076923,0
156.48450933257919,0
156.58449943438916,0
156.68448953619912,0
156.78447963800909,0
156.884469739819,0
156.98445984162896,0
157.08444994343893,0
157.18444004524889,0
157.28443014705886,0
157.38442024886882,0
157.48441035067873,0
157.58440045248869,0
157.68439055429866,0
157.78438065610862,0
157.88437075791859,0
157.9843608597285,0
158.08435096153846,0
158.18434106334843,0
158.28433116515839,0
158.38432126696836,0
158.48431136877826,0
158.58430147058829,0
158.68429157239819,0
158.78428167420822,0
158.88427177601812,0
158.98426187782803,0
159.08425197963805,0
159.18424208144796,0
159.28423218325798,0
159.38422228506789,0
159.4842123868778,0
159.58420248868782,0
159.68419259049773,0
159.78418269230775,0
159.88417279411766,0
159.98416289592757,0
160.08415299773759,0
160.1841430995475,0
160.28413320135752,0
160.38412330316743,0
160.48411340497734,0
160.58410350678736,0
160.68409360859727,0
160.78408371040729,0
160.8840738122172,0
160.98406391402722,0
161.08405401583713,0
161.18404411764703,0
161.28403421945706,0
161.38402432126696,0
161.48401442307699,0
161.58400452488689,0
161.6839946266968,0
161.78398472850682,0
161.88397483031673,0
161.98396493212675,0
162.08395503393666,0
162.18394513574657,0
162.28393523755659,0
162.3839253393665,0
162.48391544117652,0
162.58390554298643,0
162.68389564479645,0
162.78388574660636,0
162.88387584841627,0
162.98386595022629,0
163.0838560520362,0
163.18384615384622,0
163.28383625565613,0
163.38382635746603,0
163.48381645927606,0
163.58380656108596,0
163.68379666289599,0
163.78378676470589,0
163.8837768665158,0
163.98376696832582,0
164.08375707013573,0
164.18374717194575,0
164.28373727375566,0
164.38372737556568,0
164.48371747737559,0
164.5837075791855,0
164.68369768099552,0
164.78368778280543,0
164.88367788461545,0
164.98366798642536,0
165.08365808823527,0
165.18364819004529,0
165.2836382918552,0
165.38362839366522,0
165.48361849547513,0
165.58360859728504,0
165.68359869909506,0
165.78358880090497,0
165.88357890271499,0
165.9835690045249,0
166.0835591063348,0
166.18354920814483,0
166.28353930995473,0
166.38352941176475,0
166.48351951357466,0
166.58350961538468,0
166.68349971719459,0
166.7834898190045,0
166.88347992081452,0
166.98347002262443,0
167.08346012443445,0
167.18345022624436,0
167.28344032805427,0
167.38343042986429,0
167.4834205316742,0
167.58341063348422,0
167.68340073529413,0
167.78339083710404,0
167.88338093891406,0
167.98337104072397,0
168.08336114253399,0
168.1833512443439,0
168.28334134615392,0
168.38333144796383,0
168.48332154977373,0
168.58331165158376,0
168.68330175339366,0
168.78329185520369,0
168.88328195701359,0
168.9832720588235,0
169.08326216063352,0
169.18325226244343,0
169.28324236425345,0
169.38323246606336,0
169.48322256787327,0
169.58321266968329,0
169.6832027714932,0
169.78319287330322,0
169.88318297511313,0
169.98317307692304,0
170.08316317873306,0
170.18315328054297,0
170.28314338235299,0
170.3831334841629,0
170.48312358597292,0
170.58311368778283,0
170.68310378959274,0
170.78309389140276,0
170.88308399321267,0
170.98307409502269,0
171.08306419683259,0
171.1830542986425,0
171.28304440045252,0
171.38303450226243,0
171.48302460407245,0
171.58301470588236,0
171.68300480769227,0
171.78299490950229,0
171.8829850113122,0
171.98297511312222,0
172.08296521493213,0
172.18295531674215,0
172.28294541855206,0
172.38293552036197,0
172.48292562217199,0
172.5829157239819,0
172.68290582579192,0
172.78289592760183,0
172.88288602941174,0
172.98287613122176,0
173.08286623303167,0
173.18285633484169,0
173.2828464366516,0
173.3828365384615,0
173.48282664027153,0
173.58281674208143,0
173.68280684389146,0
173.78279694570136,0
173.88278704751139,0
173.98277714932129,0
174.0827672511312,0
174.18275735294122,0
174.28274745475113,0
174.38273755656115,0
174.48272765837106,0
174.58271776018097,0
174.68270786199099,0
174.7826979638009,0
174.88268806561092,0
174.98267816742083,0
175.08266826923074,0
175.18265837104076,0
175.28264847285067,0
175.38263857466069,0
175.4826286764706,0
175.58261877828051,0
175.68260888009053,0
175.78259898190043,0
175.88258908371046,0
175.98257918552036,0
176.08256928733039,0
176.18255938914029,0
176.2825494909502,0
176.38253959276022,0
176.48252969457013,0
176.58251979638015,0
176.68250989819006,0
176.78249999999997,0
176.88249010180999,0
176.9824802036199,0
177.08247030542992,0
177.18246040723983,0
177.28245050904974,0
177.38244061085976,0
177.48243071266967,0
177.58242081447969,0
177.6824109162896,0
177.78240101809962,0
177.88239111990953,0
177.98238122171944,0
178.08237132352946,0
178.18236142533937,0
178.28235152714939,0
178.3823416289593,0
178.4823317307692,0
178.58232183257923,0
178.68231193438913,0
178.78230203619916,0
178.88229213800906,0
178.98228223981897,0
179.08227234162899,0
179.1822624434389,0
179.28225254524892,0
179.38224264705883,0
179.48223274886874,0
179.58222285067876,0
179.68221295248867,0
179.78220305429869,0
179.8821931561086,0
179.98218325791862,0
180.08217335972853,0
180.18216346153844,0
180.28215356334846,0
180.38214366515837,0
180.48213376696839,0
180.5821238687783,0
180.6821139705882,0
180.78210407239823,0
180.88209417420813,0
180.98208427601816,0
181.08207437782806,0
181.18206447963797,0
181.28205458144799,0
181.3820446832579,0
181.48203478506792,0
181.58202488687783,0
181.68201498868785,0
181.78200509049776,0
181.88199519230767,0
181.98198529411769,0
182.0819753959276,0
182.18196549773762,0
182.28195559954753,0
182.38194570135744,0
182.48193580316746,0
182.58192590497737,0
182.68191600678739,0
182.7819061085973,0
182.88189621040721,0
182.98188631221723,0
183.08187641402714,0
183.18186651583716,0
183.28185661764707,0
183.38184671945709,0
183.481836821267,0
183.5818269230769,0
183.68181702488693,0
183.78180712669683,0
183.88179722850685,0
183.98178733031676,0
184.08177743212667,0
184.18176753393669,0
184.2817576357466,0
184.38174773755662,0
184.48173783936653,0
184.58172794117644,0
184.68171804298646,0
184.78170814479637,0
184.88169824660639,0
184.9816883484163,0
185.08167845022621,0
185.18166855203623,0
185.28165865384614,0
185.38164875565616,0
185.48163885746607,0
185.58162895927609,0
185.681619061086,0
185.7816091628959,0
185.88159926470593,0
185.98158936651583,0
186.08157946832586,0
186.18156957013576,0
186.28155967194567,0
186.38154977375569,0
186.4815398755656,0
186.58152997737562,0
186.68152007918553,0
186.78151018099544,0
186.88150028280546,0
186.98149038461537,0
187.08148048642539,0
187.1814705882353,0
187.28146069004532,0
187.38145079185523,0
187.48144089366514,0
187.58143099547516,0
187.68142109728507,0
187.78141119909509,0
187.881401300905,0
187.98139140271491,0
188.08138150452493,0
188.18137160633484,0
188.28136170814486,0
188.38135180995477,0
188.48134191176467,0
188.58133201357469,0
188.6813221153846,0
188.78131221719462,0
188.88130231900453,0
188.98129242081444,0
189.08128252262446,0
189.18127262443437,0
189.28126272624439,0
189.3812528280543,0
189.48124292986432,0
189.58123303167423,0
189.68122313348414,0
189.78121323529416,0
189.88120333710407,0
189.98119343891409,0
190.081183540724,0
190.18117364253391,0
190.28116374434393,0
190.38115384615384,0
190.48114394796386,0
190.58113404977377,0
190.68112415158367,0
190.7811142533937,0
190.8811043552036,0
190.98109445701363,0
191.08108455882353,0
191.18107466063356,0
191.28106476244346,0
191.38105486425337,0
191.48104496606339,0
191.5810350678733,0
191.68102516968332,0
191.78101527149323,0
191.88100537330314,0
191.98099547511316,0
192.08098557692307,0
192.18097567873309,0
192.280965780543,0
192.38095588235291,0
192.48094598416293,0
192.58093608597284,0
192.68092618778286,0
192.78091628959277,0
192.88090639140279,0
192.9808964932127,0
193.0808865950226,0
193.18087669683263,0
193.28086679864253,0
193.38085690045256,0
193.48084700226246,0
193.58083710407237,0
193.68082720588239,0
193.7808173076923,0
193.88080740950232,0
193.98079751131223,0
194.08078761312214,0
194.18077771493216,0
194.28076781674207,0
194.38075791855209,0
194.480748020362,0
194.58073812217191,0
194.68072822398193,0
194.78071832579184,0
194.88070842760186,0
194.98069852941177,0
195.08068863122179,0
195.1806787330317,0
195.28066883484161,0
195.38065893665163,0
195.48064903846154,0
195.58063914027156,0
195.68062924208147,0
195.78061934389137,0
195.8806094457014,0
195.9805995475113,0
196.08058964932133,0
196.18057975113123,0
196.28056985294114,0
196.38055995475116,0
196.48055005656107,0
196.58054015837109,0
196.680530260181,0
196.78052036199102,0
196.88051046380093,0
196.98050056561084,0
197.08049066742086,0
197.18048076923077,0
197.28047087104079,0
197.3804609728507,0
197.48045107466061,0
197.58044117647063,0
197.68043127828054,0
197.78042138009056,0
197.88041148190047,0
197.98040158371037,0
198.0803916855204,0
198.1803817873303,0
198.28037188914033,0
198.38036199095023,0
198.48035209276014,0
198.58034219457016,0
198.68033229638007,0
198.78032239819009,0
198.8803125,0
198.98030260181002,0
199.08029270361993,0
199.18028280542984,0
199.28027290723986,0
199.38026300904977,0
199.48025311085979,0
199.5802432126697,0
199.68023331447961,0
199.78022341628963,0
199.88021351809954,0
199.98020361990956,0
200.08019372171947,0
200.18018382352938,0
200.2801739253394,0
200.38016402714931,0
200.48015412895933,0
200.58014423076924,0
200.68013433257926,0
200.78012443438917,0
200.88011453619907,0
200.9801046380091,0
201.080094739819,0
201.18008484162903,0
201.28007494343893,0
201.38006504524884,0
201.48005514705886,0
201.58004524886877,0
201.68003535067879,0
201.7800254524887,0
201.88001555429861,0
201.98000565610863,0
202.07999575791854,0
202.17998585972856,0
202.27997596153847,0
202.37996606334849,0
202.4799561651584,0
202.57994626696831,0
202.67993636877833,0
202.77992647058824,0
202.87991657239826,0
202.97990667420817,0
203.07989677601807,0
203.1798868778281,0
203.279876979638,0
203.37986708144803,0
203.47985718325793,0
203.57984728506784,0
203.67983738687786,0
203.77982748868777,0
203.87981759049779,0
203.9798076923077,0
204.07979779411761,0
204.17978789592763,0
204.27977799773754,0
204.37976809954756,0
204.47975820135747,0
204.57974830316749,0
204.6797384049774,0
204.77972850678731,0
204.87971860859733,0
204.97970871040724,0
205.07969881221726,0
205.17968891402717,0
205.27967901583708,0
205.3796691176471,0
205.47965921945701,0
205.57964932126703,0
205.67963942307694,0
205.77962952488684,0
205.87961962669686,0
205.97960972850677,0
206.07959983031679,0
206.1795899321267,0
206.27958003393672,0
206.37957013574663,0
206.47956023755654,0
206.57955033936656,0
206.67954044117647,0
206.77953054298649,0
206.8795206447964,0
206.97951074660631,0
207.07950084841633,0
207.17949095022624,0
207.27948105203626,0
207.37947115384617,0
207.47946125565608,0
207.5794513574661,0
207.67944145927601,0
207.77943156108603,0
207.87942166289594,0
207.97941176470584,0
208.07940186651587,0
208.17939196832577,0
208.2793820701358,0
208.3793721719457,0
208.47936227375573,0
208.57935237556563,0
208.67934247737554,0
208.77933257918556,0
208.87932268099547,0
208.97931278280549,0
209.0793028846154,0
209.17929298642531,0
209.27928308823533,0
209.37927319004524,0
209.47926329185526,0
209.57925339366517,0
209.67924349547508,0
209.7792335972851,0
209.87922369909501,0
209.97921380090503,0
210.07920390271494,0
210.17919400452496,0
210.27918410633487,0
210.37917420814478,0
210.4791643099548,0
210.5791544117647,0
210.67914451357473,0
210.77913461538463,0
210.87912471719454,0
210.97911481900456,0
211.07910492081447,0
211.17909502262449,0
211.2790851244344,0
211.37907522624431,0
211.47906532805433,0
211.57905542986424,0
211.67904553167426,0
211.77903563348417,0
211.87902573529419,0
211.9790158371041,0
212.07900593891401,0
212.17899604072403,0
212.27898614253394,0
212.37897624434396,0
212.47896634615387,0
212.57895644796378,0
212.6789465497738,0
212.77893665158371,0
212.87892675339373,0
212.97891685520364,0
213.07890695701354,0
213.17889705882357,0
213.27888716063347,0
213.3788772624435,0
213.4788673642534,0
213.57885746606331,0
213.67884756787333,0
213.77883766968324,0
213.87882777149326,0
213.97881787330317,0
214.07880797511319,0
214.1787980769231,0
214.27878817873301,0
214.37877828054303,0
214.47876838235294,0
214.57875848416296,0
214.67874858597287,0
214.77873868778278,0
214.8787287895928,0
214.97871889140271,0
215.07870899321273,0
215.17869909502264,0
215.27868919683254,0
215.37867929864257,0
215.47866940045247,0
215.5786595022625,0
215.6786496040724,0
215.77863970588243,0
215.87862980769233,0
215.97861990950224,0
216.07861001131226,0
216.17860011312217,0
216.27859021493219,0
216.3785803167421,0
216.47857041855201,0
216.57856052036203,0
216.67855062217194,0
216.77854072398196,0
216.87853082579187,0
216.97852092760178,0
217.0785110294118,0
217.17850113122171,0
217.27849123303173,0
217.37848133484164,0
217.47847143665155,0
217.57846153846157,0
217.67845164027148,0
217.7784417420815,0
217.87843184389141,0
217.97842194570143,0
218.07841204751134,0
218.17840214932124,0
218.27839225113127,0
218.37838235294117,0
218.4783724547512,0
218.5783625565611,0
218.67835265837101,0
218.77834276018103,0
218.87833286199094,0
218.97832296380096,0
219.07831306561087,0
219.17830316742078,0
219.2782932692308,0
219.37828337104071,0
219.47827347285073,0
219.57826357466064,0
219.67825367647066,0
219.77824377828057,0
219.87823388009048,0
219.9782239819005,0
220.07821408371041,0
220.17820418552043,0
220.27819428733034,0
220.37818438914024,0
220.47817449095027,0
220.57816459276017,0
220.6781546945702,0
220.7781447963801,0
220.87813489819001,0
220.97812500000003,0
221.07811510180994,0
221.17810520361996,0
221.27809530542987,0
221.37808540723989,0
221.4780755090498,0
221.57806561085971,0
221.67805571266973,0
221.77804581447964,0
221.87803591628966,0
221.97802601809957,0
222.07801611990948,0
222.1780062217195,0
222.27799632352941,0
222.37798642533943,0
222.47797652714934,0
222.57796662895925,0
222.67795673076927,0
222.77794683257918,0
222.8779369343892,0
222.97792703619911,0
223.07791713800901,0
223.17790723981904,0
223.27789734162894,0
223.37788744343896,0
223.47787754524887,0
223.57786764705889,0
223.6778577488688,0
223.77784785067871,0
223.87783795248873,0
223.97782805429864,0
224.07781815610866,0
224.17780825791857,0
224.27779835972848,0
224.3777884615385,0
224.47777856334841,0
224.57776866515843,0
224.67775876696834,0
224.77774886877825,0
224.87773897058827,0
224.97772907239818,0
225.0777191742082,0
225.17770927601811,0
225.27769937782813,0
225.37768947963804,0
225.47767958144794,0
225.57766968325797,0
225.67765978506787,0
225.7776498868779,0
225.8776399886878,0
225.97763009049771,0
226.07762019230773,0
226.17761029411764,0
226.27760039592766,0
226.37759049773757,0
226.47758059954748,0
226.5775707013575,0
226.67756080316741,0
226.77755090497743,0
226.87754100678734,0
226.97753110859725,0
227.07752121040727,0
227.17751131221718,0
227.2775014140272,0
227.37749151583711,0
227.47748161764713,0
227.57747171945704,0
227.67746182126695,0
227.77745192307697,0
227.87744202488688,0
227.9774321266969,0
228.0774222285068,0
228.17741233031671,0
228.27740243212673,0
228.37739253393664,0
228.47738263574666,0
228.57737273755657,0
228.67736283936648,0
228.7773529411765,0
228.87734304298641,0
228.97733314479643,0
229.07732324660634,0
229.17731334841636,0
229.27730345022627,0
229.37729355203618,0
229.4772836538462,0
229.57727375565611,0
229.67726385746613,0
229.77725395927604,0
229.87724406108595,0
229.97723416289597,0
230.07722426470588,0
230.1772143665159,0
230.27720446832581,0
230.37719457013571,0
230.47718467194574,0
230.57717477375564,0
230.67716487556567,0
230.77715497737557,0
230.8771450791856,0
230.9771351809955,0
231.07712528280541,0
231.17711538461543,0
231.27710548642534,0
231.37709558823536,0
231.47708569004527,0
231.57707579185518,0
231.6770658936652,0
231.77705599547511,0
231.87704609728513,0
231.97703619909504,0
232.07702630090495,0
232.17701640271497,0
232.27700650452488,0
232.3769966063349,0
232.47698670814481,0
232.57697680995472,0
232.67696691176474,0
232.77695701357464,0
232.87694711538467,0
232.97693721719457,0
233.0769273190046,0
233.1769174208145,0
233.27690752262441,0
233.37689762443443,0
233.47688772624434,0
233.57687782805436,0
233.67686792986427,0
233.77685803167418,0
233.8768481334842,0
233.97683823529411,0
234.07682833710413,0
234.17681843891404,0
234.27680854072395,0
234.37679864253397,0
234.47678874434388,0
234.5767788461539,0
234.67676894796381,0
234.77675904977383,0
234.87674915158374,0
234.97673925339365,0
235.07672935520367,0
235.17671945701358,0
235.2767095588236,0
235.37669966063351,0
235.47668976244341,0
235.57667986425344,0
235.67666996606334,0
235.77666006787337,0
235.87665016968327,0
235.97664027149318,0
236.0766303733032,0
236.17662047511311,0
236.27661057692313,0
236.37660067873304,0
236.47659078054295,0
236.57658088235297,0
236.67657098416288,0
236.7765610859729,0
236.87655118778281,0
236.97654128959283,0
237.07653139140274,0
237.17652149321265,0
237.27651159502267,0
237.37650169683258,0
237.4764917986426,0
237.57648190045251,0
237.67647200226241,0
237.77646210407244,0
237.87645220588234,0
237.97644230769237,0
238.07643240950227,0
238.17642251131218,0
238.2764126131222,0
238.37640271493211,0
238.47639281674213,0
238.57638291855204,0
238.67637302036206,0
238.77636312217197,0
238.87635322398188,0
238.9763433257919,0
239.07633342760181,0
239.17632352941183,0
239.27631363122174,0
239.37630373303165,0
239.47629383484167,0
239.57628393665158,0
239.6762740384616,0
239.77626414027151,0
239.87625424208142,0
239.97624434389144,0
240.07623444570135,0
240.17622454751137,0
240.27621464932128,0
240.3762047511313,0
240.47619485294121,0
240.57618495475111,0
240.67617505656114,0
240.77616515837104,0
240.87615526018106,0
240.97614536199097,0
241.07613546380088,0
241.1761255656109,0
241.27611566742081,0
241.37610576923083,0
241.47609587104074,0
241.57608597285065,0
241.67607607466067,0
241.77606617647058,0
241.8760562782806,0
241.97604638009051,0
242.07603648190042,0
242.17602658371044,0
242.27601668552035,0
242.37600678733037,0
242.47599688914028,0
242.5759869909503,0
242.67597709276021,0
242.77596719457011,0
242.87595729638014,0
242.97594739819004,0
243.07593750000007,0
243.17592760180997,0
243.27591770361988,0
243.3759078054299,0
243.47589790723981,0
243.57588800904983,0
243.67587811085974,0
243.77586821266965,0
243.87585831447967,0
243.97584841628958,0
244.0758385180996,0
244.17582861990951,0
244.27581872171953,0
244.37580882352944,0
244.47579892533935,0
244.57578902714937,0
244.67577912895928,0
244.7757692307693,0
244.87575933257921,0
244.97574943438912,0
245.07573953619914,0
245.17572963800905,0
245.27571973981907,0
245.37570984162898,0
245.47569994343888,0
245.5756900452489,0
245.67568014705881,0
245.77567024886883,0
245.87566035067874,0
245.97565045248865,0
246.07564055429867,0
246.17563065610858,0
246.2756207579186,0
246.37561085972851,0
246.47560096153853,0
246.57559106334844,0
246.67558116515835,0
246.77557126696837,0
246.87556136877828,0
246.9755514705883,0
247.07554157239821,0
247.17553167420812,0
247.27552177601814,0
247.37551187782805,0
247.47550197963807,0
247.57549208144798,0
247.67548218325788,0
247.77547228506791,0
247.87546238687781,0
247.97545248868784,0
248.07544259049774,0
248.17543269230777,0
248.27542279411767,0
248.37541289592758,0
248.4754029977376,0
248.57539309954751,0
248.67538320135753,0
248.77537330316744,0
248.87536340497735,0
248.97535350678737,0
249.07534360859728,0
249.1753337104073,0
249.27532381221721,0
249.37531391402712,0
249.47530401583714,0
249.57529411764705,0
249.67528421945707,0
249.77527432126698,0
249.875264423077,0
249.97525452488691,0
250.07524462669681,0
250.17523472850684,0
250.27522483031674,0
250.37521493212677,0
250.47520503393667,0
250.57519513574658,0
250.6751852375566,0
250.77517533936651,0
250.87516544117653,0
250.97515554298644,0
251.07514564479635,0
251.17513574660637,0
251.27512584841628,0
251.3751159502263,0
251.47510605203621,0
251.57509615384612,0
251.67508625565614,0
251.77507635746605,0
251.87506645927607,0
251.97505656108598,0
252.075046662896,0
252.17503676470591,0
252.27502686651582,0
252.37501696832584,0
252.47500707013575,0
252.57499717194577,0
252.67498727375568,0
252.77497737556558,0
252.87496747737561,0
252.97495757918551,0
253.07494768099554,0
253.17493778280544,0
253.27492788461535,0
253.37491798642537,0
253.47490808823528,0
253.5748981900453,0
253.67488829185521,0
253.77487839366523,0
253.87486849547514,0
253.97485859728505,0
254.07484869909507,0
254.17483880090498,0
254.274828902715,0
254.37481900452491,0
254.47480910633482,0
254.57479920814484,0
254.67478930995475,0
254.77477941176477,0
254.87476951357468,0
254.97475961538458,0
255.07474971719461,0
255.17473981900451,0
255.27472992081454,0
255.37472002262444,0
255.47471012443435,0
255.57470022624437,0
255.67469032805428,0
255.7746804298643,0
255.87467053167421,0
255.97466063348423,0
256.07465073529414,0
256.17464083710405,0
256.27463093891407,0
256.37462104072398,0
256.474611142534,0
256.57460124434391,0
256.67459134615382,0
256.77458144796384,0
256.87457154977375,0
256.97456165158377,0
257.07455175339368,0
257.17454185520359,0
257.27453195701361,0
257.37452205882352,0
257.47451216063354,0
257.57450226244345,0
257.67449236425347,0
257.77448246606338,0
257.87447256787328,0
257.97446266968331,0
258.07445277149321,0
258.17444287330324,0
258.27443297511314,0
258.37442307692305,0
258.47441317873307,0
258.57440328054298,0
258.674393382353,0
258.77438348416291,0
258.87437358597282,0
258.97436368778284,0
259.07435378959275,0
259.17434389140277,0
259.27433399321268,0
259.3743240950227,0
259.47431419683261,0
259.57430429864252,0
259.67429440045254,0
259.77428450226245,0
259.87427460407247,0
259.97426470588238,0
260.07425480769228,0
260.17424490950231,0
260.27423501131221,0
260.37422511312224,0
260.47421521493214,0
260.57420531674205,0
260.67419541855207,0
260.77418552036198,0
260.874175622172,0
260.97416572398191,0
261.07415582579182,0
261.17414592760184,0
261.27413602941175,0
261.37412613122177,0
261.47411623303168,0
261.5741063348417,0
261.67409643665161,0
261.77408653846152,0
261.87407664027154,0
261.97406674208145,0
262.07405684389147,0
262.17404694570138,0
262.27403704751129,0
262.37402714932131,0
262.47401725113122,0
262.57400735294124,0
262.67399745475115,0
262.77398755656105,0
262.87397765837107,0
262.97396776018098,0
263.073957861991,0
263.17394796380091,0
263.27393806561093,0
263.37392816742084,0
263.47391826923075,0
263.57390837104077,0
263.67389847285068,0
263.7738885746607,0
263.87387867647061,0
263.97386877828052,0
264.07385888009054,0
264.17384898190045,0
264.27383908371047,0
264.37382918552038,0
264.47381928733029,0
264.57380938914031,0
264.67379949095022,0
264.77378959276024,0
264.87377969457015,0
264.97376979638005,0
265.07375989819008,0
265.17374999999998,0
265.27374010181001,0
265.37373020361991,0
265.47372030542994,0
265.57371040723984,0
265.67370050904975,0
265.77369061085977,0
265.87368071266968,0
265.9736708144797,0
266.07366091628961,0
266.17365101809952,0
266.27364111990954,0
266.37363122171945,0
266.47362132352947,0
266.57361142533938,0
266.67360152714929,0
266.77359162895931,0
266.87358173076922,0
266.97357183257924,0
267.07356193438915,0
267.17355203619917,0
267.27354213800908,0
267.37353223981899,0
267.47352234162901,0
267.57351244343891,0
267.67350254524894,0
267.77349264705884,0
267.87348274886875,0
267.97347285067877,0
268.07346295248868,0
268.1734530542987,0
268.27344315610861,0
268.37343325791852,0
268.47342335972854,0
268.57341346153845,0
268.67340356334847,0
268.77339366515838,0
268.8733837669684,0
268.97337386877831,0
269.07336397058822,0
269.17335407239824,0
269.27334417420815,0
269.37333427601817,0
269.47332437782808,0
269.57331447963799,0
269.67330458144801,0
269.77329468325792,0
269.87328478506794,0
269.97327488687785,0
270.07326498868775,0
270.17325509049778,0
270.27324519230768,0
270.37323529411771,0
270.47322539592761,0
270.57321549773752,0
270.67320559954754,0
270.77319570135745,0
270.87318580316747,0
270.97317590497738,0
271.0731660067874,0
271.17315610859731,0
271.27314621040722,0
271.37313631221724,0
271.47312641402715,0
271.57311651583717,0
271.67310661764708,0
271.77309671945699,0
271.87308682126701,0
271.97307692307692,0
272.07306702488694,0
272.17305712669685,0
272.27304722850675,0
272.37303733031678,0
272.47302743212668,0
272.57301753393671,0
272.67300763574661,0
272.77299773755664,0
272.87298783936654,0
272.97297794117645,0
273.07296804298647,0
273.17295814479638,0
273.2729482466064,0
273.37293834841631,0
273.47292845022622,0
273.57291855203624,0
273.67290865384615,0
273.77289875565617,0
273.87288885746608,0
273.97287895927599,0
274.07286906108601,0
274.17285916289592,0
274.27284926470594,0
274.37283936651585,0
274.47282946832576,0
274.57281957013578,0
274.67280967194569,0
274.77279977375571,0
274.87278987556562,0
274.97277997737564,0
275.07277007918555,0
275.17276018099545,0
275.27275028280548,0
275.37274038461538,0
275.47273048642541,0
275.57272058823531,0
275.67271069004522,0
275.77270079185524,0
275.87269089366515,0
275.97268099547517,0
276.07267109728508,0
276.17266119909499,0
276.27265130090501,0
276.37264140271492,0
276.47263150452494,0
276.57262160633485,0
276.67261170814487,0
276.77260180995478,0
276.87259191176469,0
276.97258201357471,0
277.07257211538462,0
277.17256221719464,0
277.27255231900455,0
277.37254242081445,0
277.47253252262448,0
277.57252262443438,0
277.67251272624441,0
277.77250282805431,0
277.87249292986422,0
277.97248303167424,0
278.07247313348415,0
278.17246323529417,0
278.27245333710408,0
278.3724434389141,0
278.47243354072401,0
278.57242364253392,0
278.67241374434394,0
278.77240384615385,0
278.87239394796387,0
278.97238404977378,0
279.07237415158369,0
279.17236425339371,0
279.27235435520362,0
279.37234445701364,0
279.47233455882355,0
279.57232466063346,0
279.67231476244348,0
279.77230486425339,0
279.87229496606341,0
279.97228506787332,0
280.07227516968322,0
280.17226527149325,0
280.27225537330315,0
280.37224547511317,0
280.47223557692308,0
280.5722256787331,0
280.67221578054301,0
280.77220588235292,0
280.87219598416294,0
280.97218608597285,0
281.07217618778287,0
281.17216628959278,0
281.27215639140269,0
281.37214649321271,0
281.47213659502262,0
281.57212669683264,0
281.67211679864255,0
281.77210690045246,0
281.87209700226248,0
281.97208710407239,0
282.07207720588241,0
282.17206730769232,0
282.27205740950234,0
282.37204751131225,0
282.47203761312215,0
282.57202771493218,0
282.67201781674208,0
282.77200791855211,0
282.87199802036201,0
282.97198812217192,0
283.07197822398194,0
283.17196832579185,0
283.27195842760187,0
283.37194852941178,0
283.47193863122169,0
283.57192873303171,0
283.67191883484162,0
283.77190893665164,0
283.87189903846155,0
283.97188914027146,0
284.07187924208148,0
284.17186934389139,0
284.27185944570141,0
284.37184954751132,0
284.47183964932134,0
284.57182975113125,0
284.67181985294116,0
284.77180995475118,0
284.87180005656109,0
284.97179015837111,0
285.07178026018101,0
285.17177036199092,0
285.27176046380094,0
285.37175056561085,0
285.47174066742087,0
285.57173076923078,0
285.67172087104069,0
285.77171097285071,0
285.87170107466062,0
285.97169117647064,0
286.07168127828055,0
286.17167138009057,0
286.27166148190048,0
286.37165158371039,0
286.47164168552041,0
286.57163178733032,0
286.67162188914034,0
286.77161199095025,0
286.87160209276016,0
286.97159219457018,0
287.07158229638009,0
287.17157239819011,0
287.27156250000002,0
287.37155260180992,0
287.47154270361995,0
287.57153280542985,0
287.67152290723988,0
287.77151300904978,0
287.87150311085981,0
287.97149321266971,0
288.07148331447962,0
288.17147341628964,0
288.27146351809955,0
288.37145361990957,0
288.47144372171948,0
288.57143382352939,0
288.67142392533941,0
288.77141402714932,0
288.87140412895934,0
288.97139423076925,0
289.07138433257916,0
289.17137443438918,0
289.27136453619909,0
289.37135463800911,0
289.47134473981902,0
289.57133484162893,0
289.67132494343895,0
289.77131504524885,0
289.87130514705888,0
289.97129524886878,0
290.07128535067881,0
290.17127545248871,0
290.27126555429862,0
290.37125565610864,0
290.47124575791855,0
290.57123585972857,0
290.67122596153848,0
290.77121606334839,0
290.87120616515841,0
290.97119626696832,0
291.07118636877834,0
291.17117647058825,0
291.27116657239816,0
291.37115667420818,0
291.47114677601809,0
291.57113687782811,0
291.67112697963802,0
291.77111708144804,0
291.87110718325795,0
291.97109728506786,0
292.07108738687788,0
292.17107748868779,0
292.27106759049781,0
292.37105769230772,0
292.47104779411762,0
292.57103789592765,0
292.67102799773755,0
292.77101809954758,0
292.87100820135748,0
292.97099830316739,0
293.07098840497741,0
293.17097850678732,0
293.27096860859734,0
293.37095871040725,0
293.47094881221716,0
293.57093891402718,0
293.67092901583709,0
293.77091911764711,0
293.87090921945702,0
293.97089932126704,0
294.07088942307695,0
294.17087952488686,0
294.27086962669688,0
294.37085972850679,0
294.47084983031681,0
294.57083993212672,0
294.67083003393662,0
294.77082013574665,0
294.87081023755655,0
294.97080033936658,0
295.07079044117648,0
295.17078054298639,0
295.27077064479641,0
295.37076074660632,0
295.47075084841634,0
295.57074095022625,0
295.67073105203627,0
295.77072115384618,0
295.87071125565609,0
295.97070135746611,0
296.07069145927602,0
296.17068156108604,0
296.27067166289595,0
296.37066176470586,0
296.47065186651588,0
296.57064196832579,0
296.67063207013581,0
296.77062217194572,0
296.87061227375563,0
296.97060237556565,0
297.07059247737556,0
297.17058257918558,0
297.27057268099549,0
297.37056278280551,0
297.47055288461542,0
297.57054298642532,0
297.67053308823535,0
297.77052319004525,0
297.87051329185527,0
297.97050339366518,0
298.07049349547509,0
298.17048359728511,0
298.27047369909502,0
298.37046380090504,0
298.47045390271495,0
298.57044400452486,0
298.67043410633488,0
298.77042420814479,0
298.87041430995481,0
298.97040441176472,0
299.07039451357463,0
299.17038461538465,0
299.27037471719456,0
299.37036481900458,0
299.47035492081449,0
299.57034502262451,0
299.67033512443442,0
299.77032522624432,0
299.87031532805435,0
299.97030542986425,0
300.07029553167428,0
300.17028563348418,0
300.27027573529409,0
300.37026583710411,0
300.47025593891402,0
300.57024604072404,0
300.67023614253395,0
300.77022624434386,0
300.87021634615388,0
300.97020644796379,0
301.07019654977381,0
301.17018665158372,0
301.27017675339374,0
301.37016685520365,0
301.47015695701356,0
301.57014705882358,0
301.67013716063349,0
301.77012726244351,0
301.87011736425342,0
301.97010746606333,0
302.07009756787335,0
302.17008766968326,0
302.27007777149328,0
302.37006787330319,0
302.47005797511309,0
302.57004807692311,0
302.67003817873302,0
302.77002828054304,0
302.87001838235295,0
302.97000848416286,0
303.06999858597288,0
303.16998868778279,0
303.26997878959281,0
303.36996889140272,0
303.46995899321274,0
303.56994909502265,0
303.66993919683256,0
303.76992929864258,0
303.86991940045249,0
303.96990950226251,0
304.06989960407242,0
304.16988970588233,0
304.26987980769235,0
304.36986990950226,0
304.46986001131228,0
304.56985011312219,0
304.66984021493209,0
304.76983031674212,0
304.86982041855202,0
304.96981052036205,0
305.06980062217195,0
305.16979072398198,0
305.26978082579188,0
305.36977092760179,0
305.46976102941181,0
305.56975113122172,0
305.66974123303174,0
305.76973133484165,0
305.86972143665156,0
305.96971153846158,0
306.06970164027149,0
306.16969174208151,0
306.26968184389142,0
306.36967194570133,0
306.46966204751135,0
306.56965214932126,0
306.66964225113128,0
306.76963235294119,0
306.86962245475121,0
306.96961255656112,0
307.06960265837102,0
307.16959276018105,0
307.26958286199095,0
307.36957296380098,0
307.46956306561088,0
307.56955316742079,0
307.66954326923081,0
307.76953337104072,0
307.86952347285074,0
307.96951357466065,0
308.06950367647056,0
308.16949377828058,0
308.26948388009049,0
308.36947398190051,0
308.46946408371042,0
308.56945418552033,0
308.66944428733035,0
308.76943438914026,0
308.86942449095028,0
308.96941459276019,0
309.06940469457021,0
309.16939479638012,0
309.26938489819003,0
309.36937500000005,0
309.46936510180996,0
309.56935520361998,0
309.66934530542989,0
309.76933540723979,0
309.86932550904982,0
309.96931561085972,0
310.06930571266975,0
310.16929581447965,0
310.26928591628956,0
310.36927601809958,0
310.46926611990949,0
310.56925622171951,0
310.66924632352942,0
310.76923642533944,0
310.86922652714935,0
310.96921662895926,0
311.06920673076928,0
311.16919683257919,0
311.26918693438921,0
311.36917703619912,0
311.46916713800903,0
311.56915723981905,0
311.66914734162896,0
311.76913744343898,0
311.86912754524889,0
311.96911764705879,0
312.06910774886882,0
312.16909785067872,0
312.26908795248875,0
312.36907805429865,0
312.46906815610856,0
312.56905825791858,0
312.66904835972849,0
312.76903846153851,0
312.86902856334842,0
312.96901866515844,0
313.06900876696835,0
313.16899886877826,0
313.26898897058828,0
313.36897907239819,0
313.46896917420821,0
313.56895927601812,0
313.66894937782803,0
313.76893947963805,0
313.86892958144796,0
313.96891968325798,0
314.06890978506789,0
314.1688998868778,0
314.26888998868782,0
314.36888009049773,0
314.46887019230775,0
314.56886029411766,0
314.66885039592768,0
314.76884049773759,0
314.86883059954749,0
314.96882070135752,0
315.06881080316742,0
315.16880090497745,0
315.26879100678735,0
315.36878110859726,0
315.46877121040728,0
315.56876131221719,0
315.66875141402721,0
315.76874151583712,0
315.86873161764703,0
315.96872171945705,0
316.06871182126696,0
316.16870192307698,0
316.26869202488689,0
316.36868212669691,0
316.46867222850682,0
316.56866233031673,0
316.66865243212675,0
316.76864253393666,0
316.86863263574668,0
316.96862273755659,0
317.06861283936649,0
317.16860294117652,0
317.26859304298642,0
317.36858314479645,0
317.46857324660635,0
317.56856334841626,0
317.66855345022628,0
317.76854355203619,0
317.86853365384621,0
317.96852375565612,0
318.06851385746603,0
318.16850395927605,0
318.26849406108596,0
318.36848416289598,0
318.46847426470589,0
318.56846436651591,0
318.66845446832582,0
318.76844457013573,0
318.86843467194575,0
318.96842477375566,0
319.06841487556568,0
319.16840497737559,0
319.2683950791855,0
319.36838518099552,0
319.46837528280543,0
319.56836538461545,0
319.66835548642536,0
319.76834558823526,0
319.86833569004528,0
319.96832579185519,0
320.06831589366521,0
320.16830599547512,0
320.26829609728514,0
320.36828619909505,0
320.46827630090496,0
320.56826640271498,0
320.66825650452489,0
320.76824660633491,0
320.86823670814482,0
320.96822680995473,0
321.06821691176475,0
321.16820701357466,0
321.26819711538468,0
321.36818721719459,0
321.4681773190045,0
321.56816742081452,0
321.66815752262443,0
321.76814762443445,0
321.86813772624436,0
321.96812782805426,0
322.06811792986429,0
322.16810803167419,0
322.26809813348422,0
322.36808823529412,0
322.46807833710415,0
322.56806843891405,0
322.66805854072396,0
322.76804864253398,0
322.86803874434389,0
322.96802884615391,0
323.06801894796382,0
323.16800904977373,0
323.26799915158375,0
323.36798925339366,0
323.46797935520368,0
323.56796945701359,0
323.6679595588235,0
323.76794966063352,0
323.86793976244343,0
323.96792986425345,0
324.06791996606336,0
324.16791006787338,0
324.26790016968329,0
324.3678902714932,0
324.46788037330322,0
324.56787047511312,0
324.66786057692315,0
324.76785067873305,0
324.86784078054296,0
324.96783088235298,0
325.06782098416289,0
325.16781108597291,0
325.26780118778282,0
325.36779128959273,0
325.46778139140275,0
325.56777149321266,0
325.66776159502268,0
325.76775169683259,0
325.86774179864261,0
325.96773190045252,0
326.06772200226243,0
326.16771210407245,0
326.26770220588236,0
326.36769230769238,0
326.46768240950229,0
326.5676725113122,0
326.66766261312222,0
326.76765271493213,0
326.86764281674215,0
326.96763291855206,0
327.06762302036196,0
327.16761312217199,0
327.26760322398189,0
327.36759332579192,0
327.46758342760182,0
327.56757352941173,0
327.66756363122175,0
327.76755373303166,0
327.86754383484168,0
327.96753393665159,0
328.06752403846161,0
328.16751414027152,0
328.26750424208143,0
328.36749434389145,0
328.46748444570136,0
328.56747454751138,0
328.66746464932129,0
328.7674547511312,0
328.86744485294122,0
328.96743495475113,0
329.06742505656115,0
329.16741515837106,0
329.26740526018096,0
329.36739536199099,0
329.46738546380089,0
329.56737556561092,0
329.66736566742082,0
329.76735576923085,0
329.86734587104075,0
329.96733597285066,0
330.06732607466068,0
330.16731617647059,0
330.26730627828061,0
330.36729638009052,0
330.46728648190043,0
330.56727658371045,0
330.66726668552036,0
330.76725678733038,0
330.86724688914029,0
330.9672369909502,0
331.06722709276022,0
331.16721719457013,0
331.26720729638015,0
331.36719739819006,0
331.46718749999997,0
331.56717760180999,0
331.6671677036199,0
331.76715780542992,0
331.86714790723983,0
331.96713800904985,0
332.06712811085976,0
332.16711821266966,0
332.26710831447969,0
332.36709841628959,0
332.46708851809962,0
332.56707861990952,0
332.66706872171943,0
332.76705882352945,0
332.86704892533936,0
332.96703902714938,0
333.06702912895929,0
333.1670192307692,0
333.26700933257922,0
333.36699943438913,0
333.46698953619915,0
333.56697963800906,0
333.66696973981908,0
333.76695984162899,0
333.8669499434389,0
333.96694004524892,0
334.06693014705883,0
334.16692024886885,0
334.26691035067876,0
334.36690045248866,0
334.46689055429869,0
334.56688065610859,0
334.66687075791862,0
334.76686085972852,0
334.86685096153843,0
334.96684106334845,0
335.06683116515836,0
335.16682126696838,0
335.26681136877829,0
335.3668014705882,0
335.46679157239822,0
335.56678167420813,0
335.66677177601815,0
335.76676187782806,0
335.86675197963808,0
335.96674208144799,0
336.0667321832579,0
336.16672228506792,0
336.26671238687783,0
336.36670248868785,0
336.46669259049776,0
336.56668269230767,0
336.66667279411769,0
336.7666628959276,0
336.86665299773762,0
336.96664309954753,0
337.06663320135743,0
337.16662330316746,0
337.26661340497736,0
337.36660350678738,0
337.46659360859729,0
337.56658371040731,0
337.66657381221722,0
337.76656391402713,0
337.86655401583715,0
337.96654411764706,0
338.06653421945708,0
338.16652432126699,0
338.2665144230769,0
338.36650452488692,0
338.46649462669683,0
338.56648472850685,0
338.66647483031676,0
338.76646493212667,0
338.86645503393669,0
338.9664451357466,0
339.06643523755662,0
339.16642533936653,0
339.26641544117655,0
339.36640554298646,0
339.46639564479636,0
339.56638574660639,0
339.66637584841629,0
339.76636595022632,0
339.86635605203622,0
339.96634615384613,0
340.06633625565615,0
340.16632635746606,0
340.26631645927608,0
340.36630656108599,0
340.4662966628959,0
340.56628676470592,0
340.66627686651583,0
340.76626696832585,0
340.86625707013576,0
340.96624717194567,0
341.06623727375569,0
341.1662273755656,0
341.26621747737562,0
341.36620757918553,0
341.46619768099555,0
341.56618778280546,0
341.66617788461537,0
341.76616798642539,0
341.8661580882353,0
341.96614819004532,0
342.06613829185522,0
342.16612839366513,0
342.26611849547515,0
342.36610859728506,0
342.46609869909508,0
342.56608880090499,0
342.6660789027149,0
342.76606900452492,0
342.86605910633483,0
342.96604920814485,0
343.06603930995476,0
343.16602941176478,0
343.26601951357469,0
343.3660096153846,0
343.46599971719462,0
343.56598981900453,0
343.66597992081455,0
343.76597002262446,0
343.86596012443437,0
343.96595022624439,0
344.0659403280543,0
344.16593042986432,0
344.26592053167423,0
344.36591063348413,0
344.46590073529416,0
344.56589083710406,0
344.66588093891409,0
344.76587104072399,0
344.8658611425339,0
344.96585124434392,0
345.06584134615383,0
345.16583144796385,0
345.26582154977376,0
345.36581165158378,0
345.46580175339369,0
345.5657918552036,0
345.66578195701362,0
345.76577205882353,0
345.86576216063355,0
345.96575226244346,0
346.06574236425337,0
346.16573246606339,0
346.2657225678733,0
346.36571266968332,0
346.46570277149323,0
346.56569287330314,0
346.66568297511316,0
346.76567307692306,0
346.86566317873309,0
346.96565328054299,0
347.06564338235302,0
347.16563348416292,0
347.26562358597283,0
347.36561368778285,0
347.46560378959276,0
347.56559389140278,0
347.66558399321269,0
347.7655740950226,0
347.86556419683262,0
347.96555429864253,0
348.06554440045255,0
348.16553450226246,0
348.26552460407237,0
348.36551470588239,0
348.4655048076923,0
348.56549490950232,0
348.66548501131223,0
348.76547511312225,0
348.86546521493216,0
348.96545531674207,0
349.06544541855209,0
349.165435520362,0
349.26542562217202,0
349.36541572398193,0
349.46540582579183,0
349.56539592760186,0
349.66538602941176,0
349.76537613122179,0
349.86536623303169,0
349.9653563348416,0
350.06534643665162,0
350.16533653846153,0
350.26532664027155,0
350.36531674208146,0
350.46530684389137,0
350.56529694570139,0
350.6652870475113,0
350.76527714932132,0
350.86526725113123,0
350.96525735294125,0
351.06524745475116,0
351.16523755656107,0
351.26522765837109,0
351.365217760181,0
351.46520786199102,0
351.56519796380093,0
351.66518806561083,0
351.76517816742086,0
351.86516826923076,0
351.96515837104079,0
352.06514847285069,0
352.1651385746606,0
352.26512867647062,0
352.36511877828053,0
352.46510888009055,0
352.56509898190046,0
352.66508908371048,0
352.76507918552039,0
352.8650692873303,0
352.96505938914032,0
353.06504949095023,0
353.16503959276025,0
353.26502969457016,0
353.36501979638007,0
353.46500989819009,0
353.565,0
