q_left,q_right,q_center,n_fw,n_fw_sem,n_fw_seed_7001,n_fw_seed_7002,n_fw_seed_7003,n_fw_seed_7004,n_fw_seed_7005
-48.561960865087542,-48.462039134912459,-48.512,0,0,0,0,0,0,0
-48.462039134912459,-48.36211740473739,-48.412078269824924,0,0,0,0,0,0,0
-48.36211740473739,-48.262195674562307,-48.312156539649848,0,0,0,0,0,0,0
-48.262195674562307,-48.162273944387231,-48.212234809474765,0,0,0,0,0,0,0
-48.162273944387231,-48.062352214212154,-48.112313079299696,0,0,0,0,0,0,0
-48.062352214212154,-47.962430484037071,-48.012391349124613,0,0,0,0,0,0,0
-47.962430484037071,-47.862508753862002,-47.912469618949537,0,0,0,0,0,0,0
-47.862508753862002,-47.762587023686919,-47.812547888774461,0,0,0,0,0,0,0
-47.762587023686919,-47.66266529351185,-47.712626158599384,0,0,0,0,0,0,0
-47.66266529351185,-47.562743563336767,-47.612704428424308,0,0,0,0,0,0,0
-47.562743563336767,-47.462821833161684,-47.512782698249225,0,0,0,0,0,0,0
-47.462821833161684,-47.362900102986615,-47.412860968074149,0,0,0,0,0,0,0
-47.362900102986615,-47.262978372811531,-47.312939237899073,0,0,0,0,0,0,0
-47.262978372811531,-47.163056642636462,-47.213017507723997,0,0,0,0,0,0,0
-47.163056642636462,-47.063134912461379,-47.113095777548921,0,0,0,0,0,0,0
-47.063134912461379,-46.963213182286303,-47.013174047373838,0,0,0,0,0,0,0
-46.963213182286303,-46.863291452111227,-46.913252317198769,0,0,0,0,0,0,0
-46.863291452111227,-46.763369721936144,-46.813330587023685,0,0,0,0,0,0,0
-46.763369721936144,-46.663447991761075,-46.713408856848609,0,0,0,0,0,0,0
-46.663447991761075,-46.563526261585992,-46.613487126673533,0,0,0,0,0,0,0
-46.563526261585992,-46.463604531410923,-46.513565396498457,0,0,0,0,0,0,0
-46.463604531410923,-46.363682801235839,-46.413643666323381,0,0,0,0,0,0,0
-46.363682801235839,-46.263761071060756,-46.313721936148298,0,0,0,0,0,0,0
-46.263761071060756,-46.163839340885687,-46.213800205973222,0,0,0,0,0,0,0
-46.163839340885687,-46.063917610710604,-46.113878475798145,0,0,0,0,0,0,0
-46.063917610710604,-45.963995880535535,-46.013956745623069,0,0,0,0,0,0,0
-45.963995880535535,-45.864074150360452,-45.914035015447993,0,0,0,0,0,0,0
-45.864074150360452,-45.764152420185383,-45.814113285272917,0,0,0,0,0,0,0
-45.764152420185383,-45.664230690010299,-45.714191555097841,0,0,0,0,0,0,0
-45.664230690010299,-45.564308959835216,-45.614269824922758,0,0,0,0,0,0,0
-45.564308959835216,-45.464387229660147,-45.514348094747682,0,0,0,0,0,0,0
-45.464387229660147,-45.364465499485064,-45.414426364572606,0,0,0,0,0,0,0
-45.364465499485064,-45.264543769309995,-45.31450463439753,0,0,0,0,0,0,0
-45.264543769309995,-45.164622039134912,-45.214582904222453,0,0,0,0,0,0,0
-45.164622039134912,-45.064700308959836,-45.11466117404737,0,0,0,0,0,0,0
-45.064700308959836,-44.96477857878476,-45.014739443872301,0,0,0,0,0,0,0
-44.96477857878476,-44.864856848609676,-44.914817713697218,0,0,0,0,0,0,0
-44.864856848609676,-44.764935118434607,-44.814895983522142,0,0,0,0,0,0,0
-44.764935118434607,-44.665013388259524,-44.714974253347066,0,0,0,0,0,0,0
-44.665013388259524,-44.565091658084455,-44.61505252317199,0,0,0,0,0,0,0
-44.565091658084455,-44.465169927909372,-44.515130792996914,0,0,0,0,0,0,0
-44.465169927909372,-44.365248197734289,-44.41520906282183,0,0,0,0,0,0,0
-44.365248197734289,-44.26532646755922,-44.315287332646754,0,0,0,0,0,0,0
-44.26532646755922,-44.165404737384137,-44.215365602471678,0,0,0,0,0,0,0
-44.165404737384137,-44.065483007209068,-44.115443872296602,0,0,0,0,0,0,0
-44.065483007209068,-43.965561277033984,-44.015522142121526,0,0,0,0,0,0,0
-43.965561277033984,-43.865639546858915,-43.91560041194645,0,0,0,0,0,0,0
-43.865639546858915,-43.765717816683832,-43.815678681771374,0,0,0,0,0,0,0
-43.765717816683832,-43.665796086508749,-43.71575695159629,0,0,0,0,0,0,0
-43.665796086508749,-43.56587435633368,-43.615835221421214,0,0,0,0,0,0,0
-43.56587435633368,-43.465952626158597,-43.515913491246138,0,0,0,0,0,0,0
-43.465952626158597,-43.366030895983528,-43.415991761071062,0,0,0,0,0,0,0
-43.366030895983528,-43.266109165808444,-43.316070030895986,0,0,0,0,0,0,0
-43.266109165808444,-43.166187435633361,-43.216148300720903,0,0,0,0,0,0,0
-43.166187435633361,-43.066265705458292,-43.116226570545827,0,0,0,0,0,0,0
-43.066265705458292,-42.966343975283209,-43.016304840370751,0,0,0,0,0,0,0
-42.966343975283209,-42.86642224510814,-42.916383110195675,0,0,0,0,0,0,0
-42.86642224510814,-42.766500514933057,-42.816461380020598,0,0,0,0,0,0,0
-42.766500514933057,-42.666578784757988,-42.716539649845522,0,0,0,0,0,0,0
-42.666578784757988,-42.566657054582905,-42.616617919670446,0,0,0,0,0,0,0
-42.566657054582905,-42.466735324407821,-42.516696189495363,0,0,0,0,0,0,0
-42.466735324407821,-42.366813594232752,-42.416774459320287,0,0,0,0,0,0,0
-42.366813594232752,-42.266891864057669,-42.316852729145211,0,0,0,0,0,0,0
-42.266891864057669,-42.1669701338826,-42.216930998970135,0,0,0,0,0,0,0
-42.1669701338826,-42.067048403707517,-42.117009268795059,0,0,0,0,0,0,0
-42.067048403707517,-41.967126673532441,-42.017087538619975,0,0,0,0,0,0,0
-41.967126673532441,-41.867204943357365,-41.917165808444906,0,0,0,0,0,0,0
-41.867204943357365,-41.767283213182282,-41.817244078269823,0,0,0,0,0,0,0
-41.767283213182282,-41.667361483007213,-41.717322348094747,0,0,0,0,0,0,0
-41.667361483007213,-41.567439752832129,-41.617400617919671,0,0,0,0,0,0,0
-41.567439752832129,-41.46751802265706,-41.517478887744595,0,0,0,0,0,0,0
-41.46751802265706,-41.367596292481977,-41.417557157569519,0,0,0,0,0,0,0
-41.367596292481977,-41.267674562306894,-41.317635427394436,0,0,0,0,0,0,0
-41.267674562306894,-41.167752832131825,-41.217713697219359,0,0,0,0,0,0,0
-41.167752832131825,-41.067831101956742,-41.117791967044283,0,0,0,0,0,0,0
-41.067831101956742,-40.967909371781673,-41.017870236869207,0,0,0,0,0,0,0
-40.967909371781673,-40.867987641606589,-40.917948506694131,0,0,0,0,0,0,0
-40.867987641606589,-40.76806591143152,-40.818026776519055,0,0,0,0,0,0,0
-40.76806591143152,-40.668144181256437,-40.718105046343979,0,0,0,0,0,0,0
-40.668144181256437,-40.568222451081354,-40.618183316168896,0,0,0,0,0,0,0
-40.568222451081354,-40.468300720906285,-40.51826158599382,0,0,0,0,0,0,0
-40.468300720906285,-40.368378990731202,-40.418339855818743,0,0,0,0,0,0,0
-40.368378990731202,-40.268457260556133,-40.318418125643667,0,0,0,0,0,0,0
-40.268457260556133,-40.16853553038105,-40.218496395468591,0,0,0,0,0,0,0
-40.16853553038105,-40.068613800205974,-40.118574665293508,0,0,0,0,0,0,0
-40.068613800205974,-39.968692070030897,-40.018652935118439,0,0,0,0,0,0,0
-39.968692070030897,-39.868770339855814,-39.918731204943356,0,0,0,0,0,0,0
-39.868770339855814,-39.768848609680745,-39.81880947476828,0,0,0,0,0,0,0
-39.768848609680745,-39.668926879505662,-39.718887744593204,0,0,0,0,0,0,0
-39.668926879505662,-39.569005149330593,-39.618966014418127,0,0,0,0,0,0,0
-39.569005149330593,-39.46908341915551,-39.519044284243051,0,0,0,0,0,0,0
-39.46908341915551,-39.369161688980427,-39.419122554067968,0,0,0,0,0,0,0
-39.369161688980427,-39.269239958805358,-39.319200823892892,0,0,0,0,0,0,0
-39.269239958805358,-39.169318228630274,-39.219279093717816,0,0,0,0,0,0,0
-39.169318228630274,-39.069396498455205,-39.11935736354274,0,0,0,0,0,0,0
-39.069396498455205,-38.969474768280122,-39.019435633367664,0,0,0,0,0,0,0
-38.969474768280122,-38.869553038105046,-38.919513903192581,0,0,0,0,0,0,0
-38.869553038105046,-38.76963130792997,-38.819592173017512,0,0,0,0,0,0,0
-38.76963130792997,-38.669709577754887,-38.719670442842428,0,0,0,0,0,0,0
-38.669709577754887,-38.569787847579818,-38.619748712667352,0,0,0,0,0,0,0
-38.569787847579818,-38.469866117404734,-38.519826982492276,0,0,0,0,0,0,0
-38.469866117404734,-38.369944387229665,-38.4199052523172,0,0,0,0,0,0,0
-38.369944387229665,-38.270022657054582,-38.319983522142124,0,0,0,0,0,0,0
-38.270022657054582,-38.170100926879499,-38.220061791967041,0,0,0,0,0,0,0
-38.170100926879499,-38.07017919670443,-38.120140061791965,0,0,0,0,0,0,0
-38.07017919670443,-37.970257466529347,-38.020218331616888,0,0,0,0,0,0,0
-37.970257466529347,-37.870335736354278,-37.920296601441812,0,0,0,0,0,0,0
-37.870335736354278,-37.770414006179195,-37.820374871266736,0,0,0,0,0,0,0
-37.770414006179195,-37.670492276004126,-37.72045314109166,0,0,0,0,0,0,0
-37.670492276004126,-37.570570545829042,-37.620531410916584,0,0,0,0,0,0,0
-37.570570545829042,-37.470648815653959,-37.520609680741501,0,0,0,0,0,0,0
-37.470648815653959,-37.37072708547889,-37.420687950566425,0,0,0,0,0,0,0
-37.37072708547889,-37.270805355303807,-37.320766220391349,0,0,0,0,0,0,0
-37.270805355303807,-37.170883625128738,-37.220844490216273,0,0,0,0,0,0,0
-37.170883625128738,-37.070961894953655,-37.120922760041196,0,0,0,0,0,0,0
-37.070961894953655,-36.971040164778579,-37.021001029866113,0,0,0,0,0,0,0
-36.971040164778579,-36.871118434603503,-36.921079299691044,0,0,0,0,0,0,0
-36.871118434603503,-36.771196704428419,-36.821157569515961,0,0,0,0,0,0,0
-36.771196704428419,-36.67127497425335,-36.721235839340885,0,0,0,0,0,0,0
-36.67127497425335,-36.571353244078267,-36.621314109165809,0,0,0,0,0,0,0
-36.571353244078267,-36.471431513903198,-36.521392378990733,0,0,0,0,0,0,0
-36.471431513903198,-36.371509783728115,-36.421470648815657,0,0,0,0,0,0,0
-36.371509783728115,-36.271588053553032,-36.321548918640573,0,0,0,0,0,0,0
-36.271588053553032,-36.171666323377963,-36.221627188465497,0,0,0,0,0,0,0
-36.171666323377963,-36.07174459320288,-36.121705458290421,0,0,0,0,0,0,0
-36.07174459320288,-35.971822863027811,-36.021783728115345,0,0,0,0,0,0,0
-35.971822863027811,-35.871901132852727,-35.921861997940269,0,0,0,0,0,0,0
-35.871901132852727,-35.771979402677658,-35.821940267765193,0,0,0,0,0,0,0
-35.771979402677658,-35.672057672502575,-35.722018537590117,0,0,0,0,0,0,0
-35.672057672502575,-35.572135942327492,-35.622096807415033,0,0,0,0,0,0,0
-35.572135942327492,-35.472214212152423,-35.522175077239957,0,0,0,0,0,0,0
-35.472214212152423,-35.37229248197734,-35.422253347064881,0,0,0,0,0,0,0
-35.37229248197734,-35.272370751802271,-35.322331616889805,0,0,0,0,0,0,0
-35.272370751802271,-35.172449021627187,-35.222409886714729,0,0,0,0,0,0,0
-35.172449021627187,-35.072527291452111,-35.122488156539646,0,0,0,0,0,0,0
-35.072527291452111,-34.972605561277035,-35.022566426364577,0,0,0,0,0,0,0
-34.972605561277035,-34.872683831101952,-34.922644696189494,0,0,0,0,0,0,0
-34.872683831101952,-34.772762100926883,-34.822722966014418,0,0,0,0,0,0,0
-34.772762100926883,-34.6728403707518,-34.722801235839341,0,0,0,0,0,0,0
-34.6728403707518,-34.572918640576731,-34.622879505664265,0,0,0,0,0,0,0
-34.572918640576731,-34.472996910401648,-34.522957775489189,0,0,0,0,0,0,0
-34.472996910401648,-34.373075180226564,-34.423036045314106,0,0,0,0,0,0,0
-34.373075180226564,-34.273153450051495,-34.32311431513903,0,0,0,0,0,0,0
-34.273153450051495,-34.173231719876412,-34.223192584963954,0,0,0,0,0,0,0
-34.173231719876412,-34.073309989701343,-34.123270854788878,0,0,0,0,0,0,0
-34.073309989701343,-33.97338825952626,-34.023349124613802,0,0,0,0,0,0,0
-33.97338825952626,-33.873466529351184,-33.923427394438718,0,0,0,0,0,0,0
-33.873466529351184,-33.773544799176108,-33.823505664263649,0,0,0,0,0,0,0
-33.773544799176108,-33.673623069001025,-33.723583934088566,0,0,0,0,0,0,0
-33.673623069001025,-33.573701338825956,-33.62366220391349,0,0,0,0,0,0,0
-33.573701338825956,-33.473779608650872,-33.523740473738414,0,0,0,0,0,0,0
-33.473779608650872,-33.373857878475803,-33.423818743563338,0,0,0,0,0,0,0
-33.373857878475803,-33.27393614830072,-33.323897013388262,0,0,0,0,0,0,0
-33.27393614830072,-33.174014418125637,-33.223975283213178,0,0,0,0,0,0,0
-33.174014418125637,-33.074092687950568,-33.124053553038102,0,0,0,0,0,0,0
-33.074092687950568,-32.974170957775485,-33.024131822863026,0,0,0,0,0,0,0
-32.974170957775485,-32.874249227600416,-32.92421009268795,0,0,0,0,0,0,0
-32.874249227600416,-32.774327497425332,-32.824288362512874,0,0,0,0,0,0,0
-32.774327497425332,-32.674405767250263,-32.724366632337798,0,0,0,0,0,0,0
-32.674405767250263,-32.57448403707518,-32.624444902162722,0,0,0,0,0,0,0
-32.57448403707518,-32.474562306900097,-32.524523171987639,0,0,0,0,0,0,0
-32.474562306900097,-32.374640576725028,-32.424601441812563,0,0,0,0,0,0,0
-32.374640576725028,-32.274718846549945,-32.324679711637486,0,0,0,0,0,0,0
-32.274718846549945,-32.174797116374876,-32.22475798146241,0,0,0,0,0,0,0
-32.174797116374876,-32.074875386199793,-32.124836251287334,0,0,0,0,0,0,0
-32.074875386199793,-31.974953656024717,-32.024914521112251,0,0,0,0,0,0,0
-31.974953656024717,-31.87503192584964,-31.924992790937178,0,0,0,0,0,0,0
-31.87503192584964,-31.775110195674564,-31.825071060762102,0,0,0,0,0,0,0
-31.775110195674564,-31.675188465499485,-31.725149330587023,0,0,0,0,0,0,0
-31.675188465499485,-31.575266735324409,-31.625227600411947,0,0,0,0,0,0,0
-31.575266735324409,-31.475345005149329,-31.52530587023687,0,0,0,0,0,0,0
-31.475345005149329,-31.375423274974253,-31.425384140061791,0,0,0,0,0,0,0
-31.375423274974253,-31.275501544799177,-31.325462409886715,0,0,0,0,0,0,0
-31.275501544799177,-31.175579814624101,-31.225540679711639,0,0,0,0,0,0,0
-31.175579814624101,-31.075658084449021,-31.125618949536559,0,0,0,0,0,0,0
-31.075658084449021,-30.975736354273945,-31.025697219361483,0,0,0,0,0,0,0
-30.975736354273945,-30.875814624098865,-30.925775489186407,0,0,0,0,0,0,0
-30.875814624098865,-30.775892893923789,-30.825853759011327,0,0,0,0,0,0,0
-30.775892893923789,-30.675971163748713,-30.725932028836251,0,0,0,0,0,0,0
-30.675971163748713,-30.576049433573637,-30.626010298661175,0,0,0,0,0,0,0
-30.576049433573637,-30.476127703398557,-30.526088568486095,0,0,0,0,0,0,0
-30.476127703398557,-30.376205973223481,-30.426166838311019,0,0,0,0,0,0,0
-30.376205973223481,-30.276284243048401,-30.326245108135943,0,0,0,0,0,0,0
-30.276284243048401,-30.176362512873325,-30.226323377960863,0,0,0,0,0,0,0
-30.176362512873325,-30.076440782698249,-30.126401647785787,0,0,0,0,0,0,0
-30.076440782698249,-29.976519052523173,-30.026479917610711,0,0,0,0,0,0,0
-29.976519052523173,-29.876597322348093,-29.926558187435631,0,0,0,0,0,0,0
-29.876597322348093,-29.776675592173017,-29.826636457260555,0,0,0,0,0,0,0
-29.776675592173017,-29.676753861997938,-29.726714727085479,0,0,0,0,0,0,0
-29.676753861997938,-29.576832131822862,-29.6267929969104,0,0,0,0,0,0,0
-29.576832131822862,-29.476910401647785,-29.526871266735323,0,0,0,0,0,0,0
-29.476910401647785,-29.376988671472709,-29.426949536560247,0,0,0,0,0,0,0
-29.376988671472709,-29.27706694129763,-29.327027806385168,0,0,0,0,0,0,0
-29.27706694129763,-29.177145211122554,-29.227106076210092,0,0,0,0,0,0,0
-29.177145211122554,-29.077223480947477,-29.127184346035015,0,0,0,0,0,0,0
-29.077223480947477,-28.977301750772398,-29.027262615859939,0,0,0,0,0,0,0
-28.977301750772398,-28.877380020597322,-28.92734088568486,0,0,0,0,0,0,0
-28.877380020597322,-28.777458290422246,-28.827419155509784,0,0,0,0,0,0,0
-28.777458290422246,-28.677536560247169,-28.727497425334708,0,0,0,0,0,0,0
-28.677536560247169,-28.57761483007209,-28.627575695159628,0,0,0,0,0,0,0
-28.57761483007209,-28.477693099897014,-28.527653964984552,0,0,0,0,0,0,0
-28.477693099897014,-28.377771369721934,-28.427732234809476,0,0,0,0,0,0,0
-28.377771369721934,-28.277849639546858,-28.327810504634396,0,0,0,0,0,0,0
-28.277849639546858,-28.177927909371782,-28.22788877445932,0,0,0,0,0,0,0
-28.177927909371782,-28.078006179196706,-28.127967044284244,0,0,0,0,0,0,0
-28.078006179196706,-27.978084449021626,-28.028045314109164,0,0,0,0,0,0,0
-27.978084449021626,-27.87816271884655,-27.928123583934088,0,0,0,0,0,0,0
-27.87816271884655,-27.77824098867147,-27.828201853759012,0,0,0,0,0,0,0
-27.77824098867147,-27.678319258496394,-27.728280123583932,0,0,0,0,0,0,0
-27.678319258496394,-27.578397528321318,-27.628358393408856,0,0,0,0,0,0,0
-27.578397528321318,-27.478475798146242,-27.52843666323378,0,0,0,0,0,0,0
-27.478475798146242,-27.378554067971162,-27.4285149330587,0,0,0,0,0,0,0
-27.378554067971162,-27.278632337796086,-27.328593202883624,0,0,0,0,0,0,0
-27.278632337796086,-27.178710607621007,-27.228671472708548,0,0,0,0,0,0,0
-27.178710607621007,-27.07878887744593,-27.128749742533468,0,0,0,0,0,0,0
-27.07878887744593,-26.978867147270854,-27.028828012358392,0,0,0,0,0,0,0
-26.978867147270854,-26.878945417095778,-26.928906282183316,0,0,0,0,0,0,0
-26.878945417095778,-26.779023686920699,-26.828984552008237,0,0,0,0,0,0,0
-26.779023686920699,-26.679101956745622,-26.729062821833161,0,0,0,0,0,0,0
-26.679101956745622,-26.579180226570546,-26.629141091658084,0,0,0,0,0,0,0
-26.579180226570546,-26.479258496395467,-26.529219361483008,0,0,0,0,0,0,0
-26.479258496395467,-26.379336766220391,-26.429297631307929,0,0,0,0,0,0,0
-26.379336766220391,-26.279415036045314,-26.329375901132853,0,0,0,0,0,0,0
-26.279415036045314,-26.179493305870238,-26.229454170957776,0,0,0,0,0,0,0
-26.179493305870238,-26.079571575695159,-26.129532440782697,0,0,0,0,0,0,0
-26.079571575695159,-25.979649845520083,-26.029610710607621,0,0,0,0,0,0,0
-25.979649845520083,-25.879728115345003,-25.929688980432545,0,0,0,0,0,0,0
-25.879728115345003,-25.779806385169927,-25.829767250257465,0,0,0,0,0,0,0
-25.779806385169927,-25.679884654994851,-25.729845520082389,0,0,0,0,0,0,0
-25.679884654994851,-25.579962924819775,-25.629923789907313,0,0,0,0,0,0,0
-25.579962924819775,-25.480041194644695,-25.530002059732233,0,0,0,0,0,0,0
-25.480041194644695,-25.380119464469619,-25.430080329557157,0,0,0,0,0,0,0
-25.380119464469619,-25.280197734294539,-25.330158599382081,0,0,0,0,0,0,0
-25.280197734294539,-25.180276004119463,-25.230236869207001,0,0,0,0,0,0,0
-25.180276004119463,-25.080354273944387,-25.130315139031925,0,0,0,0,0,0,0
-25.080354273944387,-24.980432543769311,-25.030393408856849,0,0,0,0,0,0,0
-24.980432543769311,-24.880510813594231,-24.930471678681769,0,0,0,0,0,0,0
-24.880510813594231,-24.780589083419155,-24.830549948506693,0,0,0,0,0,0,0
-24.780589083419155,-24.680667353244075,-24.730628218331617,0,0,0,0,0,0,0
-24.680667353244075,-24.580745623068999,-24.630706488156537,0,0,0,0,0,0,0
-24.580745623068999,-24.480823892893923,-24.530784757981461,0,0,0,0,0,0,0
-24.480823892893923,-24.380902162718847,-24.430863027806385,0,0,0,0,0,0,0
-24.380902162718847,-24.280980432543767,-24.330941297631306,0,0,0,0,0,0,0
-24.280980432543767,-24.181058702368691,-24.231019567456229,0,0,0,0,0,0,0
-24.181058702368691,-24.081136972193615,-24.131097837281153,0,0,0,0,0,0,0
-24.081136972193615,-23.981215242018536,-24.031176107106077,0,0,0,0,0,0,0
-23.981215242018536,-23.881293511843459,-23.931254376930998,0,0,0,0,0,0,0
-23.881293511843459,-23.781371781668383,-23.831332646755921,0,0,0,0,0,0,0
-23.781371781668383,-23.681450051493307,-23.731410916580845,0,0,0,0,0,0,0
-23.681450051493307,-23.581528321318228,-23.631489186405766,0,0,0,0,0,0,0
-23.581528321318228,-23.481606591143152,-23.53156745623069,0,0,0,0,0,0,0
-23.481606591143152,-23.381684860968072,-23.431645726055613,0,0,0,0,0,0,0
-23.381684860968072,-23.281763130792996,-23.331723995880534,0,0,0,0,0,0,0
-23.281763130792996,-23.18184140061792,-23.231802265705458,0,0,0,0,0,0,0
-23.18184140061792,-23.081919670442844,-23.131880535530382,0,0,0,0,0,0,0
-23.081919670442844,-22.981997940267764,-23.031958805355302,0,0,0,0,0,0,0
-22.981997940267764,-22.882076210092688,-22.932037075180226,0,0,0,0,0,0,0
-22.882076210092688,-22.782154479917608,-22.83211534500515,0,0,0,0,0,0,0
-22.782154479917608,-22.682232749742532,-22.73219361483007,0,0,0,0,0,0,0
-22.682232749742532,-22.582311019567456,-22.632271884654994,0,0,0,0,0,0,0
-22.582311019567456,-22.48238928939238,-22.532350154479918,0,0,0,0,0,0,0
-22.48238928939238,-22.3824675592173,-22.432428424304838,0,0,0,0,0,0,0
-22.3824675592173,-22.282545829042224,-22.332506694129762,0,0,0,0,0,0,0
-22.282545829042224,-22.182624098867144,-22.232584963954686,0,0,0,0,0,0,0
-22.182624098867144,-22.082702368692068,-22.132663233779606,0,0,0,0,0,0,0
-22.082702368692068,-21.982780638516992,-22.03274150360453,0,0,0,0,0,0,0
-21.982780638516992,-21.882858908341916,-21.932819773429454,0,0,0,0,0,0,0
-21.882858908341916,-21.782937178166836,-21.832898043254374,0,0,0,0,0,0,0
-21.782937178166836,-21.68301544799176,-21.732976313079298,0,0,0,0,0,0,0
-21.68301544799176,-21.583093717816684,-21.633054582904222,0,0,0,0,0,0,0
-21.583093717816684,-21.483171987641605,-21.533132852729146,0,0,0,0,0,0,0
-21.483171987641605,-21.383250257466528,-21.433211122554066,0,0,0,0,0,0,0
-21.383250257466528,-21.283328527291452,-21.33328939237899,0,0,0,0,0,0,0
-21.283328527291452,-21.183406797116376,-21.233367662203914,0,0,0,0,0,0,0
-21.183406797116376,-21.083485066941297,-21.133445932028835,0,0,0,0,0,0,0
-21.083485066941297,-20.98356333676622,-21.033524201853758,0,0,0,0,0,0,0
-20.98356333676622,-20.883641606591141,-20.933602471678682,0,0,0,0,0,0,0
-20.883641606591141,-20.783719876416065,-20.833680741503603,0,0,0,0,0,0,0
-20.783719876416065,-20.683798146240989,-20.733759011328527,0,0,0,0,0,0,0
-20.683798146240989,-20.583876416065912,-20.633837281153451,0,0,0,0,0,0,0
-20.583876416065912,-20.483954685890833,-20.533915550978371,0,0,0,0,0,0,0
-20.483954685890833,-20.384032955715757,-20.433993820803295,0,0,0,0,0,0,0
-20.384032955715757,-20.284111225540677,-20.334072090628219,0,0,0,0,0,0,0
-20.284111225540677,-20.184189495365601,-20.234150360453139,0,0,0,0,0,0,0
-20.184189495365601,-20.084267765190525,-20.134228630278063,0,0,0,0,0,0,0
-20.084267765190525,-19.984346035015449,-20.034306900102987,0,0,0,0,0,0,0
-19.984346035015449,-19.884424304840369,-19.934385169927907,0,0,0,0,0,0,0
-19.884424304840369,-19.784502574665293,-19.834463439752831,0,0,0,0,0,0,0
-19.784502574665293,-19.684580844490213,-19.734541709577755,0,0,0,0,0,0,0
-19.684580844490213,-19.584659114315137,-19.634619979402675,0,0,0,0,0,0,0
-19.584659114315137,-19.484737384140061,-19.534698249227599,0,0,0,0,0,0,0
-19.484737384140061,-19.384815653964985,-19.434776519052523,0,0,0,0,0,0,0
-19.384815653964985,-19.284893923789905,-19.334854788877443,0,0,0,0,0,0,0
-19.284893923789905,-19.184972193614829,-19.234933058702367,0,0,0,0,0,0,0
-19.184972193614829,-19.085050463439753,-19.135011328527291,0,0,0,0,0,0,0
-19.085050463439753,-18.985128733264673,-19.035089598352215,0,0,0,0,0,0,0
-18.985128733264673,-18.885207003089597,-18.935167868177135,0,0,0,0,0,0,0
-18.885207003089597,-18.785285272914521,-18.835246138002059,0,0,0,0,0,0,0
-18.785285272914521,-18.685363542739445,-18.735324407826983,0,0,0,0,0,0,0
-18.685363542739445,-18.585441812564365,-18.635402677651904,0,0,0,0,0,0,0
-18.585441812564365,-18.485520082389289,-18.535480947476827,0,0,0,0,0,0,0
-18.485520082389289,-18.38559835221421,-18.435559217301751,0,0,0,0,0,0,0
-18.38559835221421,-18.285676622039134,-18.335637487126672,0,0,0,0,0,0,0
-18.285676622039134,-18.185754891864057,-18.235715756951596,0,0,0,0,0,0,0
-18.185754891864057,-18.085833161688981,-18.135794026776519,0,0,0,0,0,0,0
-18.085833161688981,-17.985911431513902,-18.03587229660144,0,0,0,0,0,0,0
-17.985911431513902,-17.885989701338826,-17.935950566426364,0,0,0,0,0,0,0
-17.885989701338826,-17.786067971163746,-17.836028836251288,0,0,0,0,0,0,0
-17.786067971163746,-17.68614624098867,-17.736107106076208,0,0,0,0,0,0,0
-17.68614624098867,-17.586224510813594,-17.636185375901132,0,0,0,0,0,0,0
-17.586224510813594,-17.486302780638518,-17.536263645726056,0,0,0,0,0,0,0
-17.486302780638518,-17.386381050463438,-17.436341915550976,0,0,0,0,0,0,0
-17.386381050463438,-17.286459320288362,-17.3364201853759,0,0,0,0,0,0,0
-17.286459320288362,-17.186537590113282,-17.236498455200824,0,0,0,0,0,0,0
-17.186537590113282,-17.086615859938206,-17.136576725025744,0,0,0,0,0,0,0
-17.086615859938206,-16.98669412976313,-17.036654994850668,0,0,0,0,0,0,0
-16.98669412976313,-16.886772399588054,-16.936733264675592,0,0,0,0,0,0,0
-16.886772399588054,-16.786850669412974,-16.836811534500512,0,0,0,0,0,0,0
-16.786850669412974,-16.686928939237898,-16.736889804325436,0,0,0,0,0,0,0
-16.686928939237898,-16.587007209062822,-16.63696807415036,0,0,0,0,0,0,0
-16.587007209062822,-16.487085478887746,-16.537046343975284,7.22477053432878e-21,3.6608502801175606e-21,4.8182644775565592e-21,1.2249723975588393e-20,1.9549804233690715e-22,0,1.8860366176162045e-20
-16.487085478887746,-16.387163748712666,-16.437124613800208,9.6680342153902766e-19,4.8574452959798074e-19,6.4372869007001961e-19,1.6251623399715052e-18,3.2720967400987658e-20,1.5332557968387285e-20,2.5170725522842392e-18
-16.387163748712666,-16.287242018537587,-16.337202883625125,8.5985149698053335e-17,4.299272958804277e-17,5.7224732109371506e-17,1.438916653298653e-16,3.2335894664763701e-18,2.1023436450506969e-18,2.234734179395028e-16
-16.287242018537587,-16.18732028836251,-16.237281153450049,5.1882257290502954e-15,2.5766778672342358e-15,3.4503362325487057e-15,8.6273701590480803e-15,2.2238852666643456e-16,1.8918537948156391e-16,1.3451848347506695e-14
-16.18732028836251,-16.087398558187434,-16.137359423274972,2.1311884268296618e-13,1.047560429337804e-13,1.4161934703762877e-13,3.5107710848887868e-13,1.0828609421517398e-14,1.160417692814812e-14,5.5046497153865798e-13
-16.087398558187434,-15.987476828012358,-16.037437693099896,5.9880627367734812e-12,2.8965345282878727e-12,3.9770449620008072e-12,9.7281368966383594e-12,3.7686840306453597e-13,4.8786505536913332e-13,1.5370398366794568e-11
-15.987476828012358,-15.887555097837282,-15.93751596292482,1.1587789359683356e-10,5.4649979979712072e-11,7.7003849799424384e-11,1.8443235312437995e-10,9.4579119863200874e-12,1.4155192688591344e-11,2.9434016038545198e-10
-15.887555097837282,-15.787633367662202,-15.837594232749742,1.5603534841957263e-09,7.064447658810608e-10,1.0404292406838431e-09,2.4100496799732347e-09,1.7269257605593019e-10,2.859937749190845e-10,3.89260214934654e-09
-15.787633367662202,-15.687711637487123,-15.737672502574663,1.4851021135301771e-08,6.2865286268614444e-09,9.9995468508675078e-09,2.1971041057206102e-08,2.3182065442048733e-09,4.0704514585917796e-09,3.5895859765638591e-08
-15.687711637487123,-15.587789907312047,-15.637750772399585,1.0236145284894474e-07,3.8707158110189452e-08,7.0441052903640482e-08,1.4273117683911357e-07,2.3193877008331194e-08,4.141841210808061e-08,2.3402274538555778e-07
-15.587789907312047,-15.487868177136971,-15.537829042224509,5.3037493613331882e-07,1.6564815980217498e-07,3.8000065284638544e-07,6.8678974408461054e-07,1.7622347556034353e-07,3.0713053571306993e-07,1.1017302724621849e-06
-15.487868177136971,-15.387946446961895,-15.437907312049433,2.1817011665286316e-06,4.9432922924133537e-07,1.6600965394758716e-06,2.6188997661546515e-06,1.04263433523614e-06,1.7030024600349423e-06,3.8838727317415524e-06
-15.387946446961895,-15.288024716786818,-15.337985581874356,7.6373750136692439e-06,1.0387103608835341e-06,6.2224678945538612e-06,8.7072544324964912e-06,4.9592378574680597e-06,7.3200781884637045e-06,1.09778366953641e-05
-15.288024716786818,-15.188102986611742,-15.23806385169928,2.433893551185248e-05,1.6967567300794885e-06,2.0978919357434208e-05,2.7382690033297554e-05,1.9673285605109586e-05,2.5636679747747778e-05,2.8023102815673282e-05
-15.188102986611742,-15.088181256436663,-15.138142121524202,7.3566828562429597e-05,3.185635989316023e-06,6.5756949373047487e-05,8.2933158943611284e-05,6.7557491428172885e-05,7.782020838083617e-05,7.3766334686480175e-05
-15.088181256436663,-14.988259526261583,-15.038220391349123,0.00021298086727101944,6.947001735183584e-06,0.00019553992104595489,0.00023701526002447041,0.00020749112167027701,0.00021755891141091163,0.00020729912220348321
-14.988259526261583,-14.888337796086507,-14.938298661174045,0.00058838744559081045,1.2861290214812581e-05,0.00055510988171327761,0.00063467736058456703,0.0005848239354193604,0.0005830448302873441,0.00058428121994950335
-14.888337796086507,-14.788416065911431,-14.838376930998969,0.0015458462033451077,2.0139586538366743e-05,0.0014965489329856619,0.0016107297286738858,0.001540900940927694,0.0015141543664403262,0.00156689704769797
-14.788416065911431,-14.688494335736355,-14.738455200823893,0.0038544525689950789,3.1211660854288389e-05,0.0038012919806819871,0.0039148904799099138,0.003836654643205404,0.0037802381622473805,0.0039391875789307083
-14.688494335736355,-14.588572605561279,-14.638533470648817,0.0090979810090218265,5.320249876032959e-05,0.0090598255622987706,0.0091126703150146635,0.0090552392885076827,0.0089715231827222994,0.0092906466965657162
-14.588572605561279,-14.488650875386199,-14.538611740473739,0.020266455860010059,8.7922220280829333e-05,0.020251925416954152,0.020184923795240683,0.020207737348253128,0.020086629263656525,0.020601063475945813
-14.488650875386199,-14.388729145211119,-14.438690010298659,0.042475886859815501,0.00013027275202326914,0.042465991915159096,0.042254974793812537,0.042451797758160492,0.042244549848903391,0.042962119983041981
-14.388729145211119,-14.288807415036043,-14.338768280123581,0.08352843805193072,0.00017697127093367317,0.083454565692029206,0.083148887949189773,0.083644126953406728,0.08324650259894821,0.084148107066079669
-14.288807415036043,-14.188885684860967,-14.238846549948505,0.15370494084345271,0.00024005944830006787,0.15342269439499365,0.15316149665061177,0.15412732529661977,0.15339775233201114,0.1544154355430272
-14.188885684860967,-14.088963954685891,-14.138924819773429,0.26387854629381574,0.00034580436702654437,0.26320183690363214,0.26316839070037551,0.26477748611380908,0.26362139593585915,0.26462362181540305
-14.088963954685891,-13.989042224510815,-14.039003089598353,0.4211680235247236,0.00046738850283522626,0.42002637752248084,0.42034353897936177,0.42253595340773614,0.4210573948555591,0.42187685285848026
-13.989042224510815,-13.889120494335735,-13.939081359423275,0.62247205894585944,0.00050301864022231899,0.62109760994859864,0.62168207995441127,0.62397323112163361,0.62261145501676485,0.62299591868788884
-13.889120494335735,-13.789198764160655,-13.839159629248195,0.84828683430022844,0.00038505784904188564,0.84721152603496108,0.84768735553496188,0.84936230297629622,0.8488247204371181,0.84834826651780515
-13.789198764160655,-13.689277033985579,-13.739237899073117,1.061082712906837,0.00030229138269169674,1.0608240541851108,1.0607382070336213,1.0613129709987745,1.0621407923830171,1.0603975399336603
-13.689277033985579,-13.589355303810503,-13.639316168898041,1.2123860626244058,0.00050161027865207395,1.2130233223942188,1.212336416202368,1.2118684410788523,1.2138264160312444,1.2108757174153453
-13.589355303810503,-13.489433573635427,-13.539394438722965,1.2589682340591259,0.00063115672581062039,1.2600820239723707,1.2593070862509614,1.2582775032333746,1.2602967321333034,1.2568778247056198
-13.489433573635427,-13.389511843460351,-13.439472708547889,1.1819081278850132,0.00058080494100691733,1.1830151940100022,1.1826375952549746,1.1815165800608736,1.1825625279372383,1.1798087421619781
-13.389511843460351,-13.289590113285271,-13.339550978372811,0.99763719660033057,0.00043244621214181883,0.99855889655203223,0.99853484554266014,0.99746402072433327,0.99740570007458207,0.99622252010804591
-13.289590113285271,-13.189668383110192,-13.239629248197732,0.75287481229170339,0.00032876561728319154,0.75361753592796832,0.75367372589475912,0.75253636565513971,0.75201489999702453,0.7525315339836256
-13.189668383110192,-13.089746652935116,-13.139707518022654,0.50512503316454993,0.00034697315195383774,0.5056448847189482,0.50572578575387273,0.50445557379736206,0.50411628889146642,0.50568263266110003
-13.089746652935116,-12.98982492276004,-13.039785787847578,0.30001855256585808,0.00035178030853625356,0.30026600713701695,0.30044049181965132,0.2991875898520534,0.29922407421370772,0.30097459980686087
-12.98982492276004,-12.889903192584963,-12.939864057672501,0.15853715772034213,0.00028995029549447657,0.15857448248383713,0.1587940942899729,0.15779891294886414,0.15806256923990625,0.15945572963913024
-12.889903192584963,-12.789981462409887,-12.839942327497425,0.079496924580828063,0.00020193048901026095,0.079441080849201498,0.079575063729022399,0.078999141988989455,0.079262723964486567,0.080206612372440436
-12.789981462409887,-12.690059732234811,-12.740020597322349,0.052378870704376967,0.00014331987761708386,0.052289364583951538,0.052256423934999574,0.052177959058273972,0.052223216561762764,0.052947389382897003
-12.690059732234811,-12.590138002059732,-12.640098867147271,0.071096816513812736,0.00016812942545971552,0.070956894976989163,0.070754886096662903,0.071237056258930412,0.070848791512221329,0.071686453724259858
-12.590138002059732,-12.490216271884652,-12.540177136972192,0.14155126341435248,0.00024769964050485493,0.14130440738306563,0.14102200489067243,0.14208041966355925,0.14113829629099076,0.14221118884347442
-12.490216271884652,-12.390294541709576,-12.440255406797114,0.27959283282166381,0.0002974838991498103,0.27916128866396561,0.27903213114530173,0.28049661988728358,0.27916347317607537,0.28011065123569268
-12.390294541709576,-12.2903728115345,-12.340333676622038,0.49854219896901364,0.00030552747906483998,0.49785534399883624,0.49819305594482782,0.49966792974233698,0.49846591245809685,0.49852875270097047
-12.2903728115345,-12.190451081359424,-12.240411946446962,0.78940967407473384,0.00039263430405295853,0.78852030623561886,0.78941476127924792,0.79049071389560244,0.79005433846363859,0.78856825049956158
-12.190451081359424,-12.090529351184347,-12.140490216271886,1.1044720731913564,0.00055285951499401981,1.1036590896234311,1.1047517465229137,1.1052532490537967,1.1058864769799672,1.1028098037766731
-12.090529351184347,-11.990607621009268,-12.040568486096808,1.3603319411967933,0.00063327305965458569,1.3599528503660674,1.3607167798402191,1.3606632891159156,1.3621079082462997,1.3582188784154656
-11.990607621009268,-11.890685890834188,-11.940646755921728,1.4693402757453105,0.00054808860969042582,1.4695262949363006,1.4697676245023832,1.4691798070192121,1.4707964555226927,1.4674311967459637
-11.890685890834188,-11.790764160659112,-11.84072502574665,1.3862460299970658,0.00034142779313195117,1.3868246249406149,1.3867340668799146,1.3856233889498293,1.3868216124629462,1.385226456752024
-11.790764160659112,-11.690842430484036,-11.740803295571574,1.1375629445780753,0.00031346555582587016,1.138274562358937,1.138052468660901,1.1365696729878731,1.1371342126411044,1.1377838062415617
-11.690842430484036,-11.59092070030896,-11.640881565396498,0.80846185705725682,0.00048322881229365995,0.80914773198432421,0.80880398245625429,0.80729104158172216,0.80737099948685787,0.80969552977712533
-11.59092070030896,-11.490998970133884,-11.540959835221422,0.49554262348477723,0.0005204906345562891,0.49612775635963519,0.49564259349285589,0.49447097549916125,0.49434976877533177,0.49712202329690219
-11.490998970133884,-11.391077239958804,-11.441038105046344,0.26135287686593089,0.00040220144534569964,0.26178140113496012,0.26125805581123801,0.26060016781627421,0.2604695984439005,0.26265516112328169
-11.391077239958804,-11.291155509783724,-11.341116374871264,0.1203154940710128,0.00023730558113452775,0.1205645261016096,0.12015609698113106,0.11992274692615057,0.11981949107606242,0.1211146092701104
-11.291155509783724,-11.191233779608648,-11.241194644696186,0.056041609792676972,0.00011261235743506681,0.056145687919111259,0.05592150066185763,0.055895407471482805,0.055811408726653557,0.056434044184279615
-11.191233779608648,-11.091312049433572,-11.14127291452111,0.049095083092765612,4.6734306593081926e-05,0.049131673833432053,0.049025282661103044,0.049036625962192638,0.049018743907423203,0.049263089099677138
-11.091312049433572,-10.991390319258496,-11.041351184346034,0.096419236181344598,4.16106859557791e-05,0.096466166941813383,0.096317791219975316,0.096323695428394016,0.096464690636892406,0.096523836679647923
-10.991390319258496,-10.89146858908342,-10.941429454170958,0.21534711819538588,8.301895955297146e-05,0.21536748186755159,0.21514701779740172,0.21516825484028526,0.21554985960603032,0.21550297686566033
-10.89146858908342,-10.79154685890834,-10.84150772399588,0.43086279570946734,0.00013862393875924053,0.43058131681099104,0.4306842644546684,0.43067876925657228,0.4313112474699643,0.43105838055514062
-10.79154685890834,-10.691625128733261,-10.7415859938208,0.74743731538307645,0.0002719929742691592,0.74650392396771048,0.74757337807475854,0.74745508866699906,0.74820504927716047,0.74744913692875359
-10.691625128733261,-10.591703398558185,-10.641664263645723,1.1178881308085065,0.00046024656048759192,1.1163281146230668,1.1185172414145768,1.1183480077370662,1.1188600847074495,1.1173872055603733
-10.591703398558185,-10.491781668383108,-10.541742533470646,1.4371528728802061,0.00056012980196894257,1.4355398785030831,1.4381048504650138,1.4381230182730025,1.4379411588834301,1.4360554582765008
-10.491781668383108,-10.391859938208032,-10.44182080329557,1.5835858460571244,0.00048262901798715163,1.5826533160622749,1.5844162074415129,1.5847679540644124,1.5837938700982512,1.5822978826191705
-10.391859938208032,-10.291938208032956,-10.341899073120494,1.4911211934057955,0.00029176615188262773,1.4912443178951094,1.491409235856002,1.4919709206254677,1.4906998614458156,1.4902816312065834
-10.291938208032956,-10.192016477857877,-10.241977342945416,1.1960067964338252,0.00029712076300662907,1.1970104449465859,1.1956562356028799,1.1961592440793136,1.1952247347836333,1.1959833227567127
-10.192016477857877,-10.092094747682797,-10.142055612770337,0.81440051107067579,0.00043383495453375707,0.81575753185313238,0.81368010217932163,0.81391620069645521,0.81356356909049765,0.81508515153397221
-10.092094747682797,-9.9921730175077208,-10.042133882595259,0.46921286969258036,0.00044652129891704131,0.4704214247669814,0.46850585954999874,0.46842944235340606,0.46852505596969518,0.47018256582282042
-9.9921730175077208,-9.8922512873326447,-9.9422121524201827,0.22842977629859421,0.00034085097098573883,0.22925230584478326,0.2279850515761995,0.22767617142078392,0.22798099759844973,0.22925435505275452
-9.8922512873326447,-9.7923295571575686,-9.8422904222451066,0.096060372888639015,0.00020179587773821664,0.096506328160609056,0.095921456957305015,0.095497856077415219,0.09583654494962475,0.096539678298240991
-9.7923295571575686,-9.6924078269824925,-9.7423686920700305,0.044139187766297452,0.00010435470712618951,0.04432336646309059,0.044221073506202989,0.043760908906683167,0.04407743892731799,0.044313151028192499
-9.6924078269824925,-9.5924860968074164,-9.6424469618949544,0.049911170760656494,8.7125794744590413e-05,0.049922713619708514,0.050141032229528572,0.049602305683577756,0.049969144047118517,0.049920658223349096
-9.5924860968074164,-9.4925643666323367,-9.5425252317198765,0.11606393258861884,0.00012899234162800716,0.11591650341062548,0.11644379419100521,0.11569348150951335,0.11623292118369455,0.11603296264825558
-9.4925643666323367,-9.3926426364572571,-9.4426035015447969,0.26993182261868459,0.00018087140828254166,0.26961934328903575,0.27046992769016148,0.26948492777223348,0.27018890496913656,0.26989600937285579
-9.3926426364572571,-9.2927209062821809,-9.342681771369719,0.5409523491182181,0.00020357365720403576,0.54053018035811029,0.54159022459097639,0.54058386934972802,0.54124815072573496,0.54080932056654085
-9.2927209062821809,-9.1927991761071048,-9.2427600411946429,0.9196559794310476,0.00020752487818942846,0.9192215742732911,0.92028744961988573,0.91955970833353284,0.91996580547028639,0.91924535945824193
-9.1927991761071048,-9.0928774459320287,-9.1428383110195668,1.3225892313734977,0.00021497338013342545,1.322198235597331,1.323091489686516,1.3228381908885574,1.3228519911920691,1.3219662495030158
-9.0928774459320287,-8.9929557157569526,-9.0429165808444907,1.6057931699135437,0.0001715756412369748,1.6054980099029594,1.6060168678573792,1.6063003904401769,1.6057982126778905,1.6053523686893134
-8.9929557157569526,-8.893033985581873,-8.9429948506694128,1.6423490859383694,0.00015822145237152129,1.6423093911017741,1.6421594779851505,1.642887009262842,1.641943609507299,1.6424459418347805
-8.893033985581873,-8.7931122554067933,-8.8430731204943331,1.4115356057789412,0.00025145950388486156,1.4118940085492866,1.4109281069899031,1.4118519177591342,1.4109254485566458,1.4120785470397361
-8.7931122554067933,-8.6931905252317172,-8.7431513903192553,1.0167551751793795,0.00028972208416630648,1.017387698955835,1.0159207307895104,1.0167834350958918,1.0163097855019938,1.0173742255536664
-8.6931905252317172,-8.5932687950566411,-8.6432296601441791,0.61210179788627683,0.00024131738856058177,0.61269449671110154,0.61133533263207418,0.61199174701504233,0.61194914463030348,0.61253826844286308
-8.5932687950566411,-8.493347064881565,-8.543307929969103,0.30726790509965263,0.00014539798680168297,0.30762561215289952,0.30677251322025384,0.30718220944374669,0.30728699168017243,0.30747219900119088
-8.493347064881565,-8.3934253347064889,-8.4433861997940269,0.12941671468769889,6.1170816935741669e-05,0.12956322317205196,0.12919735349973416,0.12939443472918125,0.12947504674831464,0.12945351528921245
-8.3934253347064889,-8.2935036045314092,-8.3434644696189491,0.05093927458065807,2.2851678911569736e-05,0.05098619588938693,0.05088094686603551,0.050948701247681617,0.050988995504573108,0.050891533395613163
-8.2935036045314092,-8.1935818743563296,-8.2435427394438694,0.038005418007068296,2.6784272881370139e-05,0.038026107118539161,0.038004444112161508,0.038031509862068602,0.038060581842418111,0.037904447100154115
-8.1935818743563296,-8.0936601441812535,-8.1436210092687915,0.082346809594121106,5.244236939926342e-05,0.082352361156082812,0.082360476137128782,0.0823956604817183,0.082471020705727316,0.082154529489948322
-8.0936601441812535,-7.9937384140061774,-8.0436992790937154,0.20801971218973181,9.6485577630797613e-05,0.20802061851182518,0.20802472913810452,0.20805237454172179,0.20830402445772403,0.20769681429928366
-7.9937384140061774,-7.8938166838311012,-7.9437775489186393,0.45364787424595743,0.00014348350940179361,0.45372726925515416,0.45353982614304605,0.45355508387809973,0.4541432153963687,0.45327397655711854
-7.8938166838311012,-7.7938949536560251,-7.8438558187435632,0.82916875648651689,0.000197269724714858,0.82944577596013713,0.82871611219034103,0.82892209585774701,0.82979623817935078,0.82896356024500817
-7.7938949536560251,-7.6939732234809455,-7.7439340885684853,1.2661058139270687,0.00027209278646560199,1.2665780299901477,1.2651372321462888,1.2659363833188559,1.2666247254065439,1.2662526987735072
-7.6939732234809455,-7.5940514933058658,-7.6440123583934056,1.6126918706014386,0.00032322062213365279,1.6131446905119313,1.6114212043888354,1.6128949890503506,1.6128585386766041,1.6131399303794722
-7.5940514933058658,-7.4941297631307897,-7.5440906282183278,1.7107716733180502,0.00027087010851375521,1.7109169323062725,1.7098104237042915,1.7112764693610902,1.710596308949164,1.711258232269433
-7.4941297631307897,-7.3942080329557136,-7.4441688980432517,1.5086750837785261,0.00014774604153331022,1.5084013791340734,1.508560279700583,1.5090910486400861,1.5083654841479361,1.5089572272699516
-7.3942080329557136,-7.2942863027806375,-7.3442471678681756,1.1037116843941519,0.00021770958286750037,1.1031815164018848,1.1044423331932738,1.1038115976562624,1.1033641012868529,1.1037588734324855
-7.2942863027806375,-7.1943645726055614,-7.2443254376930994,0.6682730758098594,0.00028672256881598872,0.66777514711573194,0.66937242435537614,0.66813879921243313,0.66786550015142232,0.66821350821433345
-7.1943645726055614,-7.0944428424304853,-7.1444037075180233,0.33413850880856644,0.00024649857895503154,0.33385929521569779,0.33509954014955184,0.33392298722734326,0.33373429946396532,0.33407642198627402
-7.0944428424304853,-6.9945211122554056,-7.0444819773429455,0.13844834665086331,0.00015640095202997965,0.13838262080503425,0.13904992242109496,0.13823879162784139,0.13817147942886934,0.13839891897147655
-6.9945211122554056,-6.894599382080326,-6.9445602471678658,0.051676090339355808,7.7051403885318939e-05,0.051711129830039802,0.051954428713641837,0.051503954812880094,0.051590754861772066,0.051620183478445263
-6.894599382080326,-6.7946776519052499,-6.8446385169927879,0.034119950653634365,5.1863499523416122e-05,0.034169118327462215,0.034181515229960095,0.033962316632306568,0.034247421781719967,0.034039381296723001
-6.7946776519052499,-6.6947559217301738,-6.7447167868177118,0.07353030808702038,0.00010215598733467463,0.073611474202166585,0.073434716179700793,0.073311329124117711,0.073889704189171887,0.073404316739944894
-6.6947559217301738,-6.5948341915550976,-6.6447950566426357,0.19433070804592983,0.00017017731335433874,0.19454863345339549,0.19407728846346384,0.19397844023205471,0.19489080011264218,0.19415837796809302
-6.5948341915550976,-6.4949124613800215,-6.5448733264675596,0.44019337971173195,0.00022247833960957445,0.44059666909772116,0.43972533670814867,0.43977556747925473,0.44083292366198767,0.44003640161154739
-6.4949124613800215,-6.3949907312049419,-6.4449515962924817,0.82703956804607937,0.00023182435643347878,0.8274217005994623,0.82628544685836636,0.82687034765475786,0.82761434146349677,0.82700600365431354
-6.3949907312049419,-6.2950690010298622,-6.3450298661174021,1.2851674051875048,0.00025525742896389571,1.2851166101414764,1.2842156438222705,1.2856220719614624,1.285578979699715,1.2853037203125988
-6.2950690010298622,-6.1951472708547861,-6.2451081359423242,1.6501568394118986,0.00033381639908371471,1.6494899309523665,1.6493924124160182,1.6512205868889485,1.6503259180235819,1.650355348778578
-6.1951472708547861,-6.09522554067971,-6.1451864057672481,1.7488184531894309,0.00032807913915474491,1.7478759894247358,1.7487151618687449,1.7499246066800691,1.7486690653595176,1.7489074426140874
-6.09522554067971,-5.9953038105046339,-6.045264675592172,1.5276096119864604,0.00026296980454679008,1.5269519501879214,1.5282957631467753,1.5281085665874794,1.5271317806344296,1.5275599993756959
-5.9953038105046339,-5.8953820803295578,-5.9453429454170958,1.0979804304809284,0.00029530900115993353,1.097881866945791,1.0990753861796292,1.0977279372447131,1.0972961832992383,1.0979207787352701
-5.8953820803295578,-5.7954603501544781,-5.845421215242018,0.6481101080522168,0.00030459680060719319,0.64843071286380149,0.64906336868610393,0.6474882901053306,0.64743419117052714,0.64813397743532108
-5.7954603501544781,-5.6955386199793985,-5.7454994850669383,0.31362454549441954,0.0002278314389616256,0.31405548783181331,0.314162895948845,0.31307915176305445,0.31311652903534976,0.31370866289303517
-5.6955386199793985,-5.5956168898043224,-5.6455777548918604,0.12502078740401237,0.00013019869378393844,0.12534354324606026,0.12521660423292866,0.12472018819945895,0.12470881996311499,0.12511478137849899
-5.5956168898043224,-5.4956951596292463,-5.5456560247167843,0.045501377656646878,6.1656926132203893e-05,0.045650119622820028,0.045540259988128752,0.0453733516071839,0.045340756367639783,0.045602400697461944
-5.4956951596292463,-5.3957734294541702,-5.4457342945417082,0.033293327056669639,4.2773544379655746e-05,0.033279432134526776,0.033294698434503521,0.033197762277936221,0.033243876284222991,0.033450866152158698
-5.3957734294541702,-5.295851699279094,-5.3458125643666321,0.078997656219906148,8.4048486107818568e-05,0.078836451000023913,0.078985749867174604,0.078812981540953994,0.079084235104542905,0.079268863586835311
-5.295851699279094,-5.1959299691040144,-5.2458908341915542,0.21234159379884029,0.00014575811423312888,0.21204554358286565,0.21228122528517593,0.21201973930331772,0.21268138965400007,0.21268007116884222
-5.1959299691040144,-5.0960082389289347,-5.1459691040164746,0.48055773403320484,0.00019819075868344002,0.48016741681060765,0.48042134289556793,0.48023399467365863,0.48125517437396031,0.48071074141222941
-5.0960082389289347,-4.9960865087538586,-5.0460473738413967,0.89439278255511678,0.00024428453748859957,0.89400085394103679,0.8942071818704348,0.89439088396957045,0.89532963292463652,0.89403536006990503
-4.9960865087538586,-4.8961647785787825,-4.9461256436663206,1.3665468443884818,0.00029962100708920539,1.3662944300015389,1.3663110557738671,1.3671008809616518,1.3673406748767201,1.3656871803286312
-4.8961647785787825,-4.7962430484037064,-4.8462039134912445,1.7130904095148669,0.00030138952307212961,1.7131032976045721,1.7127156407786888,1.7140324156231774,1.7133573238481301,1.7122433697197661
-4.7962430484037064,-4.6963213182286303,-4.7462821833161684,1.7606001891716616,0.00023934881509649896,1.7608866337692859,1.7601260486205577,1.7614042091273225,1.7602565193607316,1.7603275349804102
-4.6963213182286303,-4.5963995880535542,-4.6463604531410923,1.4818639666488056,0.00021300515064601937,1.4822924335588767,1.4816077337017264,1.482060606813387,1.4811544185241392,1.4822046406458991
-4.5963995880535542,-4.4964778578784745,-4.5464387229660144,1.0200940224171104,0.00024703412890767233,1.0204971910431968,1.020312437787954,1.0196890026765961,1.019344344945593,1.0206271356322114
-4.4964778578784745,-4.3965561277033949,-4.4465169927909347,0.57340768942390064,0.00024603337722044173,0.57369387016314033,0.57395142171843694,0.5728229183958482,0.57280496231425582,0.57376527452782156
-4.3965561277033949,-4.2966343975283188,-4.3465952626158568,0.26287882570198018,0.00017640216338244785,0.26304023812245475,0.26338934311126339,0.26248207122081152,0.26247628745145257,0.26300618860391878
-4.2966343975283188,-4.1967126673532427,-4.2466735324407807,0.099264778867115905,8.8998159627526574e-05,0.099331195126306823,0.099555915036052947,0.099108837746219328,0.099053065893621797,0.099274880533378615
-4.1967126673532427,-4.0967909371781666,-4.1467518022657046,0.036723678159822651,3.213901882892621e-05,0.036734032273764983,0.036841381690724255,0.036682382810086137,0.036655519523216669,0.036705074501321204
-4.0967909371781666,-3.9968692070030905,-4.0468300720906285,0.036264734161706766,2.0403543381245545e-05,0.036257774652358236,0.036320370111615673,0.03620491701568581,0.036298072745749095,0.036242536283125043
-3.9968692070030905,-3.8969474768280108,-3.9469083419155506,0.097271409254231236,5.5800059757971081e-05,0.097276710073369035,0.097321849595348217,0.097080092898687589,0.097422588524112841,0.097255805179638499
-3.8969474768280108,-3.7970257466529311,-3.846986611740471,0.25822257642441743,0.00011815557632523964,0.25823321941169841,0.25824262390711955,0.25781674908095847,0.25855786073703613,0.25826242898527479
-3.7970257466529311,-3.697104016477855,-3.7470648815653931,0.56674965650978548,0.00018537866836706188,0.56671689162532113,0.56666310382915108,0.56615202278170296,0.56728780471715412,0.5669284595955979
-3.697104016477855,-3.5971822863027789,-3.647143151390317,1.0162297131412423,0.00021266478909589095,1.0161405564212778,1.0159853802723244,1.0156271362336404,1.0168312933969017,1.0165641993820673
-3.5971822863027789,-3.4972605561277028,-3.5472214212152409,1.4877516199859295,0.00016141908081353167,1.4876739696640584,1.4874073577573681,1.4874185480814448,1.4881469823193285,1.4881112421074476
-3.4972605561277028,-3.3973388259526267,-3.4472996910401648,1.7779553652694076,8.1076391578319501e-05,1.7779259630236159,1.7776827799079626,1.778057298137238,1.7779415965601542,1.7781691887180677
-3.3973388259526267,-3.297417095777547,-3.3473779608650869,1.7336099210187903,0.00013517704126583496,1.7335748074033901,1.7335478995524214,1.7340716307262891,1.7332267060590361,1.7336285613528162
-3.297417095777547,-3.1974953656024674,-3.2474562306900072,1.3780236961710373,0.00017804475500045742,1.3779731938436559,1.3781440729511545,1.3785986926589946,1.3775032614391234,1.377899259962257
-3.1974953656024674,-3.0975736354273913,-3.1475345005149293,0.89191166637941977,0.00015922776543421906,0.89192155065994694,0.89210273725641187,0.8923796136314297,0.89145937206016246,0.89169505828914764
-3.0975736354273913,-2.9976519052523152,-3.0476127703398532,0.46939326572513912,0.00012479583329482889,0.46948344589250168,0.46959431163962773,0.46969014375974344,0.46906873183207098,0.46912969550175182
-2.9976519052523152,-2.8977301750772391,-2.9476910401647771,0.20083069495171418,9.4125518653645596e-05,0.20093294796966996,0.20101554102301375,0.20099929077516077,0.2006153981341047,0.20059029685662189
-2.8977301750772391,-2.797808444902163,-2.847769309989701,0.071576917944640467,5.9704921756908414e-05,0.071635506003076027,0.071711785830836247,0.071668933019827338,0.071449315522356685,0.071419049347106092
-2.797808444902163,-2.6978867147270833,-2.7478475798146231,0.030045771227042339,3.2348833175380931e-05,0.030052271962014595,0.03011994431089399,0.030112202379603048,0.029980936536350745,0.029963500946349308
-2.6978867147270833,-2.5979649845520036,-2.6479258496395435,0.045749460088295127,3.4238134562014011e-05,0.045706851990113519,0.045787808045387492,0.045865376388936417,0.045709266003283767,0.045677998013754446
-2.5979649845520036,-2.4980432543769275,-2.5480041194644656,0.13126501176723798,6.6169015789694757e-05,0.1311702826809131,0.13129066296746969,0.13151143140320984,0.13120361270947986,0.13114906907511736
-2.4980432543769275,-2.3981215242018514,-2.4480823892893895,0.33427751489926549,0.0001020070583100445,0.33415110260136521,0.33427777921534557,0.3346720882371863,0.33415769762119457,0.33412890682123586
-2.3981215242018514,-2.2981997940267753,-2.3481606591143134,0.69562331961419877,0.00011320369829077944,0.69554834180952818,0.69553802176015955,0.69607084792062679,0.69544915213636338,0.69551023444431603
-2.2981997940267753,-2.1982780638516992,-2.2482389289392373,1.1775530592508459,0.00010830006102951266,1.1776204625635203,1.1773216029594715,1.1779248688161128,1.1773579694162184,1.1775403924989056
-2.1982780638516992,-2.0983563336766231,-2.1483171987641612,1.6215616447014689,0.00011465531849014485,1.6217281197589168,1.6212583789401078,1.6218260990266129,1.6213173306421214,1.6216782951395867
-2.0983563336766231,-1.9984346035015434,-2.0483954685890833,1.8164749526823154,0.00010945875424135639,1.81657163620912,1.8163266666064413,1.8166364307324254,1.8161232183352716,1.816716811528319
-1.9984346035015434,-1.8985128733264638,-1.9484737384140036,1.6547585123983759,0.00010447184631500456,1.6547123904417871,1.6548814602162285,1.654701304590011,1.6544343955886012,1.6550630111552511
-1.8985128733264638,-1.7985911431513877,-1.8485520082389257,1.2251433509940162,0.00011669915786238393,1.2250608947196546,1.2253923127816539,1.2247511260523296,1.2251460339752687,1.2253663874411744
-1.7985911431513877,-1.6986694129763116,-1.7486302780638496,0.73656119166439749,0.00016657845938311376,0.73655063156343414,0.73675319115758164,0.73596187048522521,0.7369592011588576,0.73658106395688883
-1.6986694129763116,-1.5987476828012355,-1.6487085478887735,0.35925183909008468,0.00016923016717421057,0.35930936775383987,0.35934822245597209,0.35872927326953907,0.35976718701484317,0.35910514495622925
-1.5987476828012355,-1.4988259526261594,-1.5487868177136974,0.14251911818434859,0.00011178709203783432,0.1425876909676721,0.14255911775988711,0.14222699511677522,0.14287682921544473,0.1423449578619638
-1.4988259526261594,-1.3989042224510797,-1.4488650875386195,0.049072497001677665,5.2356065603848354e-05,0.049105871680985007,0.049093814853545407,0.0489683848252341,0.04924072395940407,0.048953689689219766
-1.3989042224510797,-1.298982492276,-1.3489433573635399,0.028736715188430028,3.0202607221174621e-05,0.028711802022925299,0.028768600912536742,0.02870737553854999,0.028835920396177456,0.02865987707196065
-1.298982492276,-1.1990607621009239,-1.249021627188462,0.064799228124656397,4.5827256764164238e-05,0.06470777495626405,0.064858188254455787,0.064751734086124182,0.064950370483244202,0.064728072843193749
-1.1990607621009239,-1.0991390319258478,-1.1490998970133859,0.18496561806469203,6.9963130666290336e-05,0.18481326778792209,0.18503102150573825,0.18487855879612014,0.18520703970009597,0.18489820253358369
-1.0991390319258478,-0.99921730175077172,-1.0491781668383098,0.44242317098845668,6.996427580845402e-05,0.44225126524992092,0.44242922109225297,0.44239643772854748,0.44267607307086659,0.44236285780069551
-0.99921730175077172,-0.89929557157569562,-0.94925643666323367,0.8597190908925556,6.8020367727643735e-05,0.85960300856357985,0.85960200855844138,0.85991522616892135,0.85985205512518803,0.85962315604664752
-0.89929557157569562,-0.79937384140061596,-0.84933470648815579,1.3557569329305807,0.00012183128350469725,1.3557238644153731,1.3555142591648259,1.3562165164510178,1.3557311838175554,1.3555988408041308
-0.79937384140061596,-0.6994521112255363,-0.74941297631307613,1.7357679824972845,0.0001424409655630181,1.7357395903997084,1.7354667510745581,1.7363082514941925,1.7356717631852792,1.7356535563326843
-0.6994521112255363,-0.59953038105046019,-0.64949124613799825,1.8046127158857199,9.8616883973286299e-05,1.8045298889711108,1.8043680695244173,1.8049422358787339,1.8045136921805158,1.8047096928738224
-0.59953038105046019,-0.49960865087538409,-0.54956951596292214,1.523479405763251,7.8251983580297917e-05,1.5234351176913048,1.523410555845168,1.5234256638869477,1.523340412470497,1.5237852789223367
-0.49960865087538409,-0.39968692070030798,-0.44964778578784603,1.0440134538321411,0.00012074005857661009,1.0441286724053775,1.0441534211528885,1.0436538094302561,1.0438167883506491,1.0443145778215344
-0.39968692070030798,-0.29976519052523187,-0.34972605561276993,0.58041660165780418,0.00013291029318103755,0.58065612036710623,0.58066710386313425,0.57998211413060419,0.58024244342772713,0.58053522650044898
-0.29976519052523187,-0.19984346035015221,-0.24980432543769204,0.26170630225821429,0.00010347218615048526,0.26193301233140276,0.26192831212325102,0.26138289423144867,0.26162128853735461,0.26166600406761437
-0.19984346035015221,-0.099921730175072554,-0.14988259526261238,0.096660592272898527,6.0111757676750538e-05,0.096799332292138274,0.096792399495414225,0.096493173355419515,0.096642937636044091,0.09657511858547653
-0.099921730175072554,3.5527136788005009e-15,-0.049960865087534501,0.034801429609363055,3.2342756612787366e-05,0.034875946996710538,0.034870156457978425,0.034730052855629218,0.034804016959186085,0.034726974777311015
3.5527136788005009e-15,0.099921730175079659,0.049960865087541606,0.034801429609363055,3.2342756612787366e-05,0.034875946996710538,0.034870156457978425,0.034730052855629218,0.034804016959186085,0.034726974777311015
0.099921730175079659,0.19984346035015577,0.14988259526261771,0.096660592272898527,6.0111757676750538e-05,0.096799332292138274,0.096792399495414225,0.096493173355419515,0.096642937636044091,0.09657511858547653
0.19984346035015577,0.29976519052523187,0.24980432543769382,0.26170630225821429,0.00010347218615048526,0.26193301233140276,0.26192831212325102,0.26138289423144867,0.26162128853735461,0.26166600406761437
0.29976519052523187,0.39968692070030798,0.34972605561276993,0.58041660165780418,0.00013291029318103755,0.58065612036710623,0.58066710386313425,0.57998211413060419,0.58024244342772713,0.58053522650044898
0.39968692070030798,0.49960865087538764,0.44964778578784781,1.0440134538321411,0.00012074005857661009,1.0441286724053775,1.0441534211528885,1.0436538094302561,1.0438167883506491,1.0443145778215344
0.49960865087538764,0.5995303810504673,0.54956951596292747,1.523479405763251,7.8251983580297917e-05,1.5234351176913048,1.523410555845168,1.5234256638869477,1.523340412470497,1.5237852789223367
0.5995303810504673,0.6994521112255434,0.64949124613800535,1.8046127158857199,9.8616883973286299e-05,1.8045298889711108,1.8043680695244173,1.8049422358787339,1.8045136921805158,1.8047096928738224
0.6994521112255434,0.79937384140061951,0.74941297631308146,1.7357679824972845,0.0001424409655630181,1.7357395903997084,1.7354667510745581,1.7363082514941925,1.7356717631852792,1.7356535563326843
0.79937384140061951,0.89929557157569562,0.84933470648815756,1.3557569329305807,0.00012183128350469725,1.3557238644153731,1.3555142591648259,1.3562165164510178,1.3557311838175554,1.3555988408041308
0.89929557157569562,0.99921730175077172,0.94925643666323367,0.8597190908925556,6.8020367727643735e-05,0.85960300856357985,0.85960200855844138,0.85991522616892135,0.85985205512518803,0.85962315604664752
0.99921730175077172,1.0991390319258514,1.0491781668383116,0.44242317098845668,6.996427580845402e-05,0.44225126524992092,0.44242922109225297,0.44239643772854748,0.44267607307086659,0.44236285780069551
1.0991390319258514,1.199060762100931,1.1490998970133912,0.18496561806469203,6.9963130666290336e-05,0.18481326778792209,0.18503102150573825,0.18487855879612014,0.18520703970009597,0.18489820253358369
1.199060762100931,1.2989824922760072,1.2490216271884691,0.064799228124656397,4.5827256764164238e-05,0.06470777495626405,0.064858188254455787,0.064751734086124182,0.064950370483244202,0.064728072843193749
1.2989824922760072,1.3989042224510833,1.3489433573635452,0.028736715188430028,3.0202607221174621e-05,0.028711802022925299,0.028768600912536742,0.02870737553854999,0.028835920396177456,0.02865987707196065
1.3989042224510833,1.4988259526261594,1.4488650875386213,0.049072497001677665,5.2356065603848354e-05,0.049105871680985007,0.049093814853545407,0.0489683848252341,0.04924072395940407,0.048953689689219766
1.4988259526261594,1.5987476828012355,1.5487868177136974,0.14251911818434859,0.00011178709203783432,0.1425876909676721,0.14255911775988711,0.14222699511677522,0.14287682921544473,0.1423449578619638
1.5987476828012355,1.6986694129763151,1.6487085478887753,0.35925183909008468,0.00016923016717421057,0.35930936775383987,0.35934822245597209,0.35872927326953907,0.35976718701484317,0.35910514495622925
1.6986694129763151,1.7985911431513948,1.748630278063855,0.73656119166439749,0.00016657845938311376,0.73655063156343414,0.73675319115758164,0.73596187048522521,0.7369592011588576,0.73658106395688883
1.7985911431513948,1.8985128733264709,1.8485520082389328,1.2251433509940162,0.00011669915786238393,1.2250608947196546,1.2253923127816539,1.2247511260523296,1.2251460339752687,1.2253663874411744
1.8985128733264709,1.998434603501547,1.9484737384140089,1.6547585123983759,0.00010447184631500456,1.6547123904417871,1.6548814602162285,1.654701304590011,1.6544343955886012,1.6550630111552511
1.998434603501547,2.0983563336766231,2.0483954685890851,1.8164749526823154,0.00010945875424135639,1.81657163620912,1.8163266666064413,1.8166364307324254,1.8161232183352716,1.816716811528319
2.0983563336766231,2.1982780638516992,2.1483171987641612,1.6215616447014689,0.00011465531849014485,1.6217281197589168,1.6212583789401078,1.6218260990266129,1.6213173306421214,1.6216782951395867
2.1982780638516992,2.2981997940267789,2.248238928939239,1.1775530592508459,0.00010830006102951266,1.1776204625635203,1.1773216029594715,1.1779248688161128,1.1773579694162184,1.1775403924989056
2.2981997940267789,2.3981215242018585,2.3481606591143187,0.69562331961419877,0.00011320369829077944,0.69554834180952818,0.69553802176015955,0.69607084792062679,0.69544915213636338,0.69551023444431603
2.3981215242018585,2.4980432543769346,2.4480823892893966,0.33427751489926549,0.0001020070583100445,0.33415110260136521,0.33427777921534557,0.3346720882371863,0.33415769762119457,0.33412890682123586
2.4980432543769346,2.5979649845520107,2.5480041194644727,0.13126501176723798,6.6169015789694757e-05,0.1311702826809131,0.13129066296746969,0.13151143140320984,0.13120361270947986,0.13114906907511736
2.5979649845520107,2.6978867147270869,2.6479258496395488,0.045749460088295127,3.4238134562014011e-05,0.045706851990113519,0.045787808045387492,0.045865376388936417,0.045709266003283767,0.045677998013754446
2.6978867147270869,2.797808444902163,2.7478475798146249,0.030045771227042339,3.2348833175380931e-05,0.030052271962014595,0.03011994431089399,0.030112202379603048,0.029980936536350745,0.029963500946349308
2.797808444902163,2.8977301750772391,2.847769309989701,0.071576917944640467,5.9704921756908414e-05,0.071635506003076027,0.071711785830836247,0.071668933019827338,0.071449315522356685,0.071419049347106092
2.8977301750772391,2.9976519052523187,2.9476910401647789,0.20083069495171418,9.4125518653645596e-05,0.20093294796966996,0.20101554102301375,0.20099929077516077,0.2006153981341047,0.20059029685662189
2.9976519052523187,3.0975736354273984,3.0476127703398586,0.46939326572513912,0.00012479583329482889,0.46948344589250168,0.46959431163962773,0.46969014375974344,0.46906873183207098,0.46912969550175182
3.0975736354273984,3.1974953656024745,3.1475345005149364,0.89191166637941977,0.00015922776543421906,0.89192155065994694,0.89210273725641187,0.8923796136314297,0.89145937206016246,0.89169505828914764
3.1974953656024745,3.2974170957775506,3.2474562306900125,1.3780236961710373,0.00017804475500045742,1.3779731938436559,1.3781440729511545,1.3785986926589946,1.3775032614391234,1.377899259962257
3.2974170957775506,3.3973388259526267,3.3473779608650887,1.7336099210187903,0.00013517704126583496,1.7335748074033901,1.7335478995524214,1.7340716307262891,1.7332267060590361,1.7336285613528162
3.3973388259526267,3.4972605561277028,3.4472996910401648,1.7779553652694076,8.1076391578319501e-05,1.7779259630236159,1.7776827799079626,1.778057298137238,1.7779415965601542,1.7781691887180677
3.4972605561277028,3.5971822863027825,3.5472214212152426,1.4877516199859295,0.00016141908081353167,1.4876739696640584,1.4874073577573681,1.4874185480814448,1.4881469823193285,1.4881112421074476
3.5971822863027825,3.6971040164778621,3.6471431513903223,1.0162297131412423,0.00021266478909589095,1.0161405564212778,1.0159853802723244,1.0156271362336404,1.0168312933969017,1.0165641993820673
3.6971040164778621,3.7970257466529382,3.7470648815654002,0.56674965650978548,0.00018537866836706188,0.56671689162532113,0.56666310382915108,0.56615202278170296,0.56728780471715412,0.5669284595955979
3.7970257466529382,3.8969474768280143,3.8469866117404763,0.25822257642441743,0.00011815557632523964,0.25823321941169841,0.25824262390711955,0.25781674908095847,0.25855786073703613,0.25826242898527479
3.8969474768280143,3.9968692070030905,3.9469083419155524,0.097271409254231236,5.5800059757971081e-05,0.097276710073369035,0.097321849595348217,0.097080092898687589,0.097422588524112841,0.097255805179638499
3.9968692070030905,4.0967909371781666,4.0468300720906285,0.036264734161706766,2.0403543381245545e-05,0.036257774652358236,0.036320370111615673,0.03620491701568581,0.036298072745749095,0.036242536283125043
4.0967909371781666,4.1967126673532462,4.1467518022657064,0.036723678159822651,3.213901882892621e-05,0.036734032273764983,0.036841381690724255,0.036682382810086137,0.036655519523216669,0.036705074501321204
4.1967126673532462,4.2966343975283259,4.246673532440786,0.099264778867115905,8.8998159627526574e-05,0.099331195126306823,0.099555915036052947,0.099108837746219328,0.099053065893621797,0.099274880533378615
4.2966343975283259,4.396556127703402,4.3465952626158639,0.26287882570198018,0.00017640216338244785,0.26304023812245475,0.26338934311126339,0.26248207122081152,0.26247628745145257,0.26300618860391878
4.396556127703402,4.4964778578784781,4.44651699279094,0.57340768942390064,0.00024603337722044173,0.57369387016314033,0.57395142171843694,0.5728229183958482,0.57280496231425582,0.57376527452782156
4.4964778578784781,4.5963995880535542,4.5464387229660161,1.0200940224171104,0.00024703412890767233,1.0204971910431968,1.020312437787954,1.0196890026765961,1.019344344945593,1.0206271356322114
4.5963995880535542,4.6963213182286303,4.6463604531410923,1.4818639666488056,0.00021300515064601937,1.4822924335588767,1.4816077337017264,1.482060606813387,1.4811544185241392,1.4822046406458991
4.6963213182286303,4.79624304840371,4.7462821833161701,1.7606001891716616,0.00023934881509649896,1.7608866337692859,1.7601260486205577,1.7614042091273225,1.7602565193607316,1.7603275349804102
4.79624304840371,4.8961647785787896,4.8462039134912498,1.7130904095148669,0.00030138952307212961,1.7131032976045721,1.7127156407786888,1.7140324156231774,1.7133573238481301,1.7122433697197661
4.8961647785787896,4.9960865087538657,4.9461256436663277,1.3665468443884818,0.00029962100708920539,1.3662944300015389,1.3663110557738671,1.3671008809616518,1.3673406748767201,1.3656871803286312
4.9960865087538657,5.0960082389289418,5.0460473738414038,0.89439278255511678,0.00024428453748859957,0.89400085394103679,0.8942071818704348,0.89439088396957045,0.89532963292463652,0.89403536006990503
5.0960082389289418,5.1959299691040179,5.1459691040164799,0.48055773403320484,0.00019819075868344002,0.48016741681060765,0.48042134289556793,0.48023399467365863,0.48125517437396031,0.48071074141222941
5.1959299691040179,5.295851699279094,5.245890834191556,0.21234159379884029,0.00014575811423312888,0.21204554358286565,0.21228122528517593,0.21201973930331772,0.21268138965400007,0.21268007116884222
5.295851699279094,5.3957734294541702,5.3458125643666321,0.078997656219906148,8.4048486107818568e-05,0.078836451000023913,0.078985749867174604,0.078812981540953994,0.079084235104542905,0.079268863586835311
5.3957734294541702,5.4956951596292498,5.44573429454171,0.033293327056669639,4.2773544379655746e-05,0.033279432134526776,0.033294698434503521,0.033197762277936221,0.033243876284222991,0.033450866152158698
5.4956951596292498,5.5956168898043295,5.5456560247167896,0.045501377656646878,6.1656926132203893e-05,0.045650119622820028,0.045540259988128752,0.0453733516071839,0.045340756367639783,0.045602400697461944
5.5956168898043295,5.6955386199794056,5.6455777548918675,0.12502078740401237,0.00013019869378393844,0.12534354324606026,0.12521660423292866,0.12472018819945895,0.12470881996311499,0.12511478137849899
5.6955386199794056,5.7954603501544817,5.7454994850669436,0.31362454549441954,0.0002278314389616256,0.31405548783181331,0.314162895948845,0.31307915176305445,0.31311652903534976,0.31370866289303517
5.7954603501544817,5.8953820803295578,5.8454212152420197,0.6481101080522168,0.00030459680060719319,0.64843071286380149,0.64906336868610393,0.6474882901053306,0.64743419117052714,0.64813397743532108
5.8953820803295578,5.9953038105046339,5.9453429454170958,1.0979804304809284,0.00029530900115993353,1.097881866945791,1.0990753861796292,1.0977279372447131,1.0972961832992383,1.0979207787352701
5.9953038105046339,6.0952255406797136,6.0452646755921737,1.5276096119864604,0.00026296980454679008,1.5269519501879214,1.5282957631467753,1.5281085665874794,1.5271317806344296,1.5275599993756959
6.0952255406797136,6.1951472708547932,6.1451864057672534,1.7488184531894309,0.00032807913915474491,1.7478759894247358,1.7487151618687449,1.7499246066800691,1.7486690653595176,1.7489074426140874
6.1951472708547932,6.2950690010298693,6.2451081359423313,1.6501568394118986,0.00033381639908371471,1.6494899309523665,1.6493924124160182,1.6512205868889485,1.6503259180235819,1.650355348778578
6.2950690010298693,6.3949907312049454,6.3450298661174074,1.2851674051875048,0.00025525742896389571,1.2851166101414764,1.2842156438222705,1.2856220719614624,1.285578979699715,1.2853037203125988
6.3949907312049454,6.4949124613800215,6.4449515962924835,0.82703956804607937,0.00023182435643347878,0.8274217005994623,0.82628544685836636,0.82687034765475786,0.82761434146349677,0.82700600365431354
6.4949124613800215,6.5948341915550976,6.5448733264675596,0.44019337971173195,0.00022247833960957445,0.44059666909772116,0.43972533670814867,0.43977556747925473,0.44083292366198767,0.44003640161154739
6.5948341915550976,6.6947559217301773,6.6447950566426375,0.19433070804592983,0.00017017731335433874,0.19454863345339549,0.19407728846346384,0.19397844023205471,0.19489080011264218,0.19415837796809302
6.6947559217301773,6.794677651905257,6.7447167868177171,0.07353030808702038,0.00010215598733467463,0.073611474202166585,0.073434716179700793,0.073311329124117711,0.073889704189171887,0.073404316739944894
6.794677651905257,6.8945993820803331,6.844638516992795,0.034119950653634365,5.1863499523416122e-05,0.034169118327462215,0.034181515229960095,0.033962316632306568,0.034247421781719967,0.034039381296723001
6.8945993820803331,6.9945211122554092,6.9445602471678711,0.051676090339355808,7.7051403885318939e-05,0.051711129830039802,0.051954428713641837,0.051503954812880094,0.051590754861772066,0.051620183478445263
6.9945211122554092,7.0944428424304853,7.0444819773429472,0.13844834665086331,0.00015640095202997965,0.13838262080503425,0.13904992242109496,0.13823879162784139,0.13817147942886934,0.13839891897147655
7.0944428424304853,7.1943645726055614,7.1444037075180233,0.33413850880856644,0.00024649857895503154,0.33385929521569779,0.33509954014955184,0.33392298722734326,0.33373429946396532,0.33407642198627402
7.1943645726055614,7.2942863027806411,7.2443254376931012,0.6682730758098594,0.00028672256881598872,0.66777514711573194,0.66937242435537614,0.66813879921243313,0.66786550015142232,0.66821350821433345
7.2942863027806411,7.3942080329557207,7.3442471678681809,1.1037116843941519,0.00021770958286750037,1.1031815164018848,1.1044423331932738,1.1038115976562624,1.1033641012868529,1.1037588734324855
7.3942080329557207,7.4941297631307968,7.4441688980432588,1.5086750837785261,0.00014774604153331022,1.5084013791340734,1.508560279700583,1.5090910486400861,1.5083654841479361,1.5089572272699516
7.4941297631307968,7.5940514933058729,7.5440906282183349,1.7107716733180502,0.00027087010851375521,1.7109169323062725,1.7098104237042915,1.7112764693610902,1.710596308949164,1.711258232269433
7.5940514933058729,7.693973223480949,7.644012358393411,1.6126918706014386,0.00032322062213365279,1.6131446905119313,1.6114212043888354,1.6128949890503506,1.6128585386766041,1.6131399303794722
7.693973223480949,7.7938949536560251,7.7439340885684871,1.2661058139270687,0.00027209278646560199,1.2665780299901477,1.2651372321462888,1.2659363833188559,1.2666247254065439,1.2662526987735072
7.7938949536560251,7.8938166838311012,7.8438558187435632,0.82916875648651689,0.000197269724714858,0.82944577596013713,0.82871611219034103,0.82892209585774701,0.82979623817935078,0.82896356024500817
7.8938166838311012,7.9937384140061809,7.9437775489186411,0.45364787424595743,0.00014348350940179361,0.45372726925515416,0.45353982614304605,0.45355508387809973,0.4541432153963687,0.45327397655711854
7.9937384140061809,8.0936601441812606,8.0436992790937207,0.20801971218973181,9.6485577630797613e-05,0.20802061851182518,0.20802472913810452,0.20805237454172179,0.20830402445772403,0.20769681429928366
8.0936601441812606,8.1935818743563367,8.1436210092687986,0.082346809594121106,5.244236939926342e-05,0.082352361156082812,0.082360476137128782,0.0823956604817183,0.082471020705727316,0.082154529489948322
8.1935818743563367,8.2935036045314128,8.2435427394438747,0.038005418007068296,2.6784272881370139e-05,0.038026107118539161,0.038004444112161508,0.038031509862068602,0.038060581842418111,0.037904447100154115
8.2935036045314128,8.3934253347064889,8.3434644696189508,0.05093927458065807,2.2851678911569736e-05,0.05098619588938693,0.05088094686603551,0.050948701247681617,0.050988995504573108,0.050891533395613163
8.3934253347064889,8.493347064881565,8.4433861997940269,0.12941671468769889,6.1170816935741669e-05,0.12956322317205196,0.12919735349973416,0.12939443472918125,0.12947504674831464,0.12945351528921245
8.493347064881565,8.5932687950566446,8.5433079299691048,0.30726790509965263,0.00014539798680168297,0.30762561215289952,0.30677251322025384,0.30718220944374669,0.30728699168017243,0.30747219900119088
8.5932687950566446,8.6931905252317243,8.6432296601441845,0.61210179788627683,0.00024131738856058177,0.61269449671110154,0.61133533263207418,0.61199174701504233,0.61194914463030348,0.61253826844286308
8.6931905252317243,8.7931122554068004,8.7431513903192624,1.0167551751793795,0.00028972208416630648,1.017387698955835,1.0159207307895104,1.0167834350958918,1.0163097855019938,1.0173742255536664
8.7931122554068004,8.8930339855818765,8.8430731204943385,1.4115356057789412,0.00025145950388486156,1.4118940085492866,1.4109281069899031,1.4118519177591342,1.4109254485566458,1.4120785470397361
8.8930339855818765,8.9929557157569526,8.9429948506694146,1.6423490859383694,0.00015822145237152129,1.6423093911017741,1.6421594779851505,1.642887009262842,1.641943609507299,1.6424459418347805
8.9929557157569526,9.0928774459320287,9.0429165808444907,1.6057931699135437,0.0001715756412369748,1.6054980099029594,1.6060168678573792,1.6063003904401769,1.6057982126778905,1.6053523686893134
9.0928774459320287,9.1927991761071084,9.1428383110195686,1.3225892313734977,0.00021497338013342545,1.322198235597331,1.323091489686516,1.3228381908885574,1.3228519911920691,1.3219662495030158
9.1927991761071084,9.2927209062821881,9.2427600411946482,0.9196559794310476,0.00020752487818942846,0.9192215742732911,0.92028744961988573,0.91955970833353284,0.91996580547028639,0.91924535945824193
9.2927209062821881,9.3926426364572642,9.3426817713697261,0.5409523491182181,0.00020357365720403576,0.54053018035811029,0.54159022459097639,0.54058386934972802,0.54124815072573496,0.54080932056654085
9.3926426364572642,9.4925643666323403,9.4426035015448022,0.26993182261868459,0.00018087140828254166,0.26961934328903575,0.27046992769016148,0.26948492777223348,0.27018890496913656,0.26989600937285579
9.4925643666323403,9.5924860968074164,9.5425252317198783,0.11606393258861884,0.00012899234162800716,0.11591650341062548,0.11644379419100521,0.11569348150951335,0.11623292118369455,0.11603296264825558
9.5924860968074164,9.6924078269824925,9.6424469618949544,0.049911170760656494,8.7125794744590413e-05,0.049922713619708514,0.050141032229528572,0.049602305683577756,0.049969144047118517,0.049920658223349096
9.6924078269824925,9.7923295571575721,9.7423686920700323,0.044139187766297452,0.00010435470712618951,0.04432336646309059,0.044221073506202989,0.043760908906683167,0.04407743892731799,0.044313151028192499
9.7923295571575721,9.8922512873326518,9.842290422245112,0.096060372888639015,0.00020179587773821664,0.096506328160609056,0.095921456957305015,0.095497856077415219,0.09583654494962475,0.096539678298240991
9.8922512873326518,9.9921730175077279,9.9422121524201899,0.22842977629859421,0.00034085097098573883,0.22925230584478326,0.2279850515761995,0.22767617142078392,0.22798099759844973,0.22925435505275452
9.9921730175077279,10.092094747682804,10.042133882595266,0.46921286969258036,0.00044652129891704131,0.4704214247669814,0.46850585954999874,0.46842944235340606,0.46852505596969518,0.47018256582282042
10.092094747682804,10.19201647785788,10.142055612770342,0.81440051107067579,0.00043383495453375707,0.81575753185313238,0.81368010217932163,0.81391620069645521,0.81356356909049765,0.81508515153397221
10.19201647785788,10.291938208032956,10.241977342945418,1.1960067964338252,0.00029712076300662907,1.1970104449465859,1.1956562356028799,1.1961592440793136,1.1952247347836333,1.1959833227567127
10.291938208032956,10.391859938208032,10.341899073120494,1.4911211934057955,0.00029176615188262773,1.4912443178951094,1.491409235856002,1.4919709206254677,1.4906998614458156,1.4902816312065834
10.391859938208032,10.491781668383112,10.441820803295572,1.5835858460571244,0.00048262901798715163,1.5826533160622749,1.5844162074415129,1.5847679540644124,1.5837938700982512,1.5822978826191705
10.491781668383112,10.591703398558192,10.541742533470652,1.4371528728802061,0.00056012980196894257,1.4355398785030831,1.4381048504650138,1.4381230182730025,1.4379411588834301,1.4360554582765008
10.591703398558192,10.691625128733268,10.64166426364573,1.1178881308085065,0.00046024656048759192,1.1163281146230668,1.1185172414145768,1.1183480077370662,1.1188600847074495,1.1173872055603733
10.691625128733268,10.791546858908344,10.741585993820806,0.74743731538307645,0.0002719929742691592,0.74650392396771048,0.74757337807475854,0.74745508866699906,0.74820504927716047,0.74744913692875359
10.791546858908344,10.89146858908342,10.841507723995882,0.43086279570946734,0.00013862393875924053,0.43058131681099104,0.4306842644546684,0.43067876925657228,0.4313112474699643,0.43105838055514062
10.89146858908342,10.991390319258496,10.941429454170958,0.21534711819538588,8.301895955297146e-05,0.21536748186755159,0.21514701779740172,0.21516825484028526,0.21554985960603032,0.21550297686566033
10.991390319258496,11.091312049433576,11.041351184346036,0.096419236181344598,4.16106859557791e-05,0.096466166941813383,0.096317791219975316,0.096323695428394016,0.096464690636892406,0.096523836679647923
11.091312049433576,11.191233779608655,11.141272914521116,0.049095083092765612,4.6734306593081926e-05,0.049131673833432053,0.049025282661103044,0.049036625962192638,0.049018743907423203,0.049263089099677138
11.191233779608655,11.291155509783732,11.241194644696193,0.056041609792676972,0.00011261235743506681,0.056145687919111259,0.05592150066185763,0.055895407471482805,0.055811408726653557,0.056434044184279615
11.291155509783732,11.391077239958808,11.34111637487127,0.1203154940710128,0.00023730558113452775,0.1205645261016096,0.12015609698113106,0.11992274692615057,0.11981949107606242,0.1211146092701104
11.391077239958808,11.490998970133884,11.441038105046346,0.26135287686593089,0.00040220144534569964,0.26178140113496012,0.26125805581123801,0.26060016781627421,0.2604695984439005,0.26265516112328169
11.490998970133884,11.59092070030896,11.540959835221422,0.49554262348477723,0.0005204906345562891,0.49612775635963519,0.49564259349285589,0.49447097549916125,0.49434976877533177,0.49712202329690219
11.59092070030896,11.690842430484039,11.6408815653965,0.80846185705725682,0.00048322881229365995,0.80914773198432421,0.80880398245625429,0.80729104158172216,0.80737099948685787,0.80969552977712533
11.690842430484039,11.790764160659119,11.740803295571579,1.1375629445780753,0.00031346555582587016,1.138274562358937,1.138052468660901,1.1365696729878731,1.1371342126411044,1.1377838062415617
11.790764160659119,11.890685890834195,11.840725025746657,1.3862460299970658,0.00034142779313195117,1.3868246249406149,1.3867340668799146,1.3856233889498293,1.3868216124629462,1.385226456752024
11.890685890834195,11.990607621009271,11.940646755921733,1.4693402757453105,0.00054808860969042582,1.4695262949363006,1.4697676245023832,1.4691798070192121,1.4707964555226927,1.4674311967459637
11.990607621009271,12.090529351184347,12.040568486096809,1.3603319411967933,0.00063327305965458569,1.3599528503660674,1.3607167798402191,1.3606632891159156,1.3621079082462997,1.3582188784154656
12.090529351184347,12.190451081359424,12.140490216271886,1.1044720731913564,0.00055285951499401981,1.1036590896234311,1.1047517465229137,1.1052532490537967,1.1058864769799672,1.1028098037766731
12.190451081359424,12.290372811534503,12.240411946446963,0.78940967407473384,0.00039263430405295853,0.78852030623561886,0.78941476127924792,0.79049071389560244,0.79005433846363859,0.78856825049956158
12.290372811534503,12.390294541709583,12.340333676622043,0.49854219896901364,0.00030552747906483998,0.49785534399883624,0.49819305594482782,0.49966792974233698,0.49846591245809685,0.49852875270097047
12.390294541709583,12.490216271884659,12.440255406797121,0.27959283282166381,0.0002974838991498103,0.27916128866396561,0.27903213114530173,0.28049661988728358,0.27916347317607537,0.28011065123569268
12.490216271884659,12.590138002059735,12.540177136972197,0.14155126341435248,0.00024769964050485493,0.14130440738306563,0.14102200489067243,0.14208041966355925,0.14113829629099076,0.14221118884347442
12.590138002059735,12.690059732234811,12.640098867147273,0.071096816513812736,0.00016812942545971552,0.070956894976989163,0.070754886096662903,0.071237056258930412,0.070848791512221329,0.071686453724259858
12.690059732234811,12.789981462409887,12.740020597322349,0.052378870704376967,0.00014331987761708386,0.052289364583951538,0.052256423934999574,0.052177959058273972,0.052223216561762764,0.052947389382897003
12.789981462409887,12.889903192584963,12.839942327497425,0.079496924580828063,0.00020193048901026095,0.079441080849201498,0.079575063729022399,0.078999141988989455,0.079262723964486567,0.080206612372440436
12.889903192584963,12.989824922760043,12.939864057672503,0.15853715772034213,0.00028995029549447657,0.15857448248383713,0.1587940942899729,0.15779891294886414,0.15806256923990625,0.15945572963913024
12.989824922760043,13.089746652935123,13.039785787847583,0.30001855256585808,0.00035178030853625356,0.30026600713701695,0.30044049181965132,0.2991875898520534,0.29922407421370772,0.30097459980686087
13.089746652935123,13.189668383110199,13.139707518022661,0.50512503316454993,0.00034697315195383774,0.5056448847189482,0.50572578575387273,0.50445557379736206,0.50411628889146642,0.50568263266110003
13.189668383110199,13.289590113285275,13.239629248197737,0.75287481229170339,0.00032876561728319154,0.75361753592796832,0.75367372589475912,0.75253636565513971,0.75201489999702453,0.7525315339836256
13.289590113285275,13.389511843460351,13.339550978372813,0.99763719660033057,0.00043244621214181883,0.99855889655203223,0.99853484554266014,0.99746402072433327,0.99740570007458207,0.99622252010804591
13.389511843460351,13.489433573635427,13.439472708547889,1.1819081278850132,0.00058080494100691733,1.1830151940100022,1.1826375952549746,1.1815165800608736,1.1825625279372383,1.1798087421619781
13.489433573635427,13.589355303810507,13.539394438722967,1.2589682340591259,0.00063115672581062039,1.2600820239723707,1.2593070862509614,1.2582775032333746,1.2602967321333034,1.2568778247056198
13.589355303810507,13.689277033985586,13.639316168898047,1.2123860626244058,0.00050161027865207395,1.2130233223942188,1.212336416202368,1.2118684410788523,1.2138264160312444,1.2108757174153453
13.689277033985586,13.789198764160663,13.739237899073125,1.061082712906837,0.00030229138269169674,1.0608240541851108,1.0607382070336213,1.0613129709987745,1.0621407923830171,1.0603975399336603
13.789198764160663,13.889120494335739,13.839159629248201,0.84828683430022844,0.00038505784904188564,0.84721152603496108,0.84768735553496188,0.84936230297629622,0.8488247204371181,0.84834826651780515
13.889120494335739,13.989042224510815,13.939081359423277,0.62247205894585944,0.00050301864022231899,0.62109760994859864,0.62168207995441127,0.62397323112163361,0.62261145501676485,0.62299591868788884
13.989042224510815,14.088963954685891,14.039003089598353,0.4211680235247236,0.00046738850283522626,0.42002637752248084,0.42034353897936177,0.42253595340773614,0.4210573948555591,0.42187685285848026
14.088963954685891,14.188885684860971,14.138924819773431,0.26387854629381574,0.00034580436702654437,0.26320183690363214,0.26316839070037551,0.26477748611380908,0.26362139593585915,0.26462362181540305
14.188885684860971,14.28880741503605,14.23884654994851,0.15370494084345271,0.00024005944830006787,0.15342269439499365,0.15316149665061177,0.15412732529661977,0.15339775233201114,0.1544154355430272
14.28880741503605,14.388729145211126,14.338768280123588,0.08352843805193072,0.00017697127093367317,0.083454565692029206,0.083148887949189773,0.083644126953406728,0.08324650259894821,0.084148107066079669
14.388729145211126,14.488650875386202,14.438690010298664,0.042475886859815501,0.00013027275202326914,0.042465991915159096,0.042254974793812537,0.042451797758160492,0.042244549848903391,0.042962119983041981
14.488650875386202,14.588572605561279,14.53861174047374,0.020266455860010059,8.7922220280829333e-05,0.020251925416954152,0.020184923795240683,0.020207737348253128,0.020086629263656525,0.020601063475945813
14.588572605561279,14.688494335736355,14.638533470648817,0.0090979810090218265,5.320249876032959e-05,0.0090598255622987706,0.0091126703150146635,0.0090552392885076827,0.0089715231827222994,0.0092906466965657162
14.688494335736355,14.788416065911434,14.738455200823894,0.0038544525689950789,3.1211660854288389e-05,0.0038012919806819871,0.0039148904799099138,0.003836654643205404,0.0037802381622473805,0.0039391875789307083
14.788416065911434,14.888337796086514,14.838376930998974,0.0015458462033451077,2.0139586538366743e-05,0.0014965489329856619,0.0016107297286738858,0.001540900940927694,0.0015141543664403262,0.00156689704769797
14.888337796086514,14.98825952626159,14.938298661174052,0.00058838744559081045,1.2861290214812581e-05,0.00055510988171327761,0.00063467736058456703,0.0005848239354193604,0.0005830448302873441,0.00058428121994950335
14.98825952626159,15.088181256436666,15.038220391349128,0.00021298086727101944,6.947001735183584e-06,0.00019553992104595489,0.00023701526002447041,0.00020749112167027701,0.00021755891141091163,0.00020729912220348321
15.088181256436666,15.188102986611742,15.138142121524204,7.3566828562429597e-05,3.185635989316023e-06,6.5756949373047487e-05,8.2933158943611284e-05,6.7557491428172885e-05,7.782020838083617e-05,7.3766334686480175e-05
15.188102986611742,15.288024716786818,15.23806385169928,2.433893551185248e-05,1.6967567300794885e-06,2.0978919357434208e-05,2.7382690033297554e-05,1.9673285605109586e-05,2.5636679747747778e-05,2.8023102815673282e-05
15.288024716786818,15.387946446961895,15.337985581874356,7.6373750136692439e-06,1.0387103608835341e-06,6.2224678945538612e-06,8.7072544324964912e-06,4.9592378574680597e-06,7.3200781884637045e-06,1.09778366953641e-05
15.387946446961895,15.487868177136974,15.437907312049434,2.1817011665286316e-06,4.9432922924133537e-07,1.6600965394758716e-06,2.6188997661546515e-06,1.04263433523614e-06,1.7030024600349423e-06,3.8838727317415524e-06
15.487868177136974,15.58778990731205,15.537829042224512,5.3037493613331882e-07,1.6564815980217498e-07,3.8000065284638544e-07,6.8678974408461054e-07,1.7622347556034353e-07,3.0713053571306993e-07,1.1017302724621849e-06
15.58778990731205,15.687711637487126,15.637750772399588,1.0236145284894474e-07,3.8707158110189452e-08,7.0441052903640482e-08,1.4273117683911357e-07,2.3193877008331194e-08,4.141841210808061e-08,2.3402274538555778e-07
15.687711637487126,15.78763336766221,15.737672502574668,1.4851021135301771e-08,6.2865286268614444e-09,9.9995468508675078e-09,2.1971041057206102e-08,2.3182065442048733e-09,4.0704514585917796e-09,3.5895859765638591e-08
15.78763336766221,15.887555097837286,15.837594232749748,1.5603534841957263e-09,7.064447658810608e-10,1.0404292406838431e-09,2.4100496799732347e-09,1.7269257605593019e-10,2.859937749190845e-10,3.89260214934654e-09
15.887555097837286,15.987476828012362,15.937515962924824,1.1587789359683356e-10,5.4649979979712072e-11,7.7003849799424384e-11,1.8443235312437995e-10,9.4579119863200874e-12,1.4155192688591344e-11,2.9434016038545198e-10
15.987476828012362,16.087398558187438,16.0374376930999,5.9880627367734812e-12,2.8965345282878727e-12,3.9770449620008072e-12,9.7281368966383594e-12,3.7686840306453597e-13,4.8786505536913332e-13,1.5370398366794568e-11
16.087398558187438,16.187320288362514,16.137359423274976,2.1311884268296618e-13,1.047560429337804e-13,1.4161934703762877e-13,3.5107710848887868e-13,1.0828609421517398e-14,1.160417692814812e-14,5.5046497153865798e-13
16.187320288362514,16.28724201853759,16.237281153450052,5.1882257290502954e-15,2.5766778672342358e-15,3.4503362325487057e-15,8.6273701590480803e-15,2.2238852666643456e-16,1.8918537948156391e-16,1.3451848347506695e-14
16.28724201853759,16.387163748712666,16.337202883625128,8.5985149698053335e-17,4.299272958804277e-17,5.7224732109371506e-17,1.438916653298653e-16,3.2335894664763701e-18,2.1023436450506969e-18,2.234734179395028e-16
16.387163748712666,16.487085478887749,16.437124613800208,9.6680342153902766e-19,4.8574452959798074e-19,6.4372869007001961e-19,1.6251623399715052e-18,3.2720967400987658e-20,1.5332557968387285e-20,2.5170725522842392e-18
16.487085478887749,16.587007209062826,16.537046343975287,7.22477053432878e-21,3.6608502801175606e-21,4.8182644775565592e-21,1.2249723975588393e-20,1.9549804233690715e-22,0,1.8860366176162045e-20
16.587007209062826,16.686928939237902,16.636968074150364,0,0,0,0,0,0,0
16.686928939237902,16.786850669412978,16.73688980432544,0,0,0,0,0,0,0
16.786850669412978,16.886772399588054,16.836811534500516,0,0,0,0,0,0,0
16.886772399588054,16.986694129763137,16.936733264675595,0,0,0,0,0,0,0
16.986694129763137,17.086615859938213,17.036654994850675,0,0,0,0,0,0,0
17.086615859938213,17.186537590113289,17.136576725025751,0,0,0,0,0,0,0
17.186537590113289,17.286459320288365,17.236498455200827,0,0,0,0,0,0,0
17.286459320288365,17.386381050463442,17.336420185375903,0,0,0,0,0,0,0
17.386381050463442,17.486302780638518,17.43634191555098,0,0,0,0,0,0,0
17.486302780638518,17.586224510813594,17.536263645726056,0,0,0,0,0,0,0
17.586224510813594,17.686146240988677,17.636185375901135,0,0,0,0,0,0,0
17.686146240988677,17.786067971163753,17.736107106076215,0,0,0,0,0,0,0
17.786067971163753,17.885989701338829,17.836028836251291,0,0,0,0,0,0,0
17.885989701338829,17.985911431513905,17.935950566426367,0,0,0,0,0,0,0
17.985911431513905,18.085833161688981,18.035872296601443,0,0,0,0,0,0,0
18.085833161688981,18.185754891864057,18.135794026776519,0,0,0,0,0,0,0
18.185754891864057,18.285676622039134,18.235715756951596,0,0,0,0,0,0,0
18.285676622039134,18.385598352214217,18.335637487126675,0,0,0,0,0,0,0
18.385598352214217,18.485520082389293,18.435559217301755,0,0,0,0,0,0,0
18.485520082389293,18.585441812564369,18.535480947476831,0,0,0,0,0,0,0
18.585441812564369,18.685363542739445,18.635402677651907,0,0,0,0,0,0,0
18.685363542739445,18.785285272914521,18.735324407826983,0,0,0,0,0,0,0
18.785285272914521,18.885207003089604,18.835246138002063,0,0,0,0,0,0,0
18.885207003089604,18.985128733264681,18.935167868177142,0,0,0,0,0,0,0
18.985128733264681,19.085050463439757,19.035089598352219,0,0,0,0,0,0,0
19.085050463439757,19.184972193614833,19.135011328527295,0,0,0,0,0,0,0
19.184972193614833,19.284893923789909,19.234933058702371,0,0,0,0,0,0,0
19.284893923789909,19.384815653964985,19.334854788877447,0,0,0,0,0,0,0
19.384815653964985,19.484737384140061,19.434776519052523,0,0,0,0,0,0,0
19.484737384140061,19.584659114315144,19.534698249227603,0,0,0,0,0,0,0
19.584659114315144,19.68458084449022,19.634619979402682,0,0,0,0,0,0,0
19.68458084449022,19.784502574665296,19.734541709577758,0,0,0,0,0,0,0
19.784502574665296,19.884424304840373,19.834463439752835,0,0,0,0,0,0,0
19.884424304840373,19.984346035015449,19.934385169927911,0,0,0,0,0,0,0
19.984346035015449,20.084267765190532,20.03430690010299,0,0,0,0,0,0,0
20.084267765190532,20.184189495365608,20.13422863027807,0,0,0,0,0,0,0
20.184189495365608,20.284111225540684,20.234150360453146,0,0,0,0,0,0,0
20.284111225540684,20.38403295571576,20.334072090628222,0,0,0,0,0,0,0
20.38403295571576,20.483954685890836,20.433993820803298,0,0,0,0,0,0,0
20.483954685890836,20.583876416065912,20.533915550978374,0,0,0,0,0,0,0
20.583876416065912,20.683798146240989,20.633837281153451,0,0,0,0,0,0,0
20.683798146240989,20.783719876416072,20.73375901132853,0,0,0,0,0,0,0
20.783719876416072,20.883641606591148,20.83368074150361,0,0,0,0,0,0,0
20.883641606591148,20.983563336766224,20.933602471678686,0,0,0,0,0,0,0
20.983563336766224,21.0834850669413,21.033524201853762,0,0,0,0,0,0,0
21.0834850669413,21.183406797116376,21.133445932028838,0,0,0,0,0,0,0
21.183406797116376,21.283328527291452,21.233367662203914,0,0,0,0,0,0,0
21.283328527291452,21.383250257466528,21.33328939237899,0,0,0,0,0,0,0
21.383250257466528,21.483171987641612,21.43321112255407,0,0,0,0,0,0,0
21.483171987641612,21.583093717816688,21.53313285272915,0,0,0,0,0,0,0
21.583093717816688,21.683015447991764,21.633054582904226,0,0,0,0,0,0,0
21.683015447991764,21.78293717816684,21.732976313079302,0,0,0,0,0,0,0
21.78293717816684,21.882858908341916,21.832898043254378,0,0,0,0,0,0,0
21.882858908341916,21.982780638516999,21.932819773429458,0,0,0,0,0,0,0
21.982780638516999,22.082702368692075,22.032741503604537,0,0,0,0,0,0,0
22.082702368692075,22.182624098867151,22.132663233779613,0,0,0,0,0,0,0
22.182624098867151,22.282545829042228,22.23258496395469,0,0,0,0,0,0,0
22.282545829042228,22.382467559217304,22.332506694129766,0,0,0,0,0,0,0
22.382467559217304,22.48238928939238,22.432428424304842,0,0,0,0,0,0,0
22.48238928939238,22.582311019567456,22.532350154479918,0,0,0,0,0,0,0
22.582311019567456,22.682232749742539,22.632271884654998,0,0,0,0,0,0,0
22.682232749742539,22.782154479917615,22.732193614830077,0,0,0,0,0,0,0
22.782154479917615,22.882076210092691,22.832115345005153,0,0,0,0,0,0,0
22.882076210092691,22.981997940267767,22.932037075180229,0,0,0,0,0,0,0
22.981997940267767,23.081919670442844,23.031958805355305,0,0,0,0,0,0,0
23.081919670442844,23.18184140061792,23.131880535530382,0,0,0,0,0,0,0
23.18184140061792,23.281763130792996,23.231802265705458,0,0,0,0,0,0,0
23.281763130792996,23.381684860968079,23.331723995880537,0,0,0,0,0,0,0
23.381684860968079,23.481606591143155,23.431645726055617,0,0,0,0,0,0,0
23.481606591143155,23.581528321318231,23.531567456230693,0,0,0,0,0,0,0
23.581528321318231,23.681450051493307,23.631489186405769,0,0,0,0,0,0,0
23.681450051493307,23.781371781668383,23.731410916580845,0,0,0,0,0,0,0
23.781371781668383,23.881293511843467,23.831332646755925,0,0,0,0,0,0,0
23.881293511843467,23.981215242018543,23.931254376931005,0,0,0,0,0,0,0
23.981215242018543,24.081136972193619,24.031176107106081,0,0,0,0,0,0,0
24.081136972193619,24.181058702368695,24.131097837281157,0,0,0,0,0,0,0
24.181058702368695,24.280980432543771,24.231019567456233,0,0,0,0,0,0,0
24.280980432543771,24.380902162718847,24.330941297631309,0,0,0,0,0,0,0
24.380902162718847,24.480823892893923,24.430863027806385,0,0,0,0,0,0,0
24.480823892893923,24.580745623069006,24.530784757981465,0,0,0,0,0,0,0
24.580745623069006,24.680667353244083,24.630706488156545,0,0,0,0,0,0,0
24.680667353244083,24.780589083419159,24.730628218331621,0,0,0,0,0,0,0
24.780589083419159,24.880510813594235,24.830549948506697,0,0,0,0,0,0,0
24.880510813594235,24.980432543769311,24.930471678681773,0,0,0,0,0,0,0
24.980432543769311,25.080354273944394,25.030393408856852,0,0,0,0,0,0,0
25.080354273944394,25.18027600411947,25.130315139031932,0,0,0,0,0,0,0
25.18027600411947,25.280197734294546,25.230236869207008,0,0,0,0,0,0,0
25.280197734294546,25.380119464469622,25.330158599382084,0,0,0,0,0,0,0
25.380119464469622,25.480041194644699,25.43008032955716,0,0,0,0,0,0,0
25.480041194644699,25.579962924819775,25.530002059732237,0,0,0,0,0,0,0
25.579962924819775,25.679884654994851,25.629923789907313,0,0,0,0,0,0,0
25.679884654994851,25.779806385169934,25.729845520082392,0,0,0,0,0,0,0
25.779806385169934,25.87972811534501,25.829767250257472,0,0,0,0,0,0,0
25.87972811534501,25.979649845520086,25.929688980432548,0,0,0,0,0,0,0
25.979649845520086,26.079571575695162,26.029610710607624,0,0,0,0,0,0,0
26.079571575695162,26.179493305870238,26.1295324407827,0,0,0,0,0,0,0
26.179493305870238,26.279415036045314,26.229454170957776,0,0,0,0,0,0,0
26.279415036045314,26.379336766220391,26.329375901132853,0,0,0,0,0,0,0
26.379336766220391,26.479258496395474,26.429297631307932,0,0,0,0,0,0,0
26.479258496395474,26.57918022657055,26.529219361483012,0,0,0,0,0,0,0
26.57918022657055,26.679101956745626,26.629141091658088,0,0,0,0,0,0,0
26.679101956745626,26.779023686920702,26.729062821833164,0,0,0,0,0,0,0
26.779023686920702,26.878945417095778,26.82898455200824,0,0,0,0,0,0,0
26.878945417095778,26.978867147270861,26.92890628218332,0,0,0,0,0,0,0
26.978867147270861,27.078788877445938,27.028828012358399,0,0,0,0,0,0,0
27.078788877445938,27.178710607621014,27.128749742533476,0,0,0,0,0,0,0
27.178710607621014,27.27863233779609,27.228671472708552,0,0,0,0,0,0,0
27.27863233779609,27.378554067971166,27.328593202883628,0,0,0,0,0,0,0
27.378554067971166,27.478475798146242,27.428514933058704,0,0,0,0,0,0,0
27.478475798146242,27.578397528321318,27.52843666323378,0,0,0,0,0,0,0
27.578397528321318,27.678319258496401,27.62835839340886,0,0,0,0,0,0,0
27.678319258496401,27.778240988671477,27.728280123583939,0,0,0,0,0,0,0
27.778240988671477,27.878162718846554,27.828201853759015,0,0,0,0,0,0,0
27.878162718846554,27.97808444902163,27.928123583934092,0,0,0,0,0,0,0
27.97808444902163,28.078006179196706,28.028045314109168,0,0,0,0,0,0,0
28.078006179196706,28.177927909371789,28.127967044284247,0,0,0,0,0,0,0
28.177927909371789,28.277849639546865,28.227888774459327,0,0,0,0,0,0,0
28.277849639546865,28.377771369721941,28.327810504634403,0,0,0,0,0,0,0
28.377771369721941,28.477693099897017,28.427732234809479,0,0,0,0,0,0,0
28.477693099897017,28.577614830072093,28.527653964984555,0,0,0,0,0,0,0
28.577614830072093,28.677536560247169,28.627575695159631,0,0,0,0,0,0,0
28.677536560247169,28.777458290422246,28.727497425334708,0,0,0,0,0,0,0
28.777458290422246,28.877380020597329,28.827419155509787,0,0,0,0,0,0,0
28.877380020597329,28.977301750772405,28.927340885684867,0,0,0,0,0,0,0
28.977301750772405,29.077223480947481,29.027262615859943,0,0,0,0,0,0,0
29.077223480947481,29.177145211122557,29.127184346035019,0,0,0,0,0,0,0
29.177145211122557,29.277066941297633,29.227106076210095,0,0,0,0,0,0,0
29.277066941297633,29.376988671472709,29.327027806385171,0,0,0,0,0,0,0
29.376988671472709,29.476910401647785,29.426949536560247,0,0,0,0,0,0,0
29.476910401647785,29.576832131822869,29.526871266735327,0,0,0,0,0,0,0
29.576832131822869,29.676753861997945,29.626792996910407,0,0,0,0,0,0,0
29.676753861997945,29.776675592173021,29.726714727085483,0,0,0,0,0,0,0
29.776675592173021,29.876597322348097,29.826636457260559,0,0,0,0,0,0,0
29.876597322348097,29.976519052523173,29.926558187435635,0,0,0,0,0,0,0
29.976519052523173,30.076440782698256,30.026479917610715,0,0,0,0,0,0,0
30.076440782698256,30.176362512873332,30.126401647785794,0,0,0,0,0,0,0
30.176362512873332,30.276284243048408,30.22632337796087,0,0,0,0,0,0,0
30.276284243048408,30.376205973223485,30.326245108135947,0,0,0,0,0,0,0
30.376205973223485,30.476127703398561,30.426166838311023,0,0,0,0,0,0,0
30.476127703398561,30.576049433573637,30.526088568486099,0,0,0,0,0,0,0
30.576049433573637,30.675971163748713,30.626010298661175,0,0,0,0,0,0,0
30.675971163748713,30.775892893923796,30.725932028836255,0,0,0,0,0,0,0
30.775892893923796,30.875814624098872,30.825853759011334,0,0,0,0,0,0,0
30.875814624098872,30.975736354273948,30.92577548918641,0,0,0,0,0,0,0
30.975736354273948,31.075658084449024,31.025697219361486,0,0,0,0,0,0,0
31.075658084449024,31.175579814624101,31.125618949536562,0,0,0,0,0,0,0
31.175579814624101,31.275501544799177,31.225540679711639,0,0,0,0,0,0,0
31.275501544799177,31.375423274974253,31.325462409886715,0,0,0,0,0,0,0
31.375423274974253,31.475345005149336,31.425384140061794,0,0,0,0,0,0,0
31.475345005149336,31.575266735324412,31.525305870236874,0,0,0,0,0,0,0
31.575266735324412,31.675188465499488,31.62522760041195,0,0,0,0,0,0,0
31.675188465499488,31.775110195674564,31.725149330587026,0,0,0,0,0,0,0
31.775110195674564,31.87503192584964,31.825071060762102,0,0,0,0,0,0,0
31.87503192584964,31.974953656024724,31.924992790937182,0,0,0,0,0,0,0
31.974953656024724,32.0748753861998,32.024914521112265,0,0,0,0,0,0,0
32.0748753861998,32.174797116374876,32.124836251287334,0,0,0,0,0,0,0
32.174797116374876,32.274718846549952,32.224757981462417,0,0,0,0,0,0,0
32.274718846549952,32.374640576725028,32.324679711637486,0,0,0,0,0,0,0
32.374640576725028,32.474562306900104,32.42460144181257,0,0,0,0,0,0,0
32.474562306900104,32.57448403707518,32.524523171987639,0,0,0,0,0,0,0
32.57448403707518,32.674405767250263,32.624444902162722,0,0,0,0,0,0,0
32.674405767250263,32.77432749742534,32.724366632337805,0,0,0,0,0,0,0
32.77432749742534,32.874249227600416,32.824288362512874,0,0,0,0,0,0,0
32.874249227600416,32.974170957775492,32.924210092687957,0,0,0,0,0,0,0
32.974170957775492,33.074092687950568,33.024131822863026,0,0,0,0,0,0,0
33.074092687950568,33.174014418125651,33.124053553038109,0,0,0,0,0,0,0
33.174014418125651,33.273936148300727,33.223975283213193,0,0,0,0,0,0,0
33.273936148300727,33.373857878475803,33.323897013388262,0,0,0,0,0,0,0
33.373857878475803,33.473779608650879,33.423818743563345,0,0,0,0,0,0,0
33.473779608650879,33.573701338825956,33.523740473738414,0,0,0,0,0,0,0
33.573701338825956,33.673623069001032,33.623662203913497,0,0,0,0,0,0,0
33.673623069001032,33.773544799176108,33.723583934088566,0,0,0,0,0,0,0
33.773544799176108,33.873466529351191,33.823505664263649,0,0,0,0,0,0,0
33.873466529351191,33.973388259526267,33.923427394438733,0,0,0,0,0,0,0
33.973388259526267,34.073309989701343,34.023349124613802,0,0,0,0,0,0,0
34.073309989701343,34.173231719876419,34.123270854788885,0,0,0,0,0,0,0
34.173231719876419,34.273153450051495,34.223192584963954,0,0,0,0,0,0,0
34.273153450051495,34.373075180226571,34.323114315139037,0,0,0,0,0,0,0
34.373075180226571,34.472996910401648,34.423036045314106,0,0,0,0,0,0,0
34.472996910401648,34.572918640576731,34.522957775489189,0,0,0,0,0,0,0
34.572918640576731,34.672840370751807,34.622879505664272,0,0,0,0,0,0,0
34.672840370751807,34.772762100926883,34.722801235839341,0,0,0,0,0,0,0
34.772762100926883,34.872683831101959,34.822722966014425,0,0,0,0,0,0,0
34.872683831101959,34.972605561277035,34.922644696189494,0,0,0,0,0,0,0
34.972605561277035,35.072527291452118,35.022566426364577,0,0,0,0,0,0,0
35.072527291452118,35.172449021627195,35.12248815653966,0,0,0,0,0,0,0
35.172449021627195,35.272370751802271,35.222409886714729,0,0,0,0,0,0,0
35.272370751802271,35.372292481977347,35.322331616889812,0,0,0,0,0,0,0
35.372292481977347,35.472214212152423,35.422253347064881,0,0,0,0,0,0,0
35.472214212152423,35.572135942327499,35.522175077239964,0,0,0,0,0,0,0
35.572135942327499,35.672057672502575,35.622096807415033,0,0,0,0,0,0,0
35.672057672502575,35.771979402677658,35.722018537590117,0,0,0,0,0,0,0
35.771979402677658,35.871901132852734,35.8219402677652,0,0,0,0,0,0,0
35.871901132852734,35.971822863027811,35.921861997940269,0,0,0,0,0,0,0
35.971822863027811,36.071744593202887,36.021783728115352,0,0,0,0,0,0,0
36.071744593202887,36.171666323377963,36.121705458290421,0,0,0,0,0,0,0
36.171666323377963,36.271588053553039,36.221627188465504,0,0,0,0,0,0,0
36.271588053553039,36.371509783728115,36.321548918640573,0,0,0,0,0,0,0
36.371509783728115,36.471431513903198,36.421470648815657,0,0,0,0,0,0,0
36.471431513903198,36.571353244078274,36.52139237899074,0,0,0,0,0,0,0
36.571353244078274,36.67127497425335,36.621314109165809,0,0,0,0,0,0,0
36.67127497425335,36.771196704428426,36.721235839340892,0,0,0,0,0,0,0
36.771196704428426,36.871118434603503,36.821157569515961,0,0,0,0,0,0,0
36.871118434603503,36.971040164778586,36.921079299691044,0,0,0,0,0,0,0
36.971040164778586,37.070961894953662,37.021001029866127,0,0,0,0,0,0,0
37.070961894953662,37.170883625128738,37.120922760041196,0,0,0,0,0,0,0
37.170883625128738,37.270805355303814,37.22084449021628,0,0,0,0,0,0,0
37.270805355303814,37.37072708547889,37.320766220391349,0,0,0,0,0,0,0
37.37072708547889,37.470648815653966,37.420687950566432,0,0,0,0,0,0,0
37.470648815653966,37.570570545829042,37.520609680741501,0,0,0,0,0,0,0
37.570570545829042,37.670492276004126,37.620531410916584,0,0,0,0,0,0,0
37.670492276004126,37.770414006179202,37.720453141091667,0,0,0,0,0,0,0
37.770414006179202,37.870335736354278,37.820374871266736,0,0,0,0,0,0,0
37.870335736354278,37.970257466529354,37.920296601441819,0,0,0,0,0,0,0
37.970257466529354,38.07017919670443,38.020218331616888,0,0,0,0,0,0,0
38.07017919670443,38.170100926879513,38.120140061791972,0,0,0,0,0,0,0
38.170100926879513,38.270022657054589,38.220061791967055,0,0,0,0,0,0,0
38.270022657054589,38.369944387229665,38.319983522142124,0,0,0,0,0,0,0
38.369944387229665,38.469866117404742,38.419905252317207,0,0,0,0,0,0,0
38.469866117404742,38.569787847579818,38.519826982492276,0,0,0,0,0,0,0
38.569787847579818,38.669709577754894,38.619748712667359,0,0,0,0,0,0,0
38.669709577754894,38.76963130792997,38.719670442842428,0,0,0,0,0,0,0
38.76963130792997,38.869553038105053,38.819592173017512,0,0,0,0,0,0,0
38.869553038105053,38.969474768280129,38.919513903192595,0,0,0,0,0,0,0
38.969474768280129,39.069396498455205,39.019435633367664,0,0,0,0,0,0,0
39.069396498455205,39.169318228630281,39.119357363542747,0,0,0,0,0,0,0
39.169318228630281,39.269239958805358,39.219279093717816,0,0,0,0,0,0,0
39.269239958805358,39.369161688980434,39.319200823892899,0,0,0,0,0,0,0
39.369161688980434,39.46908341915551,39.419122554067968,0,0,0,0,0,0,0
39.46908341915551,39.569005149330593,39.519044284243051,0,0,0,0,0,0,0
39.569005149330593,39.668926879505669,39.618966014418135,0,0,0,0,0,0,0
39.668926879505669,39.768848609680745,39.718887744593204,0,0,0,0,0,0,0
39.768848609680745,39.868770339855821,39.818809474768287,0,0,0,0,0,0,0
39.868770339855821,39.968692070030897,39.918731204943356,0,0,0,0,0,0,0
39.968692070030897,40.068613800205981,40.018652935118439,0,0,0,0,0,0,0
40.068613800205981,40.168535530381057,40.118574665293522,0,0,0,0,0,0,0
40.168535530381057,40.268457260556133,40.218496395468591,0,0,0,0,0,0,0
40.268457260556133,40.368378990731209,40.318418125643674,0,0,0,0,0,0,0
40.368378990731209,40.468300720906285,40.418339855818743,0,0,0,0,0,0,0
40.468300720906285,40.568222451081361,40.518261585993827,0,0,0,0,0,0,0
40.568222451081361,40.668144181256437,40.618183316168896,0,0,0,0,0,0,0
40.668144181256437,40.76806591143152,40.718105046343979,0,0,0,0,0,0,0
40.76806591143152,40.867987641606597,40.818026776519062,0,0,0,0,0,0,0
40.867987641606597,40.967909371781673,40.917948506694131,0,0,0,0,0,0,0
40.967909371781673,41.067831101956749,41.017870236869214,0,0,0,0,0,0,0
41.067831101956749,41.167752832131825,41.117791967044283,0,0,0,0,0,0,0
41.167752832131825,41.267674562306901,41.217713697219367,0,0,0,0,0,0,0
41.267674562306901,41.367596292481977,41.317635427394436,0,0,0,0,0,0,0
41.367596292481977,41.46751802265706,41.417557157569519,0,0,0,0,0,0,0
41.46751802265706,41.567439752832136,41.517478887744602,0,0,0,0,0,0,0
41.567439752832136,41.667361483007213,41.617400617919671,0,0,0,0,0,0,0
41.667361483007213,41.767283213182289,41.717322348094754,0,0,0,0,0,0,0
41.767283213182289,41.867204943357365,41.817244078269823,0,0,0,0,0,0,0
41.867204943357365,41.967126673532448,41.917165808444906,0,0,0,0,0,0,0
41.967126673532448,42.067048403707524,42.01708753861999,0,0,0,0,0,0,0
42.067048403707524,42.1669701338826,42.117009268795059,0,0,0,0,0,0,0
42.1669701338826,42.266891864057676,42.216930998970142,0,0,0,0,0,0,0
42.266891864057676,42.366813594232752,42.316852729145211,0,0,0,0,0,0,0
42.366813594232752,42.466735324407829,42.416774459320294,0,0,0,0,0,0,0
42.466735324407829,42.566657054582905,42.516696189495363,0,0,0,0,0,0,0
42.566657054582905,42.666578784757988,42.616617919670446,0,0,0,0,0,0,0
42.666578784757988,42.766500514933064,42.716539649845529,0,0,0,0,0,0,0
42.766500514933064,42.86642224510814,42.816461380020598,0,0,0,0,0,0,0
42.86642224510814,42.966343975283216,42.916383110195682,0,0,0,0,0,0,0
42.966343975283216,43.066265705458292,43.016304840370751,0,0,0,0,0,0,0
43.066265705458292,43.166187435633375,43.116226570545834,0,0,0,0,0,0,0
43.166187435633375,43.266109165808452,43.216148300720917,0,0,0,0,0,0,0
43.266109165808452,43.366030895983528,43.316070030895986,0,0,0,0,0,0,0
43.366030895983528,43.465952626158604,43.415991761071069,0,0,0,0,0,0,0
43.465952626158604,43.56587435633368,43.515913491246138,0,0,0,0,0,0,0
43.56587435633368,43.665796086508756,43.615835221421221,0,0,0,0,0,0,0
43.665796086508756,43.765717816683832,43.71575695159629,0,0,0,0,0,0,0
43.765717816683832,43.865639546858915,43.815678681771374,0,0,0,0,0,0,0
43.865639546858915,43.965561277033991,43.915600411946457,0,0,0,0,0,0,0
43.965561277033991,44.065483007209068,44.015522142121526,0,0,0,0,0,0,0
44.065483007209068,44.165404737384144,44.115443872296609,0,0,0,0,0,0,0
44.165404737384144,44.26532646755922,44.215365602471678,0,0,0,0,0,0,0
44.26532646755922,44.365248197734296,44.315287332646761,0,0,0,0,0,0,0
44.365248197734296,44.465169927909372,44.41520906282183,0,0,0,0,0,0,0
44.465169927909372,44.565091658084455,44.515130792996914,0,0,0,0,0,0,0
44.565091658084455,44.665013388259531,44.615052523171997,0,0,0,0,0,0,0
44.665013388259531,44.764935118434607,44.714974253347066,0,0,0,0,0,0,0
44.764935118434607,44.864856848609683,44.814895983522149,0,0,0,0,0,0,0
44.864856848609683,44.96477857878476,44.914817713697218,0,0,0,0,0,0,0
44.96477857878476,45.064700308959843,45.014739443872301,0,0,0,0,0,0,0
45.064700308959843,45.164622039134919,45.114661174047384,0,0,0,0,0,0,0
45.164622039134919,45.264543769309995,45.214582904222453,0,0,0,0,0,0,0
45.264543769309995,45.364465499485071,45.314504634397537,0,0,0,0,0,0,0
45.364465499485071,45.464387229660147,45.414426364572606,0,0,0,0,0,0,0
45.464387229660147,45.564308959835223,45.514348094747689,0,0,0,0,0,0,0
45.564308959835223,45.664230690010299,45.614269824922758,0,0,0,0,0,0,0
45.664230690010299,45.764152420185383,45.714191555097841,0,0,0,0,0,0,0
45.764152420185383,45.864074150360459,45.814113285272924,0,0,0,0,0,0,0
45.864074150360459,45.963995880535535,45.914035015447993,0,0,0,0,0,0,0
45.963995880535535,46.063917610710611,46.013956745623076,0,0,0,0,0,0,0
46.063917610710611,46.163839340885687,46.113878475798145,0,0,0,0,0,0,0
46.163839340885687,46.263761071060763,46.213800205973229,0,0,0,0,0,0,0
46.263761071060763,46.363682801235839,46.313721936148298,0,0,0,0,0,0,0
46.363682801235839,46.463604531410923,46.413643666323381,0,0,0,0,0,0,0
46.463604531410923,46.563526261585999,46.513565396498464,0,0,0,0,0,0,0
46.563526261585999,46.663447991761075,46.613487126673533,0,0,0,0,0,0,0
46.663447991761075,46.763369721936151,46.713408856848616,0,0,0,0,0,0,0
46.763369721936151,46.863291452111227,46.813330587023685,0,0,0,0,0,0,0
46.863291452111227,46.96321318228631,46.913252317198769,0,0,0,0,0,0,0
46.96321318228631,47.063134912461386,47.013174047373852,0,0,0,0,0,0,0
47.063134912461386,47.163056642636462,47.113095777548921,0,0,0,0,0,0,0
47.163056642636462,47.262978372811538,47.213017507724004,0,0,0,0,0,0,0
47.262978372811538,47.362900102986615,47.312939237899073,0,0,0,0,0,0,0
47.362900102986615,47.462821833161691,47.412860968074156,0,0,0,0,0,0,0
47.462821833161691,47.562743563336767,47.512782698249225,0,0,0,0,0,0,0
47.562743563336767,47.66266529351185,47.612704428424308,0,0,0,0,0,0,0
47.66266529351185,47.762587023686926,47.712626158599392,0,0,0,0,0,0,0
47.762587023686926,47.862508753862002,47.812547888774461,0,0,0,0,0,0,0
47.862508753862002,47.962430484037078,47.912469618949544,0,0,0,0,0,0,0
47.962430484037078,48.062352214212154,48.012391349124613,0,0,0,0,0,0,0
48.062352214212154,48.162273944387238,48.112313079299696,0,0,0,0,0,0,0
48.162273944387238,48.262195674562314,48.212234809474779,0,0,0,0,0,0,0
48.262195674562314,48.36211740473739,48.312156539649848,0,0,0,0,0,0,0
48.36211740473739,48.462039134912466,48.412078269824931,0,0,0,0,0,0,0
48.462039134912466,48.561960865087542,48.512,0,0,0,0,0,0,0
