q_left,q_right,q_center,n_fw,n_fw_sem,n_fw_seed_7001,n_fw_seed_7002,n_fw_seed_7003,n_fw_seed_7004,n_fw_seed_7005
-353.61499505090501,-353.51500494909499,-353.565,0,0,0,0,0,0,0
-353.51500494909499,-353.41501484728508,-353.46500989819003,0,0,0,0,0,0,0
-353.41501484728508,-353.31502474547511,-353.36501979638012,0,0,0,0,0,0,0
-353.31502474547511,-353.21503464366515,-353.2650296945701,0,0,0,0,0,0,0
-353.21503464366515,-353.11504454185524,-353.16503959276019,0,0,0,0,0,0,0
-353.11504454185524,-353.01505444004522,-353.06504949095023,0,0,0,0,0,0,0
-353.01505444004522,-352.91506433823531,-352.96505938914027,0,0,0,0,0,0,0
-352.91506433823531,-352.81507423642529,-352.8650692873303,0,0,0,0,0,0,0
-352.81507423642529,-352.71508413461538,-352.76507918552034,0,0,0,0,0,0,0
-352.71508413461538,-352.61509403280547,-352.66508908371043,0,0,0,0,0,0,0
-352.61509403280547,-352.51510393099545,-352.56509898190046,0,0,0,0,0,0,0
-352.51510393099545,-352.41511382918554,-352.4651088800905,0,0,0,0,0,0,0
-352.41511382918554,-352.31512372737552,-352.36511877828053,0,0,0,0,0,0,0
-352.31512372737552,-352.21513362556561,-352.26512867647057,0,0,0,0,0,0,0
-352.21513362556561,-352.11514352375571,-352.16513857466066,0,0,0,0,0,0,0
-352.11514352375571,-352.01515342194568,-352.06514847285069,0,0,0,0,0,0,0
-352.01515342194568,-351.91516332013578,-351.96515837104073,0,0,0,0,0,0,0
-351.91516332013578,-351.81517321832575,-351.86516826923076,0,0,0,0,0,0,0
-351.81517321832575,-351.71518311651585,-351.7651781674208,0,0,0,0,0,0,0
-351.71518311651585,-351.61519301470588,-351.66518806561089,0,0,0,0,0,0,0
-351.61519301470588,-351.51520291289592,-351.56519796380087,0,0,0,0,0,0,0
-351.51520291289592,-351.41521281108601,-351.46520786199096,0,0,0,0,0,0,0
-351.41521281108601,-351.31522270927599,-351.365217760181,0,0,0,0,0,0,0
-351.31522270927599,-351.21523260746608,-351.26522765837103,0,0,0,0,0,0,0
-351.21523260746608,-351.11524250565606,-351.16523755656107,0,0,0,0,0,0,0
-351.11524250565606,-351.01525240384615,-351.0652474547511,0,0,0,0,0,0,0
-351.01525240384615,-350.91526230203624,-350.96525735294119,0,0,0,0,0,0,0
-350.91526230203624,-350.81527220022622,-350.86526725113123,0,0,0,0,0,0,0
-350.81527220022622,-350.71528209841631,-350.76527714932126,0,0,0,0,0,0,0
-350.71528209841631,-350.61529199660629,-350.6652870475113,0,0,0,0,0,0,0
-350.61529199660629,-350.51530189479638,-350.56529694570133,0,0,0,0,0,0,0
-350.51530189479638,-350.41531179298647,-350.46530684389143,0,0,0,0,0,0,0
-350.41531179298647,-350.31532169117645,-350.36531674208146,0,0,0,0,0,0,0
-350.31532169117645,-350.21533158936654,-350.2653266402715,0,0,0,0,0,0,0
-350.21533158936654,-350.11534148755652,-350.16533653846153,0,0,0,0,0,0,0
-350.11534148755652,-350.01535138574661,-350.06534643665157,0,0,0,0,0,0,0
-350.01535138574661,-349.91536128393665,-349.96535633484166,0,0,0,0,0,0,0
-349.91536128393665,-349.81537118212668,-349.86536623303164,0,0,0,0,0,0,0
-349.81537118212668,-349.71538108031677,-349.76537613122173,0,0,0,0,0,0,0
-349.71538108031677,-349.61539097850675,-349.66538602941176,0,0,0,0,0,0,0
-349.61539097850675,-349.51540087669684,-349.5653959276018,0,0,0,0,0,0,0
-349.51540087669684,-349.41541077488688,-349.46540582579189,0,0,0,0,0,0,0
-349.41541077488688,-349.31542067307691,-349.36541572398187,0,0,0,0,0,0,0
-349.31542067307691,-349.21543057126701,-349.26542562217196,0,0,0,0,0,0,0
-349.21543057126701,-349.11544046945698,-349.165435520362,0,0,0,0,0,0,0
-349.11544046945698,-349.01545036764708,-349.06544541855203,0,0,0,0,0,0,0
-349.01545036764708,-348.91546026583705,-348.96545531674207,0,0,0,0,0,0,0
-348.91546026583705,-348.81547016402715,-348.8654652149321,0,0,0,0,0,0,0
-348.81547016402715,-348.71548006221724,-348.76547511312219,0,0,0,0,0,0,0
-348.71548006221724,-348.61548996040722,-348.66548501131223,0,0,0,0,0,0,0
-348.61548996040722,-348.51549985859731,-348.56549490950226,0,0,0,0,0,0,0
-348.51549985859731,-348.41550975678729,-348.4655048076923,0,0,0,0,0,0,0
-348.41550975678729,-348.31551965497738,-348.36551470588233,0,0,0,0,0,0,0
-348.31551965497738,-348.21552955316741,-348.26552460407243,0,0,0,0,0,0,0
-348.21552955316741,-348.11553945135745,-348.1655345022624,0,0,0,0,0,0,0
-348.11553945135745,-348.01554934954754,-348.0655444004525,0,0,0,0,0,0,0
-348.01554934954754,-347.91555924773752,-347.96555429864253,0,0,0,0,0,0,0
-347.91555924773752,-347.81556914592761,-347.86556419683257,0,0,0,0,0,0,0
-347.81556914592761,-347.71557904411765,-347.76557409502266,0,0,0,0,0,0,0
-347.71557904411765,-347.61558894230768,-347.66558399321264,0,0,0,0,0,0,0
-347.61558894230768,-347.51559884049777,-347.56559389140273,0,0,0,0,0,0,0
-347.51559884049777,-347.41560873868775,-347.46560378959276,0,0,0,0,0,0,0
-347.41560873868775,-347.31561863687784,-347.3656136877828,0,0,0,0,0,0,0
-347.31561863687784,-347.21562853506782,-347.26562358597283,0,0,0,0,0,0,0
-347.21562853506782,-347.11563843325791,-347.16563348416287,0,0,0,0,0,0,0
-347.11563843325791,-347.01564833144801,-347.06564338235296,0,0,0,0,0,0,0
-347.01564833144801,-346.91565822963798,-346.96565328054299,0,0,0,0,0,0,0
-346.91565822963798,-346.81566812782808,-346.86566317873303,0,0,0,0,0,0,0
-346.81566812782808,-346.71567802601805,-346.76567307692306,0,0,0,0,0,0,0
-346.71567802601805,-346.61568792420815,-346.6656829751131,0,0,0,0,0,0,0
-346.61568792420815,-346.51569782239824,-346.56569287330319,0,0,0,0,0,0,0
-346.51569782239824,-346.41570772058822,-346.46570277149323,0,0,0,0,0,0,0
-346.41570772058822,-346.31571761877831,-346.36571266968326,0,0,0,0,0,0,0
-346.31571761877831,-346.21572751696829,-346.2657225678733,0,0,0,0,0,0,0
-346.21572751696829,-346.11573741515838,-346.16573246606333,0,0,0,0,0,0,0
-346.11573741515838,-346.01574731334841,-346.06574236425342,0,0,0,0,0,0,0
-346.01574731334841,-345.91575721153845,-345.9657522624434,0,0,0,0,0,0,0
-345.91575721153845,-345.81576710972854,-345.86576216063349,0,0,0,0,0,0,0
-345.81576710972854,-345.71577700791852,-345.76577205882353,0,0,0,0,0,0,0
-345.71577700791852,-345.61578690610861,-345.66578195701356,0,0,0,0,0,0,0
-345.61578690610861,-345.51579680429859,-345.5657918552036,0,0,0,0,0,0,0
-345.51579680429859,-345.41580670248868,-345.46580175339363,0,0,0,0,0,0,0
-345.41580670248868,-345.31581660067877,-345.36581165158373,0,0,0,0,0,0,0
-345.31581660067877,-345.21582649886875,-345.26582154977376,0,0,0,0,0,0,0
-345.21582649886875,-345.11583639705884,-345.1658314479638,0,0,0,0,0,0,0
-345.11583639705884,-345.01584629524882,-345.06584134615383,0,0,0,0,0,0,0
-345.01584629524882,-344.91585619343891,-344.96585124434387,0,0,0,0,0,0,0
-344.91585619343891,-344.815866091629,-344.86586114253396,0,0,0,0,0,0,0
-344.815866091629,-344.71587598981898,-344.76587104072399,0,0,0,0,0,0,0
-344.71587598981898,-344.61588588800907,-344.66588093891403,0,0,0,0,0,0,0
-344.61588588800907,-344.51589578619905,-344.56589083710406,0,0,0,0,0,0,0
-344.51589578619905,-344.41590568438914,-344.4659007352941,0,0,0,0,0,0,0
-344.41590568438914,-344.31591558257918,-344.36591063348419,0,0,0,0,0,0,0
-344.31591558257918,-344.21592548076922,-344.26592053167417,0,0,0,0,0,0,0
-344.21592548076922,-344.11593537895931,-344.16593042986426,0,0,0,0,0,0,0
-344.11593537895931,-344.01594527714929,-344.0659403280543,0,0,0,0,0,0,0
-344.01594527714929,-343.91595517533938,-343.96595022624433,0,0,0,0,0,0,0
-343.91595517533938,-343.81596507352941,-343.86596012443442,0,0,0,0,0,0,0
-343.81596507352941,-343.71597497171945,-343.7659700226244,0,0,0,0,0,0,0
-343.71597497171945,-343.61598486990954,-343.66597992081449,0,0,0,0,0,0,0
-343.61598486990954,-343.51599476809952,-343.56598981900453,0,0,0,0,0,0,0
-343.51599476809952,-343.41600466628961,-343.46599971719456,0,0,0,0,0,0,0
-343.41600466628961,-343.31601456447959,-343.3660096153846,0,0,0,0,0,0,0
-343.31601456447959,-343.21602446266968,-343.26601951357463,0,0,0,0,0,0,0
-343.21602446266968,-343.11603436085977,-343.16602941176473,0,0,0,0,0,0,0
-343.11603436085977,-343.01604425904975,-343.06603930995476,0,0,0,0,0,0,0
-343.01604425904975,-342.91605415723984,-342.9660492081448,0,0,0,0,0,0,0
-342.91605415723984,-342.81606405542982,-342.86605910633483,0,0,0,0,0,0,0
-342.81606405542982,-342.71607395361991,-342.76606900452487,0,0,0,0,0,0,0
-342.71607395361991,-342.61608385181,-342.66607890271496,0,0,0,0,0,0,0
-342.61608385181,-342.51609374999998,-342.56608880090499,0,0,0,0,0,0,0
-342.51609374999998,-342.41610364819007,-342.46609869909503,0,0,0,0,0,0,0
-342.41610364819007,-342.31611354638005,-342.36610859728506,0,0,0,0,0,0,0
-342.31611354638005,-342.21612344457014,-342.2661184954751,0,0,0,0,0,0,0
-342.21612344457014,-342.11613334276018,-342.16612839366519,0,0,0,0,0,0,0
-342.11613334276018,-342.01614324095021,-342.06613829185517,0,0,0,0,0,0,0
-342.01614324095021,-341.91615313914031,-341.96614819004526,0,0,0,0,0,0,0
-341.91615313914031,-341.81616303733028,-341.8661580882353,0,0,0,0,0,0,0
-341.81616303733028,-341.71617293552038,-341.76616798642533,0,0,0,0,0,0,0
-341.71617293552038,-341.61618283371035,-341.66617788461537,0,0,0,0,0,0,0
-341.61618283371035,-341.51619273190045,-341.5661877828054,0,0,0,0,0,0,0
-341.51619273190045,-341.41620263009054,-341.46619768099549,0,0,0,0,0,0,0
-341.41620263009054,-341.31621252828052,-341.36620757918553,0,0,0,0,0,0,0
-341.31621252828052,-341.21622242647061,-341.26621747737556,0,0,0,0,0,0,0
-341.21622242647061,-341.11623232466059,-341.1662273755656,0,0,0,0,0,0,0
-341.11623232466059,-341.01624222285068,-341.06623727375563,0,0,0,0,0,0,0
-341.01624222285068,-340.91625212104077,-340.96624717194572,0,0,0,0,0,0,0
-340.91625212104077,-340.81626201923075,-340.86625707013576,0,0,0,0,0,0,0
-340.81626201923075,-340.71627191742084,-340.76626696832579,0,0,0,0,0,0,0
-340.71627191742084,-340.61628181561082,-340.66627686651583,0,0,0,0,0,0,0
-340.61628181561082,-340.51629171380091,-340.56628676470586,0,0,0,0,0,0,0
-340.51629171380091,-340.41630161199095,-340.46629666289596,0,0,0,0,0,0,0
-340.41630161199095,-340.31631151018098,-340.36630656108593,0,0,0,0,0,0,0
-340.31631151018098,-340.21632140837107,-340.26631645927603,0,0,0,0,0,0,0
-340.21632140837107,-340.11633130656105,-340.16632635746606,0,0,0,0,0,0,0
-340.11633130656105,-340.01634120475114,-340.0663362556561,0,0,0,0,0,0,0
-340.01634120475114,-339.91635110294118,-339.96634615384619,0,0,0,0,0,0,0
-339.91635110294118,-339.81636100113121,-339.86635605203617,0,0,0,0,0,0,0
-339.81636100113121,-339.7163708993213,-339.76636595022626,0,0,0,0,0,0,0
-339.7163708993213,-339.61638079751128,-339.66637584841629,0,0,0,0,0,0,0
-339.61638079751128,-339.51639069570138,-339.56638574660633,0,0,0,0,0,0,0
-339.51639069570138,-339.41640059389135,-339.46639564479636,0,0,0,0,0,0,0
-339.41640059389135,-339.31641049208145,-339.3664055429864,0,0,0,0,0,0,0
-339.31641049208145,-339.21642039027154,-339.26641544117649,0,0,0,0,0,0,0
-339.21642039027154,-339.11643028846152,-339.16642533936653,0,0,0,0,0,0,0
-339.11643028846152,-339.01644018665161,-339.06643523755656,0,0,0,0,0,0,0
-339.01644018665161,-338.91645008484159,-338.9664451357466,0,0,0,0,0,0,0
-338.91645008484159,-338.81645998303168,-338.86645503393663,0,0,0,0,0,0,0
-338.81645998303168,-338.71646988122177,-338.76646493212672,0,0,0,0,0,0,0
-338.71646988122177,-338.61647977941175,-338.66647483031676,0,0,0,0,0,0,0
-338.61647977941175,-338.51648967760184,-338.56648472850679,0,0,0,0,0,0,0
-338.51648967760184,-338.41649957579182,-338.46649462669683,0,0,0,0,0,0,0
-338.41649957579182,-338.31650947398191,-338.36650452488686,0,0,0,0,0,0,0
-338.31650947398191,-338.21651937217194,-338.26651442307696,0,0,0,0,0,0,0
-338.21651937217194,-338.11652927036198,-338.16652432126693,0,0,0,0,0,0,0
-338.11652927036198,-338.01653916855207,-338.06653421945703,0,0,0,0,0,0,0
-338.01653916855207,-337.91654906674205,-337.96654411764706,0,0,0,0,0,0,0
-337.91654906674205,-337.81655896493214,-337.8665540158371,0,0,0,0,0,0,0
-337.81655896493214,-337.71656886312212,-337.76656391402713,0,0,0,0,0,0,0
-337.71656886312212,-337.61657876131221,-337.66657381221717,0,0,0,0,0,0,0
-337.61657876131221,-337.5165886595023,-337.56658371040726,0,0,0,0,0,0,0
-337.5165886595023,-337.41659855769228,-337.46659360859729,0,0,0,0,0,0,0
-337.41659855769228,-337.31660845588237,-337.36660350678733,0,0,0,0,0,0,0
-337.31660845588237,-337.21661835407235,-337.26661340497736,0,0,0,0,0,0,0
-337.21661835407235,-337.11662825226244,-337.1666233031674,0,0,0,0,0,0,0
-337.11662825226244,-337.01663815045254,-337.06663320135749,0,0,0,0,0,0,0
-337.01663815045254,-336.91664804864251,-336.96664309954753,0,0,0,0,0,0,0
-336.91664804864251,-336.81665794683261,-336.86665299773756,0,0,0,0,0,0,0
-336.81665794683261,-336.71666784502258,-336.7666628959276,0,0,0,0,0,0,0
-336.71666784502258,-336.61667774321268,-336.66667279411763,0,0,0,0,0,0,0
-336.61667774321268,-336.51668764140271,-336.56668269230772,0,0,0,0,0,0,0
-336.51668764140271,-336.41669753959275,-336.4666925904977,0,0,0,0,0,0,0
-336.41669753959275,-336.31670743778284,-336.36670248868779,0,0,0,0,0,0,0
-336.31670743778284,-336.21671733597282,-336.26671238687783,0,0,0,0,0,0,0
-336.21671733597282,-336.11672723416291,-336.16672228506786,0,0,0,0,0,0,0
-336.11672723416291,-336.01673713235289,-336.0667321832579,0,0,0,0,0,0,0
-336.01673713235289,-335.91674703054298,-335.96674208144793,0,0,0,0,0,0,0
-335.91674703054298,-335.81675692873307,-335.86675197963802,0,0,0,0,0,0,0
-335.81675692873307,-335.71676682692305,-335.76676187782806,0,0,0,0,0,0,0
-335.71676682692305,-335.61677672511314,-335.66677177601809,0,0,0,0,0,0,0
-335.61677672511314,-335.51678662330312,-335.56678167420813,0,0,0,0,0,0,0
-335.51678662330312,-335.41679652149321,-335.46679157239817,0,0,0,0,0,0,0
-335.41679652149321,-335.3168064196833,-335.36680147058826,0,0,0,0,0,0,0
-335.3168064196833,-335.21681631787328,-335.26681136877829,0,0,0,0,0,0,0
-335.21681631787328,-335.11682621606337,-335.16682126696833,0,0,0,0,0,0,0
-335.11682621606337,-335.01683611425335,-335.06683116515836,0,0,0,0,0,0,0
-335.01683611425335,-334.91684601244344,-334.9668410633484,0,0,0,0,0,0,0
-334.91684601244344,-334.81685591063348,-334.86685096153849,0,0,0,0,0,0,0
-334.81685591063348,-334.71686580882351,-334.76686085972847,0,0,0,0,0,0,0
-334.71686580882351,-334.61687570701361,-334.66687075791856,0,0,0,0,0,0,0
-334.61687570701361,-334.51688560520358,-334.56688065610859,0,0,0,0,0,0,0
-334.51688560520358,-334.41689550339368,-334.46689055429863,0,0,0,0,0,0,0
-334.41689550339368,-334.31690540158371,-334.36690045248872,0,0,0,0,0,0,0
-334.31690540158371,-334.21691529977375,-334.2669103506787,0,0,0,0,0,0,0
-334.21691529977375,-334.11692519796384,-334.16692024886879,0,0,0,0,0,0,0
-334.11692519796384,-334.01693509615382,-334.06693014705883,0,0,0,0,0,0,0
-334.01693509615382,-333.91694499434391,-333.96694004524886,0,0,0,0,0,0,0
-333.91694499434391,-333.81695489253389,-333.8669499434389,0,0,0,0,0,0,0
-333.81695489253389,-333.71696479072398,-333.76695984162893,0,0,0,0,0,0,0
-333.71696479072398,-333.61697468891407,-333.66696973981902,0,0,0,0,0,0,0
-333.61697468891407,-333.51698458710405,-333.56697963800906,0,0,0,0,0,0,0
-333.51698458710405,-333.41699448529414,-333.46698953619909,0,0,0,0,0,0,0
-333.41699448529414,-333.31700438348412,-333.36699943438913,0,0,0,0,0,0,0
-333.31700438348412,-333.21701428167421,-333.26700933257916,0,0,0,0,0,0,0
-333.21701428167421,-333.1170241798643,-333.16701923076926,0,0,0,0,0,0,0
-333.1170241798643,-333.01703407805428,-333.06702912895929,0,0,0,0,0,0,0
-333.01703407805428,-332.91704397624437,-332.96703902714933,0,0,0,0,0,0,0
-332.91704397624437,-332.81705387443435,-332.86704892533936,0,0,0,0,0,0,0
-332.81705387443435,-332.71706377262444,-332.7670588235294,0,0,0,0,0,0,0
-332.71706377262444,-332.61707367081448,-332.66706872171949,0,0,0,0,0,0,0
-332.61707367081448,-332.51708356900451,-332.56707861990947,0,0,0,0,0,0,0
-332.51708356900451,-332.4170934671946,-332.46708851809956,0,0,0,0,0,0,0
-332.4170934671946,-332.31710336538458,-332.36709841628959,0,0,0,0,0,0,0
-332.31710336538458,-332.21711326357467,-332.26710831447963,0,0,0,0,0,0,0
-332.21711326357467,-332.11712316176465,-332.16711821266966,0,0,0,0,0,0,0
-332.11712316176465,-332.01713305995474,-332.0671281108597,0,0,0,0,0,0,0
-332.01713305995474,-331.91714295814484,-331.96713800904979,0,0,0,0,0,0,0
-331.91714295814484,-331.81715285633481,-331.86714790723983,0,0,0,0,0,0,0
-331.81715285633481,-331.71716275452491,-331.76715780542986,0,0,0,0,0,0,0
-331.71716275452491,-331.61717265271488,-331.6671677036199,0,0,0,0,0,0,0
-331.61717265271488,-331.51718255090498,-331.56717760180993,0,0,0,0,0,0,0
-331.51718255090498,-331.41719244909507,-331.46718750000002,0,0,0,0,0,0,0
-331.41719244909507,-331.31720234728505,-331.36719739819006,0,0,0,0,0,0,0
-331.31720234728505,-331.21721224547514,-331.26720729638009,0,0,0,0,0,0,0
-331.21721224547514,-331.11722214366512,-331.16721719457013,0,0,0,0,0,0,0
-331.11722214366512,-331.01723204185521,-331.06722709276016,0,0,0,0,0,0,0
-331.01723204185521,-330.91724194004524,-330.96723699095025,0,0,0,0,0,0,0
-330.91724194004524,-330.81725183823528,-330.86724688914023,0,0,0,0,0,0,0
-330.81725183823528,-330.71726173642537,-330.76725678733033,0,0,0,0,0,0,0
-330.71726173642537,-330.61727163461535,-330.66726668552036,0,0,0,0,0,0,0
-330.61727163461535,-330.51728153280544,-330.5672765837104,0,0,0,0,0,0,0
-330.51728153280544,-330.41729143099542,-330.46728648190043,0,0,0,0,0,0,0
-330.41729143099542,-330.31730132918551,-330.36729638009047,0,0,0,0,0,0,0
-330.31730132918551,-330.2173112273756,-330.26730627828056,0,0,0,0,0,0,0
-330.2173112273756,-330.11732112556558,-330.16731617647059,0,0,0,0,0,0,0
-330.11732112556558,-330.01733102375567,-330.06732607466063,0,0,0,0,0,0,0
-330.01733102375567,-329.91734092194565,-329.96733597285066,0,0,0,0,0,0,0
-329.91734092194565,-329.81735082013574,-329.8673458710407,0,0,0,0,0,0,0
-329.81735082013574,-329.71736071832584,-329.76735576923079,0,0,0,0,0,0,0
-329.71736071832584,-329.61737061651581,-329.66736566742082,0,0,0,0,0,0,0
-329.61737061651581,-329.51738051470591,-329.56737556561086,0,0,0,0,0,0,0
-329.51738051470591,-329.41739041289588,-329.46738546380089,0,0,0,0,0,0,0
-329.41739041289588,-329.31740031108598,-329.36739536199093,0,0,0,0,0,0,0
-329.31740031108598,-329.21741020927607,-329.26740526018102,0,0,0,0,0,0,0
-329.21741020927607,-329.11742010746605,-329.16741515837106,0,0,0,0,0,0,0
-329.11742010746605,-329.01743000565614,-329.06742505656109,0,0,0,0,0,0,0
-329.01743000565614,-328.91743990384612,-328.96743495475113,0,0,0,0,0,0,0
-328.91743990384612,-328.81744980203621,-328.86744485294116,0,0,0,0,0,0,0
-328.81744980203621,-328.71745970022624,-328.76745475113125,0,0,0,0,0,0,0
-328.71745970022624,-328.61746959841628,-328.66746464932123,0,0,0,0,0,0,0
-328.61746959841628,-328.51747949660637,-328.56747454751132,0,0,0,0,0,0,0
-328.51747949660637,-328.41748939479635,-328.46748444570136,0,0,0,0,0,0,0
-328.41748939479635,-328.31749929298644,-328.36749434389139,0,0,0,0,0,0,0
-328.31749929298644,-328.21750919117642,-328.26750424208143,0,0,0,0,0,0,0
-328.21750919117642,-328.11751908936651,-328.16751414027146,0,0,0,0,0,0,0
-328.11751908936651,-328.0175289875566,-328.06752403846156,0,0,0,0,0,0,0
-328.0175289875566,-327.91753888574658,-327.96753393665159,0,0,0,0,0,0,0
-327.91753888574658,-327.81754878393667,-327.86754383484163,0,0,0,0,0,0,0
-327.81754878393667,-327.71755868212665,-327.76755373303166,0,0,0,0,0,0,0
-327.71755868212665,-327.61756858031674,-327.6675636312217,0,0,0,0,0,0,0
-327.61756858031674,-327.51757847850683,-327.56757352941179,0,0,0,0,0,0,0
-327.51757847850683,-327.41758837669681,-327.46758342760182,0,0,0,0,0,0,0
-327.41758837669681,-327.3175982748869,-327.36759332579186,0,0,0,0,0,0,0
-327.3175982748869,-327.21760817307688,-327.26760322398189,0,0,0,0,0,0,0
-327.21760817307688,-327.11761807126697,-327.16761312217193,0,0,0,0,0,0,0
-327.11761807126697,-327.01762796945701,-327.06762302036202,0,0,0,0,0,0,0
-327.01762796945701,-326.91763786764704,-326.967632918552,0,0,0,0,0,0,0
-326.91763786764704,-326.81764776583714,-326.86764281674209,0,0,0,0,0,0,0
-326.81764776583714,-326.71765766402712,-326.76765271493213,0,0,0,0,0,0,0
-326.71765766402712,-326.61766756221721,-326.66766261312216,0,0,0,0,0,0,0
-326.61766756221721,-326.51767746040719,-326.5676725113122,0,0,0,0,0,0,0
-326.51767746040719,-326.41768735859728,-326.46768240950223,0,0,0,0,0,0,0
-326.41768735859728,-326.31769725678737,-326.36769230769232,0,0,0,0,0,0,0
-326.31769725678737,-326.21770715497735,-326.26770220588236,0,0,0,0,0,0,0
-326.21770715497735,-326.11771705316744,-326.16771210407239,0,0,0,0,0,0,0
-326.11771705316744,-326.01772695135742,-326.06772200226243,0,0,0,0,0,0,0
-326.01772695135742,-325.91773684954751,-325.96773190045246,0,0,0,0,0,0,0
-325.91773684954751,-325.8177467477376,-325.86774179864256,0,0,0,0,0,0,0
-325.8177467477376,-325.71775664592758,-325.76775169683259,0,0,0,0,0,0,0
-325.71775664592758,-325.61776654411767,-325.66776159502263,0,0,0,0,0,0,0
-325.61776654411767,-325.51777644230765,-325.56777149321266,0,0,0,0,0,0,0
-325.51777644230765,-325.41778634049774,-325.4677813914027,0,0,0,0,0,0,0
-325.41778634049774,-325.31779623868778,-325.36779128959279,0,0,0,0,0,0,0
-325.31779623868778,-325.21780613687781,-325.26780118778277,0,0,0,0,0,0,0
-325.21780613687781,-325.1178160350679,-325.16781108597286,0,0,0,0,0,0,0
-325.1178160350679,-325.01782593325788,-325.06782098416289,0,0,0,0,0,0,0
-325.01782593325788,-324.91783583144797,-324.96783088235293,0,0,0,0,0,0,0
-324.91783583144797,-324.81784572963801,-324.86784078054302,0,0,0,0,0,0,0
-324.81784572963801,-324.71785562782804,-324.767850678733,0,0,0,0,0,0,0
-324.71785562782804,-324.61786552601814,-324.66786057692309,0,0,0,0,0,0,0
-324.61786552601814,-324.51787542420811,-324.56787047511312,0,0,0,0,0,0,0
-324.51787542420811,-324.41788532239821,-324.46788037330316,0,0,0,0,0,0,0
-324.41788532239821,-324.31789522058818,-324.3678902714932,0,0,0,0,0,0,0
-324.31789522058818,-324.21790511877828,-324.26790016968323,0,0,0,0,0,0,0
-324.21790511877828,-324.11791501696837,-324.16791006787332,0,0,0,0,0,0,0
-324.11791501696837,-324.01792491515835,-324.06791996606336,0,0,0,0,0,0,0
-324.01792491515835,-323.91793481334844,-323.96792986425339,0,0,0,0,0,0,0
-323.91793481334844,-323.81794471153842,-323.86793976244343,0,0,0,0,0,0,0
-323.81794471153842,-323.71795460972851,-323.76794966063346,0,0,0,0,0,0,0
-323.71795460972851,-323.6179645079186,-323.66795955882355,0,0,0,0,0,0,0
-323.6179645079186,-323.51797440610858,-323.56796945701359,0,0,0,0,0,0,0
-323.51797440610858,-323.41798430429867,-323.46797935520362,0,0,0,0,0,0,0
-323.41798430429867,-323.31799420248865,-323.36798925339366,0,0,0,0,0,0,0
-323.31799420248865,-323.21800410067874,-323.26799915158369,0,0,0,0,0,0,0
-323.21800410067874,-323.11801399886878,-323.16800904977379,0,0,0,0,0,0,0
-323.11801399886878,-323.01802389705881,-323.06801894796376,0,0,0,0,0,0,0
-323.01802389705881,-322.9180337952489,-322.96802884615386,0,0,0,0,0,0,0
-322.9180337952489,-322.81804369343888,-322.86803874434389,0,0,0,0,0,0,0
-322.81804369343888,-322.71805359162897,-322.76804864253393,0,0,0,0,0,0,0
-322.71805359162897,-322.61806348981895,-322.66805854072396,0,0,0,0,0,0,0
-322.61806348981895,-322.51807338800904,-322.568068438914,0,0,0,0,0,0,0
-322.51807338800904,-322.41808328619913,-322.46807833710409,0,0,0,0,0,0,0
-322.41808328619913,-322.31809318438911,-322.36808823529412,0,0,0,0,0,0,0
-322.31809318438911,-322.2181030825792,-322.26809813348416,0,0,0,0,0,0,0
-322.2181030825792,-322.11811298076918,-322.16810803167419,0,0,0,0,0,0,0
-322.11811298076918,-322.01812287895928,-322.06811792986423,0,0,0,0,0,0,0
-322.01812287895928,-321.91813277714937,-321.96812782805432,0,0,0,0,0,0,0
-321.91813277714937,-321.81814267533935,-321.86813772624436,0,0,0,0,0,0,0
-321.81814267533935,-321.71815257352944,-321.76814762443439,0,0,0,0,0,0,0
-321.71815257352944,-321.61816247171942,-321.66815752262443,0,0,0,0,0,0,0
-321.61816247171942,-321.51817236990951,-321.56816742081446,0,0,0,0,0,0,0
-321.51817236990951,-321.4181822680996,-321.46817731900455,0,0,0,0,0,0,0
-321.4181822680996,-321.31819216628958,-321.36818721719459,0,0,0,0,0,0,0
-321.31819216628958,-321.21820206447967,-321.26819711538462,0,0,0,0,0,0,0
-321.21820206447967,-321.11821196266965,-321.16820701357466,0,0,0,0,0,0,0
-321.11821196266965,-321.01822186085974,-321.06821691176469,0,0,0,0,0,0,0
-321.01822186085974,-320.91823175904972,-320.96822680995473,0,0,0,0,0,0,0
-320.91823175904972,-320.81824165723981,-320.86823670814476,0,0,0,0,0,0,0
-320.81824165723981,-320.7182515554299,-320.76824660633486,0,0,0,0,0,0,0
-320.7182515554299,-320.61826145361988,-320.66825650452489,0,0,0,0,0,0,0
-320.61826145361988,-320.51827135180997,-320.56826640271493,0,0,0,0,0,0,0
-320.51827135180997,-320.41828124999995,-320.46827630090496,0,0,0,0,0,0,0
-320.41828124999995,-320.31829114819004,-320.368286199095,0,0,0,0,0,0,0
-320.31829114819004,-320.21830104638013,-320.26829609728509,0,0,0,0,0,0,0
-320.21830104638013,-320.11831094457011,-320.16830599547512,0,0,0,0,0,0,0
-320.11831094457011,-320.0183208427602,-320.06831589366516,0,0,0,0,0,0,0
-320.0183208427602,-319.91833074095018,-319.96832579185519,0,0,0,0,0,0,0
-319.91833074095018,-319.81834063914027,-319.86833569004523,0,0,0,0,0,0,0
-319.81834063914027,-319.71835053733037,-319.76834558823532,0,0,0,0,0,0,0
-319.71835053733037,-319.61836043552034,-319.66835548642536,0,0,0,0,0,0,0
-319.61836043552034,-319.51837033371044,-319.56836538461539,0,0,0,0,0,0,0
-319.51837033371044,-319.41838023190041,-319.46837528280543,0,0,0,0,0,0,0
-319.41838023190041,-319.31839013009051,-319.36838518099546,0,0,0,0,0,0,0
-319.31839013009051,-319.21840002828048,-319.2683950791855,0,0,0,0,0,0,0
-319.21840002828048,-319.11840992647058,-319.16840497737553,0,0,0,0,0,0,0
-319.11840992647058,-319.01841982466067,-319.06841487556562,0,0,0,0,0,0,0
-319.01841982466067,-318.91842972285065,-318.96842477375566,0,0,0,0,0,0,0
-318.91842972285065,-318.81843962104074,-318.86843467194569,0,0,0,0,0,0,0
-318.81843962104074,-318.71844951923072,-318.76844457013573,0,0,0,0,0,0,0
-318.71844951923072,-318.61845941742081,-318.66845446832576,0,0,0,0,0,0,0
-318.61845941742081,-318.5184693156109,-318.56846436651585,0,0,0,0,0,0,0
-318.5184693156109,-318.41847921380088,-318.46847426470589,0,0,0,0,0,0,0
-318.41847921380088,-318.31848911199097,-318.36848416289592,0,0,0,0,0,0,0
-318.31848911199097,-318.21849901018095,-318.26849406108596,0,0,0,0,0,0,0
-318.21849901018095,-318.11850890837104,-318.16850395927599,0,0,0,0,0,0,0
-318.11850890837104,-318.01851880656113,-318.06851385746609,0,0,0,0,0,0,0
-318.01851880656113,-317.91852870475111,-317.96852375565612,0,0,0,0,0,0,0
-317.91852870475111,-317.8185386029412,-317.86853365384616,0,0,0,0,0,0,0
-317.8185386029412,-317.71854850113118,-317.76854355203619,0,0,0,0,0,0,0
-317.71854850113118,-317.61855839932127,-317.66855345022623,0,0,0,0,0,0,0
-317.61855839932127,-317.51856829751131,-317.56856334841632,0,0,0,0,0,0,0
-317.51856829751131,-317.41857819570134,-317.4685732466063,0,0,0,0,0,0,0
-317.41857819570134,-317.31858809389144,-317.36858314479639,0,0,0,0,0,0,0
-317.31858809389144,-317.21859799208141,-317.26859304298642,0,0,0,0,0,0,0
-317.21859799208141,-317.11860789027151,-317.16860294117646,0,0,0,0,0,0,0
-317.11860789027151,-317.01861778846148,-317.06861283936649,0,0,0,0,0,0,0
-317.01861778846148,-316.91862768665158,-316.96862273755653,0,0,0,0,0,0,0
-316.91862768665158,-316.81863758484167,-316.86863263574662,0,0,0,0,0,0,0
-316.81863758484167,-316.71864748303165,-316.76864253393666,0,0,0,0,0,0,0
-316.71864748303165,-316.61865738122174,-316.66865243212669,0,0,0,0,0,0,0
-316.61865738122174,-316.51866727941172,-316.56866233031673,0,0,0,0,0,0,0
-316.51866727941172,-316.41867717760181,-316.46867222850676,0,0,0,0,0,0,0
-316.41867717760181,-316.3186870757919,-316.36868212669685,0,0,0,0,0,0,0
-316.3186870757919,-316.21869697398188,-316.26869202488689,0,0,0,0,0,0,0
-316.21869697398188,-316.11870687217197,-316.16870192307692,0,0,0,0,0,0,0
-316.11870687217197,-316.01871677036195,-316.06871182126696,0,0,0,0,0,0,0
-316.01871677036195,-315.91872666855204,-315.96872171945699,0,0,0,0,0,0,0
-315.91872666855204,-315.81873656674213,-315.86873161764709,0,0,0,0,0,0,0
-315.81873656674213,-315.71874646493211,-315.76874151583712,0,0,0,0,0,0,0
-315.71874646493211,-315.6187563631222,-315.66875141402716,0,0,0,0,0,0,0
-315.6187563631222,-315.51876626131218,-315.56876131221719,0,0,0,0,0,0,0
-315.51876626131218,-315.41877615950227,-315.46877121040723,0,0,0,0,0,0,0
-315.41877615950227,-315.31878605769225,-315.36878110859726,0,0,0,0,0,0,0
-315.31878605769225,-315.21879595588234,-315.2687910067873,0,0,0,0,0,0,0
-315.21879595588234,-315.11880585407243,-315.16880090497739,0,0,0,0,0,0,0
-315.11880585407243,-315.01881575226241,-315.06881080316742,0,0,0,0,0,0,0
-315.01881575226241,-314.9188256504525,-314.96882070135746,0,0,0,0,0,0,0
-314.9188256504525,-314.81883554864248,-314.86883059954749,0,0,0,0,0,0,0
-314.81883554864248,-314.71884544683257,-314.76884049773753,0,0,0,0,0,0,0
-314.71884544683257,-314.61885534502267,-314.66885039592762,0,0,0,0,0,0,0
-314.61885534502267,-314.51886524321264,-314.56886029411766,0,0,0,0,0,0,0
-314.51886524321264,-314.41887514140274,-314.46887019230769,0,0,0,0,0,0,0
-314.41887514140274,-314.31888503959271,-314.36888009049773,0,0,0,0,0,0,0
-314.31888503959271,-314.21889493778281,-314.26888998868776,0,0,0,0,0,0,0
-314.21889493778281,-314.1189048359729,-314.16889988687785,0,0,0,0,0,0,0
-314.1189048359729,-314.01891473416288,-314.06890978506789,0,0,0,0,0,0,0
-314.01891473416288,-313.91892463235297,-313.96891968325792,0,0,0,0,0,0,0
-313.91892463235297,-313.81893453054295,-313.86892958144796,0,0,0,0,0,0,0
-313.81893453054295,-313.71894442873304,-313.76893947963799,0,0,0,0,0,0,0
-313.71894442873304,-313.61895432692307,-313.66894937782808,0,0,0,0,0,0,0
-313.61895432692307,-313.51896422511311,-313.56895927601806,0,0,0,0,0,0,0
-313.51896422511311,-313.4189741233032,-313.46896917420815,0,0,0,0,0,0,0
-313.4189741233032,-313.31898402149318,-313.36897907239819,0,0,0,0,0,0,0
-313.31898402149318,-313.21899391968327,-313.26898897058823,0,0,0,0,0,0,0
-313.21899391968327,-313.11900381787325,-313.16899886877826,0,0,0,0,0,0,0
-313.11900381787325,-313.01901371606334,-313.0690087669683,0,0,0,0,0,0,0
-313.01901371606334,-312.91902361425343,-312.96901866515839,0,0,0,0,0,0,0
-312.91902361425343,-312.81903351244341,-312.86902856334842,0,0,0,0,0,0,0
-312.81903351244341,-312.7190434106335,-312.76903846153846,0,0,0,0,0,0,0
-312.7190434106335,-312.61905330882348,-312.66904835972849,0,0,0,0,0,0,0
-312.61905330882348,-312.51906320701357,-312.56905825791853,0,0,0,0,0,0,0
-312.51906320701357,-312.41907310520367,-312.46906815610862,0,0,0,0,0,0,0
-312.41907310520367,-312.31908300339364,-312.36907805429865,0,0,0,0,0,0,0
-312.31908300339364,-312.21909290158374,-312.26908795248869,0,0,0,0,0,0,0
-312.21909290158374,-312.11910279977371,-312.16909785067872,0,0,0,0,0,0,0
-312.11910279977371,-312.01911269796381,-312.06910774886876,0,0,0,0,0,0,0
-312.01911269796381,-311.9191225961539,-311.96911764705885,0,0,0,0,0,0,0
-311.9191225961539,-311.81913249434388,-311.86912754524889,0,0,0,0,0,0,0
-311.81913249434388,-311.71914239253397,-311.76913744343892,0,0,0,0,0,0,0
-311.71914239253397,-311.61915229072395,-311.66914734162896,0,0,0,0,0,0,0
-311.61915229072395,-311.51916218891404,-311.56915723981899,0,0,0,0,0,0,0
-311.51916218891404,-311.41917208710402,-311.46916713800903,0,0,0,0,0,0,0
-311.41917208710402,-311.31918198529411,-311.36917703619906,0,0,0,0,0,0,0
-311.31918198529411,-311.2191918834842,-311.26918693438915,0,0,0,0,0,0,0
-311.2191918834842,-311.11920178167418,-311.16919683257919,0,0,0,0,0,0,0
-311.11920178167418,-311.01921167986427,-311.06920673076922,0,0,0,0,0,0,0
-311.01921167986427,-310.91922157805425,-310.96921662895926,0,0,0,0,0,0,0
-310.91922157805425,-310.81923147624434,-310.86922652714929,0,0,0,0,0,0,0
-310.81923147624434,-310.71924137443443,-310.76923642533939,0,0,0,0,0,0,0
-310.71924137443443,-310.61925127262441,-310.66924632352942,0,0,0,0,0,0,0
-310.61925127262441,-310.5192611708145,-310.56925622171946,0,0,0,0,0,0,0
-310.5192611708145,-310.41927106900448,-310.46926611990949,0,0,0,0,0,0,0
-310.41927106900448,-310.31928096719457,-310.36927601809953,0,0,0,0,0,0,0
-310.31928096719457,-310.21929086538466,-310.26928591628962,0,0,0,0,0,0,0
-310.21929086538466,-310.11930076357464,-310.16929581447965,0,0,0,0,0,0,0
-310.11930076357464,-310.01931066176473,-310.06930571266969,0,0,0,0,0,0,0
-310.01931066176473,-309.91932055995471,-309.96931561085972,0,0,0,0,0,0,0
-309.91932055995471,-309.8193304581448,-309.86932550904976,0,0,0,0,0,0,0
-309.8193304581448,-309.71934035633478,-309.76933540723979,0,0,0,0,0,0,0
-309.71934035633478,-309.61935025452487,-309.66934530542983,0,0,0,0,0,0,0
-309.61935025452487,-309.51936015271497,-309.56935520361992,0,0,0,0,0,0,0
-309.51936015271497,-309.41937005090494,-309.46936510180996,0,0,0,0,0,0,0
-309.41937005090494,-309.31937994909504,-309.36937499999999,0,0,0,0,0,0,0
-309.31937994909504,-309.21938984728502,-309.26938489819003,0,0,0,0,0,0,0
-309.21938984728502,-309.11939974547511,-309.16939479638006,0,0,0,0,0,0,0
-309.11939974547511,-309.0194096436652,-309.06940469457015,0,0,0,0,0,0,0
-309.0194096436652,-308.91941954185518,-308.96941459276019,0,0,0,0,0,0,0
-308.91941954185518,-308.81942944004527,-308.86942449095022,0,0,0,0,0,0,0
-308.81942944004527,-308.71943933823525,-308.76943438914026,0,0,0,0,0,0,0
-308.71943933823525,-308.61944923642534,-308.66944428733029,0,0,0,0,0,0,0
-308.61944923642534,-308.51945913461543,-308.56945418552039,0,0,0,0,0,0,0
-308.51945913461543,-308.41946903280541,-308.46946408371042,0,0,0,0,0,0,0
-308.41946903280541,-308.3194789309955,-308.36947398190046,0,0,0,0,0,0,0
-308.3194789309955,-308.21948882918548,-308.26948388009049,0,0,0,0,0,0,0
-308.21948882918548,-308.11949872737557,-308.16949377828053,0,0,0,0,0,0,0
-308.11949872737557,-308.01950862556561,-308.06950367647062,0,0,0,0,0,0,0
-308.01950862556561,-307.91951852375564,-307.9695135746606,0,0,0,0,0,0,0
-307.91951852375564,-307.81952842194573,-307.86952347285069,0,0,0,0,0,0,0
-307.81952842194573,-307.71953832013571,-307.76953337104072,0,0,0,0,0,0,0
-307.71953832013571,-307.6195482183258,-307.66954326923076,0,0,0,0,0,0,0
-307.6195482183258,-307.51955811651578,-307.56955316742079,0,0,0,0,0,0,0
-307.51955811651578,-307.41956801470587,-307.46956306561083,0,0,0,0,0,0,0
-307.41956801470587,-307.31957791289597,-307.36957296380092,0,0,0,0,0,0,0
-307.31957791289597,-307.21958781108594,-307.26958286199095,0,0,0,0,0,0,0
-307.21958781108594,-307.11959770927604,-307.16959276018099,0,0,0,0,0,0,0
-307.11959770927604,-307.01960760746601,-307.06960265837102,0,0,0,0,0,0,0
-307.01960760746601,-306.91961750565611,-306.96961255656106,0,0,0,0,0,0,0
-306.91961750565611,-306.8196274038462,-306.86962245475115,0,0,0,0,0,0,0
-306.8196274038462,-306.71963730203618,-306.76963235294119,0,0,0,0,0,0,0
-306.71963730203618,-306.61964720022627,-306.66964225113122,0,0,0,0,0,0,0
-306.61964720022627,-306.51965709841625,-306.56965214932126,0,0,0,0,0,0,0
-306.51965709841625,-306.41966699660634,-306.46966204751129,0,0,0,0,0,0,0
-306.41966699660634,-306.31967689479643,-306.36967194570138,0,0,0,0,0,0,0
-306.31967689479643,-306.21968679298641,-306.26968184389142,0,0,0,0,0,0,0
-306.21968679298641,-306.1196966911765,-306.16969174208145,0,0,0,0,0,0,0
-306.1196966911765,-306.01970658936648,-306.06970164027149,0,0,0,0,0,0,0
-306.01970658936648,-305.91971648755657,-305.96971153846152,0,0,0,0,0,0,0
-305.91971648755657,-305.81972638574655,-305.86972143665156,0,0,0,0,0,0,0
-305.81972638574655,-305.71973628393664,-305.76973133484159,0,0,0,0,0,0,0
-305.71973628393664,-305.61974618212673,-305.66974123303169,0,0,0,0,0,0,0
-305.61974618212673,-305.51975608031671,-305.56975113122172,0,0,0,0,0,0,0
-305.51975608031671,-305.4197659785068,-305.46976102941176,0,0,0,0,0,0,0
-305.4197659785068,-305.31977587669678,-305.36977092760179,0,0,0,0,0,0,0
-305.31977587669678,-305.21978577488687,-305.26978082579183,0,0,0,0,0,0,0
-305.21978577488687,-305.11979567307696,-305.16979072398192,0,0,0,0,0,0,0
-305.11979567307696,-305.01980557126694,-305.06980062217195,0,0,0,0,0,0,0
-305.01980557126694,-304.91981546945703,-304.96981052036199,0,0,0,0,0,0,0
-304.91981546945703,-304.81982536764701,-304.86982041855202,0,0,0,0,0,0,0
-304.81982536764701,-304.7198352658371,-304.76983031674206,0,0,0,0,0,0,0
-304.7198352658371,-304.6198451640272,-304.66984021493215,0,0,0,0,0,0,0
-304.6198451640272,-304.51985506221718,-304.56985011312219,0,0,0,0,0,0,0
-304.51985506221718,-304.41986496040727,-304.46986001131222,0,0,0,0,0,0,0
-304.41986496040727,-304.31987485859725,-304.36986990950226,0,0,0,0,0,0,0
-304.31987485859725,-304.21988475678734,-304.26987980769229,0,0,0,0,0,0,0
-304.21988475678734,-304.11989465497737,-304.16988970588238,0,0,0,0,0,0,0
-304.11989465497737,-304.01990455316741,-304.06989960407236,0,0,0,0,0,0,0
-304.01990455316741,-303.9199144513575,-303.96990950226245,0,0,0,0,0,0,0
-303.9199144513575,-303.81992434954748,-303.86991940045249,0,0,0,0,0,0,0
-303.81992434954748,-303.71993424773757,-303.76992929864252,0,0,0,0,0,0,0
-303.71993424773757,-303.61994414592755,-303.66993919683256,0,0,0,0,0,0,0
-303.61994414592755,-303.51995404411764,-303.56994909502259,0,0,0,0,0,0,0
-303.51995404411764,-303.41996394230773,-303.46995899321269,0,0,0,0,0,0,0
-303.41996394230773,-303.31997384049771,-303.36996889140272,0,0,0,0,0,0,0
-303.31997384049771,-303.2199837386878,-303.26997878959276,0,0,0,0,0,0,0
-303.2199837386878,-303.11999363687778,-303.16998868778279,0,0,0,0,0,0,0
-303.11999363687778,-303.02000353506787,-303.06999858597283,0,0,0,0,0,0,0
-303.02000353506787,-302.92001343325796,-302.97000848416292,0,0,0,0,0,0,0
-302.92001343325796,-302.82002333144794,-302.87001838235295,0,0,0,0,0,0,0
-302.82002333144794,-302.72003322963803,-302.77002828054299,0,0,0,0,0,0,0
-302.72003322963803,-302.62004312782801,-302.67003817873302,0,0,0,0,0,0,0
-302.62004312782801,-302.5200530260181,-302.57004807692306,0,0,0,0,0,0,0
-302.5200530260181,-302.4200629242082,-302.47005797511315,0,0,0,0,0,0,0
-302.4200629242082,-302.32007282239817,-302.37006787330319,0,0,0,0,0,0,0
-302.32007282239817,-302.22008272058827,-302.27007777149322,0,0,0,0,0,0,0
-302.22008272058827,-302.12009261877824,-302.17008766968326,0,0,0,0,0,0,0
-302.12009261877824,-302.02010251696834,-302.07009756787329,0,0,0,0,0,0,0
-302.02010251696834,-301.92011241515831,-301.97010746606333,0,0,0,0,0,0,0
-301.92011241515831,-301.82012231334841,-301.87011736425336,0,0,0,0,0,0,0
-301.82012231334841,-301.7201322115385,-301.77012726244345,0,0,0,0,0,0,0
-301.7201322115385,-301.62014210972848,-301.67013716063349,0,0,0,0,0,0,0
-301.62014210972848,-301.52015200791857,-301.57014705882352,0,0,0,0,0,0,0
-301.52015200791857,-301.42016190610855,-301.47015695701356,0,0,0,0,0,0,0
-301.42016190610855,-301.32017180429864,-301.37016685520359,0,0,0,0,0,0,0
-301.32017180429864,-301.22018170248873,-301.27017675339368,0,0,0,0,0,0,0
-301.22018170248873,-301.12019160067871,-301.17018665158372,0,0,0,0,0,0,0
-301.12019160067871,-301.0202014988688,-301.07019654977375,0,0,0,0,0,0,0
-301.0202014988688,-300.92021139705878,-300.97020644796379,0,0,0,0,0,0,0
-300.92021139705878,-300.82022129524887,-300.87021634615382,0,0,0,0,0,0,0
-300.82022129524887,-300.72023119343896,-300.77022624434392,0,0,0,0,0,0,0
-300.72023119343896,-300.62024109162894,-300.67023614253395,0,0,0,0,0,0,0
-300.62024109162894,-300.52025098981903,-300.57024604072399,0,0,0,0,0,0,0
-300.52025098981903,-300.42026088800901,-300.47025593891402,0,0,0,0,0,0,0
-300.42026088800901,-300.3202707861991,-300.37026583710406,0,0,0,0,0,0,0
-300.3202707861991,-300.22028068438908,-300.27027573529409,0,0,0,0,0,0,0
-300.22028068438908,-300.12029058257917,-300.17028563348413,0,0,0,0,0,0,0
-300.12029058257917,-300.02030048076927,-300.07029553167422,0,0,0,0,0,0,0
-300.02030048076927,-299.92031037895924,-299.97030542986425,0,0,0,0,0,0,0
-299.92031037895924,-299.82032027714934,-299.87031532805429,0,0,0,0,0,0,0
-299.82032027714934,-299.72033017533931,-299.77032522624432,0,0,0,0,0,0,0
-299.72033017533931,-299.62034007352941,-299.67033512443436,0,0,0,0,0,0,0
-299.62034007352941,-299.5203499717195,-299.57034502262445,0,0,0,0,0,0,0
-299.5203499717195,-299.42035986990948,-299.47035492081449,0,0,0,0,0,0,0
-299.42035986990948,-299.32036976809957,-299.37036481900452,0,0,0,0,0,0,0
-299.32036976809957,-299.22037966628955,-299.27037471719456,0,0,0,0,0,0,0
-299.22037966628955,-299.12038956447964,-299.17038461538459,0,0,0,0,0,0,0
-299.12038956447964,-299.02039946266973,-299.07039451357468,0,0,0,0,0,0,0
-299.02039946266973,-298.92040936085971,-298.97040441176472,0,0,0,0,0,0,0
-298.92040936085971,-298.8204192590498,-298.87041430995475,0,0,0,0,0,0,0
-298.8204192590498,-298.72042915723978,-298.77042420814479,0,0,0,0,0,0,0
-298.72042915723978,-298.62043905542987,-298.67043410633482,0,0,0,0,0,0,0
-298.62043905542987,-298.5204489536199,-298.57044400452492,0,0,0,0,0,0,0
-298.5204489536199,-298.42045885180994,-298.47045390271489,0,0,0,0,0,0,0
-298.42045885180994,-298.32046875000003,-298.37046380090499,0,0,0,0,0,0,0
-298.32046875000003,-298.22047864819001,-298.27047369909502,0,0,0,0,0,0,0
-298.22047864819001,-298.1204885463801,-298.17048359728506,0,0,0,0,0,0,0
-298.1204885463801,-298.02049844457008,-298.07049349547509,0,0,0,0,0,0,0
-298.02049844457008,-297.92050834276017,-297.97050339366513,0,0,0,0,0,0,0
-297.92050834276017,-297.82051824095026,-297.87051329185522,0,0,0,0,0,0,0
-297.82051824095026,-297.72052813914024,-297.77052319004525,0,0,0,0,0,0,0
-297.72052813914024,-297.62053803733033,-297.67053308823529,0,0,0,0,0,0,0
-297.62053803733033,-297.52054793552031,-297.57054298642532,0,0,0,0,0,0,0
-297.52054793552031,-297.4205578337104,-297.47055288461536,0,0,0,0,0,0,0
-297.4205578337104,-297.3205677319005,-297.37056278280545,0,0,0,0,0,0,0
-297.3205677319005,-297.22057763009047,-297.27057268099549,0,0,0,0,0,0,0
-297.22057763009047,-297.12058752828057,-297.17058257918552,0,0,0,0,0,0,0
-297.12058752828057,-297.02059742647054,-297.07059247737556,0,0,0,0,0,0,0
-297.02059742647054,-296.92060732466064,-296.97060237556559,0,0,0,0,0,0,0
-296.92060732466064,-296.82061722285073,-296.87061227375568,0,0,0,0,0,0,0
-296.82061722285073,-296.72062712104071,-296.77062217194572,0,0,0,0,0,0,0
-296.72062712104071,-296.6206370192308,-296.67063207013575,0,0,0,0,0,0,0
-296.6206370192308,-296.52064691742078,-296.57064196832579,0,0,0,0,0,0,0
-296.52064691742078,-296.42065681561087,-296.47065186651582,0,0,0,0,0,0,0
-296.42065681561087,-296.32066671380085,-296.37066176470586,0,0,0,0,0,0,0
-296.32066671380085,-296.22067661199094,-296.27067166289589,0,0,0,0,0,0,0
-296.22067661199094,-296.12068651018103,-296.17068156108598,0,0,0,0,0,0,0
-296.12068651018103,-296.02069640837101,-296.07069145927602,0,0,0,0,0,0,0
-296.02069640837101,-295.9207063065611,-295.97070135746606,0,0,0,0,0,0,0
-295.9207063065611,-295.82071620475108,-295.87071125565609,0,0,0,0,0,0,0
-295.82071620475108,-295.72072610294117,-295.77072115384613,0,0,0,0,0,0,0
-295.72072610294117,-295.62073600113126,-295.67073105203622,0,0,0,0,0,0,0
-295.62073600113126,-295.52074589932124,-295.57074095022625,0,0,0,0,0,0,0
-295.52074589932124,-295.42075579751133,-295.47075084841629,0,0,0,0,0,0,0
-295.42075579751133,-295.32076569570131,-295.37076074660632,0,0,0,0,0,0,0
-295.32076569570131,-295.2207755938914,-295.27077064479636,0,0,0,0,0,0,0
-295.2207755938914,-295.1207854920815,-295.17078054298645,0,0,0,0,0,0,0
-295.1207854920815,-295.02079539027147,-295.07079044117648,0,0,0,0,0,0,0
-295.02079539027147,-294.92080528846157,-294.97080033936652,0,0,0,0,0,0,0
-294.92080528846157,-294.82081518665154,-294.87081023755655,0,0,0,0,0,0,0
-294.82081518665154,-294.72082508484164,-294.77082013574659,0,0,0,0,0,0,0
-294.72082508484164,-294.62083498303167,-294.67083003393668,0,0,0,0,0,0,0
-294.62083498303167,-294.52084488122171,-294.57083993212666,0,0,0,0,0,0,0
-294.52084488122171,-294.4208547794118,-294.47084983031675,0,0,0,0,0,0,0
-294.4208547794118,-294.32086467760178,-294.37085972850679,0,0,0,0,0,0,0
-294.32086467760178,-294.22087457579187,-294.27086962669682,0,0,0,0,0,0,0
-294.22087457579187,-294.12088447398185,-294.17087952488686,0,0,0,0,0,0,0
-294.12088447398185,-294.02089437217194,-294.07088942307689,0,0,0,0,0,0,0
-294.02089437217194,-293.92090427036203,-293.97089932126698,0,0,0,0,0,0,0
-293.92090427036203,-293.82091416855201,-293.87090921945702,0,0,0,0,0,0,0
-293.82091416855201,-293.7209240667421,-293.77091911764705,0,0,0,0,0,0,0
-293.7209240667421,-293.62093396493208,-293.67092901583709,0,0,0,0,0,0,0
-293.62093396493208,-293.52094386312217,-293.57093891402712,0,0,0,0,0,0,0
-293.52094386312217,-293.42095376131226,-293.47094881221722,0,0,0,0,0,0,0
-293.42095376131226,-293.32096365950224,-293.37095871040725,0,0,0,0,0,0,0
-293.32096365950224,-293.22097355769233,-293.27096860859729,0,0,0,0,0,0,0
-293.22097355769233,-293.12098345588231,-293.17097850678732,0,0,0,0,0,0,0
-293.12098345588231,-293.0209933540724,-293.07098840497736,0,0,0,0,0,0,0
-293.0209933540724,-292.92100325226249,-292.97099830316745,0,0,0,0,0,0,0
-292.92100325226249,-292.82101315045247,-292.87100820135748,0,0,0,0,0,0,0
-292.82101315045247,-292.72102304864256,-292.77101809954752,0,0,0,0,0,0,0
-292.72102304864256,-292.62103294683254,-292.67102799773755,0,0,0,0,0,0,0
-292.62103294683254,-292.52104284502263,-292.57103789592759,0,0,0,0,0,0,0
-292.52104284502263,-292.42105274321261,-292.47104779411762,0,0,0,0,0,0,0
-292.42105274321261,-292.3210626414027,-292.37105769230766,0,0,0,0,0,0,0
-292.3210626414027,-292.2210725395928,-292.27106759049775,0,0,0,0,0,0,0
-292.2210725395928,-292.12108243778277,-292.17107748868779,0,0,0,0,0,0,0
-292.12108243778277,-292.02109233597287,-292.07108738687782,0,0,0,0,0,0,0
-292.02109233597287,-291.92110223416284,-291.97109728506786,0,0,0,0,0,0,0
-291.92110223416284,-291.82111213235294,-291.87110718325789,0,0,0,0,0,0,0
-291.82111213235294,-291.72112203054303,-291.77111708144798,0,0,0,0,0,0,0
-291.72112203054303,-291.62113192873301,-291.67112697963802,0,0,0,0,0,0,0
-291.62113192873301,-291.5211418269231,-291.57113687782805,0,0,0,0,0,0,0
-291.5211418269231,-291.42115172511308,-291.47114677601809,0,0,0,0,0,0,0
-291.42115172511308,-291.32116162330317,-291.37115667420812,0,0,0,0,0,0,0
-291.32116162330317,-291.22117152149326,-291.27116657239822,0,0,0,0,0,0,0
-291.22117152149326,-291.12118141968324,-291.17117647058825,0,0,0,0,0,0,0
-291.12118141968324,-291.02119131787333,-291.07118636877829,0,0,0,0,0,0,0
-291.02119131787333,-290.92120121606331,-290.97119626696832,0,0,0,0,0,0,0
-290.92120121606331,-290.8212111142534,-290.87120616515836,0,0,0,0,0,0,0
-290.8212111142534,-290.72122101244344,-290.77121606334845,0,0,0,0,0,0,0
-290.72122101244344,-290.62123091063347,-290.67122596153843,0,0,0,0,0,0,0
-290.62123091063347,-290.52124080882356,-290.57123585972852,0,0,0,0,0,0,0
-290.52124080882356,-290.42125070701354,-290.47124575791855,0,0,0,0,0,0,0
-290.42125070701354,-290.32126060520363,-290.37125565610859,0,0,0,0,0,0,0
-290.32126060520363,-290.22127050339361,-290.27126555429862,0,0,0,0,0,0,0
-290.22127050339361,-290.1212804015837,-290.17127545248866,0,0,0,0,0,0,0
-290.1212804015837,-290.0212902997738,-290.07128535067875,0,0,0,0,0,0,0
-290.0212902997738,-289.92130019796377,-289.97129524886878,0,0,0,0,0,0,0
-289.92130019796377,-289.82131009615387,-289.87130514705882,0,0,0,0,0,0,0
-289.82131009615387,-289.72131999434384,-289.77131504524885,0,0,0,0,0,0,0
-289.72131999434384,-289.62132989253394,-289.67132494343889,0,0,0,0,0,0,0
-289.62132989253394,-289.52133979072403,-289.57133484162898,0,0,0,0,0,0,0
-289.52133979072403,-289.42134968891401,-289.47134473981902,0,0,0,0,0,0,0
-289.42134968891401,-289.3213595871041,-289.37135463800905,0,0,0,0,0,0,0
-289.3213595871041,-289.22136948529408,-289.27136453619909,0,0,0,0,0,0,0
-289.22136948529408,-289.12137938348417,-289.17137443438912,0,0,0,0,0,0,0
-289.12137938348417,-289.0213892816742,-289.07138433257921,0,0,0,0,0,0,0
-289.0213892816742,-288.92139917986424,-288.97139423076919,0,0,0,0,0,0,0
-288.92139917986424,-288.82140907805433,-288.87140412895928,0,0,0,0,0,0,0
-288.82140907805433,-288.72141897624431,-288.77141402714932,0,0,0,0,0,0,0
-288.72141897624431,-288.6214288744344,-288.67142392533935,0,0,0,0,0,0,0
-288.6214288744344,-288.52143877262438,-288.57143382352939,0,0,0,0,0,0,0
-288.52143877262438,-288.42144867081447,-288.47144372171942,0,0,0,0,0,0,0
-288.42144867081447,-288.32145856900456,-288.37145361990952,0,0,0,0,0,0,0
-288.32145856900456,-288.22146846719454,-288.27146351809955,0,0,0,0,0,0,0
-288.22146846719454,-288.12147836538463,-288.17147341628959,0,0,0,0,0,0,0
-288.12147836538463,-288.02148826357461,-288.07148331447962,0,0,0,0,0,0,0
-288.02148826357461,-287.9214981617647,-287.97149321266966,0,0,0,0,0,0,0
-287.9214981617647,-287.82150805995479,-287.87150311085975,0,0,0,0,0,0,0
-287.82150805995479,-287.72151795814477,-287.77151300904978,0,0,0,0,0,0,0
-287.72151795814477,-287.62152785633486,-287.67152290723982,0,0,0,0,0,0,0
-287.62152785633486,-287.52153775452484,-287.57153280542985,0,0,0,0,0,0,0
-287.52153775452484,-287.42154765271493,-287.47154270361989,0,0,0,0,0,0,0
-287.42154765271493,-287.32155755090503,-287.37155260180998,0,0,0,0,0,0,0
-287.32155755090503,-287.22156744909501,-287.27156250000002,0,0,0,0,0,0,0
-287.22156744909501,-287.1215773472851,-287.17157239819005,0,0,0,0,0,0,0
-287.1215773472851,-287.02158724547508,-287.07158229638009,0,0,0,0,0,0,0
-287.02158724547508,-286.92159714366517,-286.97159219457012,0,0,0,0,0,0,0
-286.92159714366517,-286.82160704185515,-286.87160209276016,0,0,0,0,0,0,0
-286.82160704185515,-286.72161694004524,-286.77161199095019,0,0,0,0,0,0,0
-286.72161694004524,-286.62162683823533,-286.67162188914028,0,0,0,0,0,0,0
-286.62162683823533,-286.52163673642531,-286.57163178733032,0,0,0,0,0,0,0
-286.52163673642531,-286.4216466346154,-286.47164168552035,0,0,0,0,0,0,0
-286.4216466346154,-286.32165653280538,-286.37165158371039,0,0,0,0,0,0,0
-286.32165653280538,-286.22166643099547,-286.27166148190042,0,0,0,0,0,0,0
-286.22166643099547,-286.12167632918556,-286.17167138009052,0,0,0,0,0,0,0
-286.12167632918556,-286.02168622737554,-286.07168127828055,0,0,0,0,0,0,0
-286.02168622737554,-285.92169612556563,-285.97169117647059,0,0,0,0,0,0,0
-285.92169612556563,-285.82170602375561,-285.87170107466062,0,0,0,0,0,0,0
-285.82170602375561,-285.7217159219457,-285.77171097285066,0,0,0,0,0,0,0
-285.7217159219457,-285.62172582013579,-285.67172087104075,0,0,0,0,0,0,0
-285.62172582013579,-285.52173571832577,-285.57173076923078,0,0,0,0,0,0,0
-285.52173571832577,-285.42174561651586,-285.47174066742082,0,0,0,0,0,0,0
-285.42174561651586,-285.32175551470584,-285.37175056561085,0,0,0,0,0,0,0
-285.32175551470584,-285.22176541289593,-285.27176046380089,0,0,0,0,0,0,0
-285.22176541289593,-285.12177531108597,-285.17177036199098,0,0,0,0,0,0,0
-285.12177531108597,-285.021785209276,-285.07178026018096,0,0,0,0,0,0,0
-285.021785209276,-284.9217951074661,-284.97179015837105,0,0,0,0,0,0,0
-284.9217951074661,-284.82180500565607,-284.87180005656109,0,0,0,0,0,0,0
-284.82180500565607,-284.72181490384617,-284.77180995475112,0,0,0,0,0,0,0
-284.72181490384617,-284.62182480203614,-284.67181985294116,0,0,0,0,0,0,0
-284.62182480203614,-284.52183470022624,-284.57182975113119,0,0,0,0,0,0,0
-284.52183470022624,-284.42184459841633,-284.47183964932128,0,0,0,0,0,0,0
-284.42184459841633,-284.32185449660631,-284.37184954751132,0,0,0,0,0,0,0
-284.32185449660631,-284.2218643947964,-284.27185944570135,0,0,0,0,0,0,0
-284.2218643947964,-284.12187429298638,-284.17186934389139,0,0,0,0,0,0,0
-284.12187429298638,-284.02188419117647,-284.07187924208142,0,0,0,0,0,0,0
-284.02188419117647,-283.92189408936656,-283.97188914027151,0,0,0,0,0,0,0
-283.92189408936656,-283.82190398755654,-283.87189903846155,0,0,0,0,0,0,0
-283.82190398755654,-283.72191388574663,-283.77190893665158,0,0,0,0,0,0,0
-283.72191388574663,-283.62192378393661,-283.67191883484162,0,0,0,0,0,0,0
-283.62192378393661,-283.5219336821267,-283.57192873303165,0,0,0,0,0,0,0
-283.5219336821267,-283.42194358031679,-283.47193863122175,0,0,0,0,0,0,0
-283.42194358031679,-283.32195347850677,-283.37194852941178,0,0,0,0,0,0,0
-283.32195347850677,-283.22196337669686,-283.27195842760182,0,0,0,0,0,0,0
-283.22196337669686,-283.12197327488684,-283.17196832579185,0,0,0,0,0,0,0
-283.12197327488684,-283.02198317307693,-283.07197822398189,0,0,0,0,0,0,0
-283.02198317307693,-282.92199307126691,-282.97198812217192,0,0,0,0,0,0,0
-282.92199307126691,-282.822002969457,-282.87199802036196,0,0,0,0,0,0,0
-282.822002969457,-282.72201286764709,-282.77200791855205,0,0,0,0,0,0,0
-282.72201286764709,-282.62202276583707,-282.67201781674208,0,0,0,0,0,0,0
-282.62202276583707,-282.52203266402717,-282.57202771493212,0,0,0,0,0,0,0
-282.52203266402717,-282.42204256221714,-282.47203761312215,0,0,0,0,0,0,0
-282.42204256221714,-282.32205246040724,-282.37204751131219,0,0,0,0,0,0,0
-282.32205246040724,-282.22206235859733,-282.27205740950228,0,0,0,0,0,0,0
-282.22206235859733,-282.12207225678731,-282.17206730769232,0,0,0,0,0,0,0
-282.12207225678731,-282.0220821549774,-282.07207720588235,0,0,0,0,0,0,0
-282.0220821549774,-281.92209205316738,-281.97208710407239,0,0,0,0,0,0,0
-281.92209205316738,-281.82210195135747,-281.87209700226242,0,0,0,0,0,0,0
-281.82210195135747,-281.72211184954756,-281.77210690045251,0,0,0,0,0,0,0
-281.72211184954756,-281.62212174773754,-281.67211679864255,0,0,0,0,0,0,0
-281.62212174773754,-281.52213164592763,-281.57212669683258,0,0,0,0,0,0,0
-281.52213164592763,-281.42214154411761,-281.47213659502262,0,0,0,0,0,0,0
-281.42214154411761,-281.3221514423077,-281.37214649321265,0,0,0,0,0,0,0
-281.3221514423077,-281.22216134049773,-281.27215639140275,0,0,0,0,0,0,0
-281.22216134049773,-281.12217123868777,-281.17216628959272,0,0,0,0,0,0,0
-281.12217123868777,-281.02218113687786,-281.07217618778282,0,0,0,0,0,0,0
-281.02218113687786,-280.92219103506784,-280.97218608597285,0,0,0,0,0,0,0
-280.92219103506784,-280.82220093325793,-280.87219598416289,0,0,0,0,0,0,0
-280.82220093325793,-280.72221083144791,-280.77220588235292,0,0,0,0,0,0,0
-280.72221083144791,-280.622220729638,-280.67221578054296,0,0,0,0,0,0,0
-280.622220729638,-280.52223062782809,-280.57222567873305,0,0,0,0,0,0,0
-280.52223062782809,-280.42224052601807,-280.47223557692308,0,0,0,0,0,0,0
-280.42224052601807,-280.32225042420816,-280.37224547511312,0,0,0,0,0,0,0
-280.32225042420816,-280.22226032239814,-280.27225537330315,0,0,0,0,0,0,0
-280.22226032239814,-280.12227022058823,-280.17226527149319,0,0,0,0,0,0,0
-280.12227022058823,-280.02228011877833,-280.07227516968328,0,0,0,0,0,0,0
-280.02228011877833,-279.9222900169683,-279.97228506787332,0,0,0,0,0,0,0
-279.9222900169683,-279.8222999151584,-279.87229496606335,0,0,0,0,0,0,0
-279.8222999151584,-279.72230981334837,-279.77230486425339,0,0,0,0,0,0,0
-279.72230981334837,-279.62231971153847,-279.67231476244342,0,0,0,0,0,0,0
-279.62231971153847,-279.5223296097285,-279.57232466063351,0,0,0,0,0,0,0
-279.5223296097285,-279.42233950791854,-279.47233455882349,0,0,0,0,0,0,0
-279.42233950791854,-279.32234940610863,-279.37234445701358,0,0,0,0,0,0,0
-279.32234940610863,-279.22235930429861,-279.27235435520362,0,0,0,0,0,0,0
-279.22235930429861,-279.1223692024887,-279.17236425339365,0,0,0,0,0,0,0
-279.1223692024887,-279.02237910067868,-279.07237415158369,0,0,0,0,0,0,0
-279.02237910067868,-278.92238899886877,-278.97238404977372,0,0,0,0,0,0,0
-278.92238899886877,-278.82239889705886,-278.87239394796381,0,0,0,0,0,0,0
-278.82239889705886,-278.72240879524884,-278.77240384615385,0,0,0,0,0,0,0
-278.72240879524884,-278.62241869343893,-278.67241374434388,0,0,0,0,0,0,0
-278.62241869343893,-278.52242859162891,-278.57242364253392,0,0,0,0,0,0,0
-278.52242859162891,-278.422438489819,-278.47243354072396,0,0,0,0,0,0,0
-278.422438489819,-278.32244838800909,-278.37244343891405,0,0,0,0,0,0,0
-278.32244838800909,-278.22245828619907,-278.27245333710408,0,0,0,0,0,0,0
-278.22245828619907,-278.12246818438916,-278.17246323529412,0,0,0,0,0,0,0
-278.12246818438916,-278.02247808257914,-278.07247313348415,0,0,0,0,0,0,0
-278.02247808257914,-277.92248798076923,-277.97248303167419,0,0,0,0,0,0,0
-277.92248798076923,-277.82249787895933,-277.87249292986428,0,0,0,0,0,0,0
-277.82249787895933,-277.7225077771493,-277.77250282805431,0,0,0,0,0,0,0
-277.7225077771493,-277.6225176753394,-277.67251272624435,0,0,0,0,0,0,0
-277.6225176753394,-277.52252757352937,-277.57252262443438,0,0,0,0,0,0,0
-277.52252757352937,-277.42253747171947,-277.47253252262442,0,0,0,0,0,0,0
-277.42253747171947,-277.32254736990944,-277.37254242081445,0,0,0,0,0,0,0
-277.32254736990944,-277.22255726809954,-277.27255231900449,0,0,0,0,0,0,0
-277.22255726809954,-277.12256716628963,-277.17256221719458,0,0,0,0,0,0,0
-277.12256716628963,-277.02257706447961,-277.07257211538462,0,0,0,0,0,0,0
-277.02257706447961,-276.9225869626697,-276.97258201357465,0,0,0,0,0,0,0
-276.9225869626697,-276.82259686085968,-276.87259191176469,0,0,0,0,0,0,0
-276.82259686085968,-276.72260675904977,-276.77260180995472,0,0,0,0,0,0,0
-276.72260675904977,-276.62261665723986,-276.67261170814481,0,0,0,0,0,0,0
-276.62261665723986,-276.52262655542984,-276.57262160633485,0,0,0,0,0,0,0
-276.52262655542984,-276.42263645361993,-276.47263150452488,0,0,0,0,0,0,0
-276.42263645361993,-276.32264635180991,-276.37264140271492,0,0,0,0,0,0,0
-276.32264635180991,-276.22265625,-276.27265130090495,0,0,0,0,0,0,0
-276.22265625,-276.12266614819009,-276.17266119909505,0,0,0,0,0,0,0
-276.12266614819009,-276.02267604638007,-276.07267109728508,0,0,0,0,0,0,0
-276.02267604638007,-275.92268594457016,-275.97268099547512,0,0,0,0,0,0,0
-275.92268594457016,-275.82269584276014,-275.87269089366515,0,0,0,0,0,0,0
-275.82269584276014,-275.72270574095023,-275.77270079185519,0,0,0,0,0,0,0
-275.72270574095023,-275.62271563914027,-275.67271069004528,0,0,0,0,0,0,0
-275.62271563914027,-275.5227255373303,-275.57272058823526,0,0,0,0,0,0,0
-275.5227255373303,-275.42273543552039,-275.47273048642535,0,0,0,0,0,0,0
-275.42273543552039,-275.32274533371037,-275.37274038461538,0,0,0,0,0,0,0
-275.32274533371037,-275.22275523190046,-275.27275028280542,0,0,0,0,0,0,0
-275.22275523190046,-275.12276513009044,-275.17276018099545,0,0,0,0,0,0,0
-275.12276513009044,-275.02277502828053,-275.07277007918549,0,0,0,0,0,0,0
-275.02277502828053,-274.92278492647063,-274.97277997737558,0,0,0,0,0,0,0
-274.92278492647063,-274.8227948246606,-274.87278987556562,0,0,0,0,0,0,0
-274.8227948246606,-274.7228047228507,-274.77279977375565,0,0,0,0,0,0,0
-274.7228047228507,-274.62281462104067,-274.67280967194569,0,0,0,0,0,0,0
-274.62281462104067,-274.52282451923077,-274.57281957013572,0,0,0,0,0,0,0
-274.52282451923077,-274.42283441742086,-274.47282946832581,0,0,0,0,0,0,0
-274.42283441742086,-274.32284431561084,-274.37283936651585,0,0,0,0,0,0,0
-274.32284431561084,-274.22285421380093,-274.27284926470588,0,0,0,0,0,0,0
-274.22285421380093,-274.12286411199091,-274.17285916289592,0,0,0,0,0,0,0
-274.12286411199091,-274.022874010181,-274.07286906108595,0,0,0,0,0,0,0
-274.022874010181,-273.92288390837109,-273.97287895927604,0,0,0,0,0,0,0
-273.92288390837109,-273.82289380656107,-273.87288885746608,0,0,0,0,0,0,0
-273.82289380656107,-273.72290370475116,-273.77289875565612,0,0,0,0,0,0,0
-273.72290370475116,-273.62291360294114,-273.67290865384615,0,0,0,0,0,0,0
-273.62291360294114,-273.52292350113123,-273.57291855203619,0,0,0,0,0,0,0
-273.52292350113123,-273.42293339932121,-273.47292845022622,0,0,0,0,0,0,0
-273.42293339932121,-273.3229432975113,-273.37293834841626,0,0,0,0,0,0,0
-273.3229432975113,-273.22295319570139,-273.27294824660635,0,0,0,0,0,0,0
-273.22295319570139,-273.12296309389137,-273.17295814479638,0,0,0,0,0,0,0
-273.12296309389137,-273.02297299208146,-273.07296804298642,0,0,0,0,0,0,0
-273.02297299208146,-272.92298289027144,-272.97297794117645,0,0,0,0,0,0,0
-272.92298289027144,-272.82299278846153,-272.87298783936649,0,0,0,0,0,0,0
-272.82299278846153,-272.72300268665163,-272.77299773755658,0,0,0,0,0,0,0
-272.72300268665163,-272.6230125848416,-272.67300763574661,0,0,0,0,0,0,0
-272.6230125848416,-272.5230224830317,-272.57301753393665,0,0,0,0,0,0,0
-272.5230224830317,-272.42303238122167,-272.47302743212668,0,0,0,0,0,0,0
-272.42303238122167,-272.32304227941177,-272.37303733031672,0,0,0,0,0,0,0
-272.32304227941177,-272.22305217760186,-272.27304722850681,0,0,0,0,0,0,0
-272.22305217760186,-272.12306207579184,-272.17305712669685,0,0,0,0,0,0,0
-272.12306207579184,-272.02307197398193,-272.07306702488688,0,0,0,0,0,0,0
-272.02307197398193,-271.92308187217191,-271.97307692307692,0,0,0,0,0,0,0
-271.92308187217191,-271.823091770362,-271.87308682126695,0,0,0,0,0,0,0
-271.823091770362,-271.72310166855203,-271.77309671945704,0,0,0,0,0,0,0
-271.72310166855203,-271.62311156674207,-271.67310661764702,0,0,0,0,0,0,0
-271.62311156674207,-271.52312146493216,-271.57311651583711,0,0,0,0,0,0,0
-271.52312146493216,-271.42313136312214,-271.47312641402715,0,0,0,0,0,0,0
-271.42313136312214,-271.32314126131223,-271.37313631221718,0,0,0,0,0,0,0
-271.32314126131223,-271.22315115950221,-271.27314621040722,0,0,0,0,0,0,0
-271.22315115950221,-271.1231610576923,-271.17315610859725,0,0,0,0,0,0,0
-271.1231610576923,-271.02317095588239,-271.07316600678735,0,0,0,0,0,0,0
-271.02317095588239,-270.92318085407237,-270.97317590497738,0,0,0,0,0,0,0
-270.92318085407237,-270.82319075226246,-270.87318580316742,0,0,0,0,0,0,0
-270.82319075226246,-270.72320065045244,-270.77319570135745,0,0,0,0,0,0,0
-270.72320065045244,-270.62321054864253,-270.67320559954749,0,0,0,0,0,0,0
-270.62321054864253,-270.52322044683262,-270.57321549773758,0,0,0,0,0,0,0
-270.52322044683262,-270.4232303450226,-270.47322539592761,0,0,0,0,0,0,0
-270.4232303450226,-270.32324024321269,-270.37323529411765,0,0,0,0,0,0,0
-270.32324024321269,-270.22325014140267,-270.27324519230768,0,0,0,0,0,0,0
-270.22325014140267,-270.12326003959276,-270.17325509049772,0,0,0,0,0,0,0
-270.12326003959276,-270.0232699377828,-270.07326498868781,0,0,0,0,0,0,0
-270.0232699377828,-269.92327983597283,-269.97327488687779,0,0,0,0,0,0,0
-269.92327983597283,-269.82328973416293,-269.87328478506788,0,0,0,0,0,0,0
-269.82328973416293,-269.72329963235291,-269.77329468325792,0,0,0,0,0,0,0
-269.72329963235291,-269.623309530543,-269.67330458144795,0,0,0,0,0,0,0
-269.623309530543,-269.52331942873298,-269.57331447963799,0,0,0,0,0,0,0
-269.52331942873298,-269.42332932692307,-269.47332437782802,0,0,0,0,0,0,0
-269.42332932692307,-269.32333922511316,-269.37333427601811,0,0,0,0,0,0,0
-269.32333922511316,-269.22334912330314,-269.27334417420815,0,0,0,0,0,0,0
-269.22334912330314,-269.12335902149323,-269.17335407239818,0,0,0,0,0,0,0
-269.12335902149323,-269.02336891968321,-269.07336397058822,0,0,0,0,0,0,0
-269.02336891968321,-268.9233788178733,-268.97337386877825,0,0,0,0,0,0,0
-268.9233788178733,-268.82338871606339,-268.87338376696835,0,0,0,0,0,0,0
-268.82338871606339,-268.72339861425337,-268.77339366515838,0,0,0,0,0,0,0
-268.72339861425337,-268.62340851244346,-268.67340356334842,0,0,0,0,0,0,0
-268.62340851244346,-268.52341841063344,-268.57341346153845,0,0,0,0,0,0,0
-268.52341841063344,-268.42342830882353,-268.47342335972849,0,0,0,0,0,0,0
-268.42342830882353,-268.32343820701362,-268.37343325791858,0,0,0,0,0,0,0
-268.32343820701362,-268.2234481052036,-268.27344315610861,0,0,0,0,0,0,0
-268.2234481052036,-268.12345800339369,-268.17345305429865,0,0,0,0,0,0,0
-268.12345800339369,-268.02346790158367,-268.07346295248868,0,0,0,0,0,0,0
-268.02346790158367,-267.92347779977376,-267.97347285067872,0,0,0,0,0,0,0
-267.92347779977376,-267.82348769796374,-267.87348274886875,0,0,0,0,0,0,0
-267.82348769796374,-267.72349759615383,-267.77349264705879,0,0,0,0,0,0,0
-267.72349759615383,-267.62350749434393,-267.67350254524888,0,0,0,0,0,0,0
-267.62350749434393,-267.5235173925339,-267.57351244343891,0,0,0,0,0,0,0
-267.5235173925339,-267.423527290724,-267.47352234162895,0,0,0,0,0,0,0
-267.423527290724,-267.32353718891397,-267.37353223981899,0,0,0,0,0,0,0
-267.32353718891397,-267.22354708710407,-267.27354213800902,0,0,0,0,0,0,0
-267.22354708710407,-267.12355698529416,-267.17355203619911,0,0,0,0,0,0,0
-267.12355698529416,-267.02356688348414,-267.07356193438915,0,0,0,0,0,0,0
-267.02356688348414,-266.92357678167423,-266.97357183257918,0,0,0,0,0,0,0
-266.92357678167423,-266.82358667986421,-266.87358173076922,0,0,0,0,0,0,0
-266.82358667986421,-266.7235965780543,-266.77359162895925,0,0,0,0,0,0,0
-266.7235965780543,-266.62360647624439,-266.67360152714934,0,0,0,0,0,0,0
-266.62360647624439,-266.52361637443437,-266.57361142533938,0,0,0,0,0,0,0
-266.52361637443437,-266.42362627262446,-266.47362132352941,0,0,0,0,0,0,0
-266.42362627262446,-266.32363617081444,-266.37363122171945,0,0,0,0,0,0,0
-266.32363617081444,-266.22364606900453,-266.27364111990948,0,0,0,0,0,0,0
-266.22364606900453,-266.12365596719457,-266.17365101809958,0,0,0,0,0,0,0
-266.12365596719457,-266.0236658653846,-266.07366091628955,0,0,0,0,0,0,0
-266.0236658653846,-265.92367576357469,-265.97367081447965,0,0,0,0,0,0,0
-265.92367576357469,-265.82368566176467,-265.87368071266968,0,0,0,0,0,0,0
-265.82368566176467,-265.72369555995476,-265.77369061085972,0,0,0,0,0,0,0
-265.72369555995476,-265.62370545814474,-265.67370050904975,0,0,0,0,0,0,0
-265.62370545814474,-265.52371535633483,-265.57371040723979,0,0,0,0,0,0,0
-265.52371535633483,-265.42372525452492,-265.47372030542988,0,0,0,0,0,0,0
-265.42372525452492,-265.3237351527149,-265.37373020361991,0,0,0,0,0,0,0
-265.3237351527149,-265.22374505090499,-265.27374010180995,0,0,0,0,0,0,0
-265.22374505090499,-265.12375494909497,-265.17374999999998,0,0,0,0,0,0,0
-265.12375494909497,-265.02376484728507,-265.07375989819002,0,0,0,0,0,0,0
-265.02376484728507,-264.92377474547516,-264.97376979638011,0,0,0,0,0,0,0
-264.92377474547516,-264.82378464366514,-264.87377969457015,0,0,0,0,0,0,0
-264.82378464366514,-264.72379454185523,-264.77378959276018,0,0,0,0,0,0,0
-264.72379454185523,-264.62380444004521,-264.67379949095022,0,0,0,0,0,0,0
-264.62380444004521,-264.5238143382353,-264.57380938914025,0,0,0,0,0,0,0
-264.5238143382353,-264.42382423642539,-264.47381928733034,0,0,0,0,0,0,0
-264.42382423642539,-264.32383413461537,-264.37382918552038,0,0,0,0,0,0,0
-264.32383413461537,-264.22384403280546,-264.27383908371041,0,0,0,0,0,0,0
-264.22384403280546,-264.12385393099544,-264.17384898190045,0,0,0,0,0,0,0
-264.12385393099544,-264.02386382918553,-264.07385888009048,0,0,0,0,0,0,0
-264.02386382918553,-263.92387372737551,-263.97386877828052,0,0,0,0,0,0,0
-263.92387372737551,-263.8238836255656,-263.87387867647055,0,0,0,0,0,0,0
-263.8238836255656,-263.72389352375569,-263.77388857466065,0,0,0,0,0,0,0
-263.72389352375569,-263.62390342194567,-263.67389847285068,0,0,0,0,0,0,0
-263.62390342194567,-263.52391332013576,-263.57390837104072,0,0,0,0,0,0,0
-263.52391332013576,-263.42392321832574,-263.47391826923075,0,0,0,0,0,0,0
-263.42392321832574,-263.32393311651583,-263.37392816742079,0,0,0,0,0,0,0
-263.32393311651583,-263.22394301470592,-263.27393806561088,0,0,0,0,0,0,0
-263.22394301470592,-263.1239529128959,-263.17394796380091,0,0,0,0,0,0,0
-263.1239529128959,-263.02396281108599,-263.07395786199095,0,0,0,0,0,0,0
-263.02396281108599,-262.92397270927597,-262.97396776018098,0,0,0,0,0,0,0
-262.92397270927597,-262.82398260746606,-262.87397765837102,0,0,0,0,0,0,0
-262.82398260746606,-262.72399250565616,-262.77398755656111,0,0,0,0,0,0,0
-262.72399250565616,-262.62400240384613,-262.67399745475115,0,0,0,0,0,0,0
-262.62400240384613,-262.52401230203623,-262.57400735294118,0,0,0,0,0,0,0
-262.52401230203623,-262.4240222002262,-262.47401725113122,0,0,0,0,0,0,0
-262.4240222002262,-262.3240320984163,-262.37402714932125,0,0,0,0,0,0,0
-262.3240320984163,-262.22404199660633,-262.27403704751134,0,0,0,0,0,0,0
-262.22404199660633,-262.12405189479637,-262.17404694570132,0,0,0,0,0,0,0
-262.12405189479637,-262.02406179298646,-262.07405684389141,0,0,0,0,0,0,0
-262.02406179298646,-261.92407169117644,-261.97406674208145,0,0,0,0,0,0,0
-261.92407169117644,-261.82408158936653,-261.87407664027148,0,0,0,0,0,0,0
-261.82408158936653,-261.72409148755651,-261.77408653846152,0,0,0,0,0,0,0
-261.72409148755651,-261.6241013857466,-261.67409643665155,0,0,0,0,0,0,0
-261.6241013857466,-261.52411128393669,-261.57410633484164,0,0,0,0,0,0,0
-261.52411128393669,-261.42412118212667,-261.47411623303168,0,0,0,0,0,0,0
-261.42412118212667,-261.32413108031676,-261.37412613122171,0,0,0,0,0,0,0
-261.32413108031676,-261.22414097850674,-261.27413602941175,0,0,0,0,0,0,0
-261.22414097850674,-261.12415087669683,-261.17414592760178,0,0,0,0,0,0,0
-261.12415087669683,-261.02416077488692,-261.07415582579188,0,0,0,0,0,0,0
-261.02416077488692,-260.9241706730769,-260.97416572398191,0,0,0,0,0,0,0
-260.9241706730769,-260.82418057126699,-260.87417562217195,0,0,0,0,0,0,0
-260.82418057126699,-260.72419046945697,-260.77418552036198,0,0,0,0,0,0,0
-260.72419046945697,-260.62420036764706,-260.67419541855202,0,0,0,0,0,0,0
-260.62420036764706,-260.5242102658371,-260.57420531674211,0,0,0,0,0,0,0
-260.5242102658371,-260.42422016402713,-260.47421521493209,0,0,0,0,0,0,0
-260.42422016402713,-260.32423006221723,-260.37422511312218,0,0,0,0,0,0,0
-260.32423006221723,-260.2242399604072,-260.27423501131221,0,0,0,0,0,0,0
-260.2242399604072,-260.1242498585973,-260.17424490950225,0,0,0,0,0,0,0
-260.1242498585973,-260.02425975678727,-260.07425480769228,0,0,0,0,0,0,0
-260.02425975678727,-259.92426965497737,-259.97426470588232,0,0,0,0,0,0,0
-259.92426965497737,-259.82427955316746,-259.87427460407241,0,0,0,0,0,0,0
-259.82427955316746,-259.72428945135744,-259.77428450226245,0,0,0,0,0,0,0
-259.72428945135744,-259.62429934954753,-259.67429440045248,0,0,0,0,0,0,0
-259.62429934954753,-259.52430924773751,-259.57430429864252,0,0,0,0,0,0,0
-259.52430924773751,-259.4243191459276,-259.47431419683255,0,0,0,0,0,0,0
-259.4243191459276,-259.32432904411769,-259.37432409502264,0,0,0,0,0,0,0
-259.32432904411769,-259.22433894230767,-259.27433399321268,0,0,0,0,0,0,0
-259.22433894230767,-259.12434884049776,-259.17434389140271,0,0,0,0,0,0,0
-259.12434884049776,-259.02435873868774,-259.07435378959275,0,0,0,0,0,0,0
-259.02435873868774,-258.92436863687783,-258.97436368778278,0,0,0,0,0,0,0
-258.92436863687783,-258.82437853506792,-258.87437358597288,0,0,0,0,0,0,0
-258.82437853506792,-258.7243884332579,-258.77438348416291,0,0,0,0,0,0,0
-258.7243884332579,-258.62439833144799,-258.67439338235295,0,0,0,0,0,0,0
-258.62439833144799,-258.52440822963797,-258.57440328054298,0,0,0,0,0,0,0
-258.52440822963797,-258.42441812782806,-258.47441317873302,0,0,0,0,0,0,0
-258.42441812782806,-258.32442802601804,-258.37442307692305,0,0,0,0,0,0,0
-258.32442802601804,-258.22443792420813,-258.27443297511309,0,0,0,0,0,0,0
-258.22443792420813,-258.12444782239822,-258.17444287330318,0,0,0,0,0,0,0
-258.12444782239822,-258.0244577205882,-258.07445277149321,0,0,0,0,0,0,0
-258.0244577205882,-257.92446761877829,-257.97446266968325,0,0,0,0,0,0,0
-257.92446761877829,-257.82447751696827,-257.87447256787328,0,0,0,0,0,0,0
-257.82447751696827,-257.72448741515836,-257.77448246606332,0,0,0,0,0,0,0
-257.72448741515836,-257.62449731334846,-257.67449236425341,0,0,0,0,0,0,0
-257.62449731334846,-257.52450721153843,-257.57450226244345,0,0,0,0,0,0,0
-257.52450721153843,-257.42451710972853,-257.47451216063348,0,0,0,0,0,0,0
-257.42451710972853,-257.3245270079185,-257.37452205882352,0,0,0,0,0,0,0
-257.3245270079185,-257.2245369061086,-257.27453195701355,0,0,0,0,0,0,0
-257.2245369061086,-257.12454680429869,-257.17454185520364,0,0,0,0,0,0,0
-257.12454680429869,-257.02455670248867,-257.07455175339368,0,0,0,0,0,0,0
-257.02455670248867,-256.92456660067876,-256.97456165158371,0,0,0,0,0,0,0
-256.92456660067876,-256.82457649886874,-256.87457154977375,0,0,0,0,0,0,0
-256.82457649886874,-256.72458639705883,-256.77458144796378,0,0,0,0,0,0,0
-256.72458639705883,-256.62459629524886,-256.67459134615387,0,0,0,0,0,0,0
-256.62459629524886,-256.5246061934389,-256.57460124434385,0,0,0,0,0,0,0
-256.5246061934389,-256.42461609162899,-256.47461114253394,0,0,0,0,0,0,0
-256.42461609162899,-256.32462598981897,-256.37462104072398,0,0,0,0,0,0,0
-256.32462598981897,-256.22463588800906,-256.27463093891402,0,0,0,0,0,0,0
-256.22463588800906,-256.12464578619904,-256.17464083710405,0,0,0,0,0,0,0
-256.12464578619904,-256.02465568438913,-256.07465073529409,0,0,0,0,0,0,0
-256.02465568438913,-255.92466558257919,-255.97466063348418,0,0,0,0,0,0,0
-255.92466558257919,-255.82467548076923,-255.87467053167421,0,0,0,0,0,0,0
-255.82467548076923,-255.72468537895926,-255.77468042986425,0,0,0,0,0,0,0
-255.72468537895926,-255.62469527714933,-255.67469032805428,0,0,0,0,0,0,0
-255.62469527714933,-255.52470517533936,-255.57470022624435,0,0,0,0,0,0,0
-255.52470517533936,-255.4247150735294,-255.47471012443438,0,0,0,0,0,0,0
-255.4247150735294,-255.32472497171946,-255.37472002262444,0,0,0,0,0,0,0
-255.32472497171946,-255.2247348699095,-255.27472992081448,0,0,0,0,0,0,0
-255.2247348699095,-255.12474476809953,-255.17473981900451,0,0,0,0,0,0,0
-255.12474476809953,-255.0247546662896,-255.07474971719455,0,0,0,0,0,0,0
-255.0247546662896,-254.92476456447963,-254.97475961538461,0,0,0,0,0,0,0
-254.92476456447963,-254.82477446266969,-254.87476951357468,0,0,0,0,0,0,0
-254.82477446266969,-254.72478436085973,-254.77477941176471,0,0,0,0,0,0,0
-254.72478436085973,-254.62479425904976,-254.67478930995475,0,0,0,0,0,0,0
-254.62479425904976,-254.5248041572398,-254.57479920814478,0,0,0,0,0,0,0
-254.5248041572398,-254.42481405542986,-254.47480910633482,0,0,0,0,0,0,0
-254.42481405542986,-254.3248239536199,-254.37481900452488,0,0,0,0,0,0,0
-254.3248239536199,-254.22483385180996,-254.27482890271494,0,0,0,0,0,0,0
-254.22483385180996,-254.12484375,-254.17483880090498,0,0,0,0,0,0,0
-254.12484375,-254.02485364819003,-254.07484869909501,0,0,0,0,0,0,0
-254.02485364819003,-253.9248635463801,-253.97485859728505,0,0,0,0,0,0,0
-253.9248635463801,-253.82487344457013,-253.87486849547511,0,0,0,0,0,0,0
-253.82487344457013,-253.72488334276017,-253.77487839366515,0,0,0,0,0,0,0
-253.72488334276017,-253.62489324095023,-253.67488829185521,0,0,0,0,0,0,0
-253.62489324095023,-253.52490313914026,-253.57489819004525,0,0,0,0,0,0,0
-253.52490313914026,-253.4249130373303,-253.47490808823528,0,0,0,0,0,0,0
-253.4249130373303,-253.32492293552036,-253.37491798642532,0,0,0,0,0,0,0
-253.32492293552036,-253.2249328337104,-253.27492788461538,0,0,0,0,0,0,0
-253.2249328337104,-253.12494273190046,-253.17493778280544,0,0,0,0,0,0,0
-253.12494273190046,-253.0249526300905,-253.07494768099548,0,0,0,0,0,0,0
-253.0249526300905,-252.92496252828053,-252.97495757918551,0,0,0,0,0,0,0
-252.92496252828053,-252.82497242647059,-252.87496747737555,0,0,0,0,0,0,0
-252.82497242647059,-252.72498232466063,-252.77497737556561,0,0,0,0,0,0,0
-252.72498232466063,-252.62499222285066,-252.67498727375565,0,0,0,0,0,0,0
-252.62499222285066,-252.52500212104073,-252.57499717194571,0,0,0,0,0,0,0
-252.52500212104073,-252.42501201923076,-252.47500707013575,0,0,0,0,0,0,0
-252.42501201923076,-252.3250219174208,-252.37501696832578,0,0,0,0,0,0,0
-252.3250219174208,-252.22503181561086,-252.27502686651582,0,0,0,0,0,0,0
-252.22503181561086,-252.1250417138009,-252.17503676470588,0,0,0,0,0,0,0
-252.1250417138009,-252.02505161199096,-252.07504666289594,0,0,0,0,0,0,0
-252.02505161199096,-251.925061510181,-251.97505656108598,0,0,0,0,0,0,0
-251.925061510181,-251.82507140837103,-251.87506645927601,0,0,0,0,0,0,0
-251.82507140837103,-251.72508130656107,-251.77507635746605,0,0,0,0,0,0,0
-251.72508130656107,-251.62509120475113,-251.67508625565608,0,0,0,0,0,0,0
-251.62509120475113,-251.52510110294116,-251.57509615384615,0,0,0,0,0,0,0
-251.52510110294116,-251.42511100113123,-251.47510605203621,0,0,0,0,0,0,0
-251.42511100113123,-251.32512089932126,-251.37511595022625,0,0,0,0,0,0,0
-251.32512089932126,-251.2251307975113,-251.27512584841628,0,0,0,0,0,0,0
-251.2251307975113,-251.12514069570136,-251.17513574660632,0,0,0,0,0,0,0
-251.12514069570136,-251.0251505938914,-251.07514564479638,0,0,0,0,0,0,0
-251.0251505938914,-250.92516049208143,-250.97515554298641,0,0,0,0,0,0,0
-250.92516049208143,-250.8251703902715,-250.87516544117648,0,0,0,0,0,0,0
-250.8251703902715,-250.72518028846153,-250.77517533936651,0,0,0,0,0,0,0
-250.72518028846153,-250.62519018665157,-250.67518523755655,0,0,0,0,0,0,0
-250.62519018665157,-250.52520008484163,-250.57519513574658,0,0,0,0,0,0,0
-250.52520008484163,-250.42520998303166,-250.47520503393665,0,0,0,0,0,0,0
-250.42520998303166,-250.32521988122173,-250.37521493212671,0,0,0,0,0,0,0
-250.32521988122173,-250.22522977941176,-250.27522483031674,0,0,0,0,0,0,0
-250.22522977941176,-250.1252396776018,-250.17523472850678,0,0,0,0,0,0,0
-250.1252396776018,-250.02524957579186,-250.07524462669681,0,0,0,0,0,0,0
-250.02524957579186,-249.9252594739819,-249.97525452488688,0,0,0,0,0,0,0
-249.9252594739819,-249.82526937217193,-249.87526442307691,0,0,0,0,0,0,0
-249.82526937217193,-249.72527927036199,-249.77527432126698,0,0,0,0,0,0,0
-249.72527927036199,-249.62528916855203,-249.67528421945701,0,0,0,0,0,0,0
-249.62528916855203,-249.52529906674206,-249.57529411764705,0,0,0,0,0,0,0
-249.52529906674206,-249.42530896493213,-249.47530401583708,0,0,0,0,0,0,0
-249.42530896493213,-249.32531886312216,-249.37531391402715,0,0,0,0,0,0,0
-249.32531886312216,-249.22532876131223,-249.27532381221721,0,0,0,0,0,0,0
-249.22532876131223,-249.12533865950226,-249.17533371040724,0,0,0,0,0,0,0
-249.12533865950226,-249.0253485576923,-249.07534360859728,0,0,0,0,0,0,0
-249.0253485576923,-248.92535845588233,-248.97535350678731,0,0,0,0,0,0,0
-248.92535845588233,-248.8253683540724,-248.87536340497735,0,0,0,0,0,0,0
-248.8253683540724,-248.72537825226243,-248.77537330316741,0,0,0,0,0,0,0
-248.72537825226243,-248.62538815045249,-248.67538320135748,0,0,0,0,0,0,0
-248.62538815045249,-248.52539804864253,-248.57539309954751,0,0,0,0,0,0,0
-248.52539804864253,-248.42540794683256,-248.47540299773755,0,0,0,0,0,0,0
-248.42540794683256,-248.32541784502263,-248.37541289592758,0,0,0,0,0,0,0
-248.32541784502263,-248.22542774321266,-248.27542279411765,0,0,0,0,0,0,0
-248.22542774321266,-248.1254376414027,-248.17543269230768,0,0,0,0,0,0,0
-248.1254376414027,-248.02544753959276,-248.07544259049774,0,0,0,0,0,0,0
-248.02544753959276,-247.9254574377828,-247.97545248868778,0,0,0,0,0,0,0
-247.9254574377828,-247.82546733597283,-247.87546238687781,0,0,0,0,0,0,0
-247.82546733597283,-247.7254772341629,-247.77547228506785,0,0,0,0,0,0,0
-247.7254772341629,-247.62548713235293,-247.67548218325791,0,0,0,0,0,0,0
-247.62548713235293,-247.52549703054299,-247.57549208144798,0,0,0,0,0,0,0
-247.52549703054299,-247.42550692873303,-247.47550197963801,0,0,0,0,0,0,0
-247.42550692873303,-247.32551682692306,-247.37551187782805,0,0,0,0,0,0,0
-247.32551682692306,-247.22552672511313,-247.27552177601808,0,0,0,0,0,0,0
-247.22552672511313,-247.12553662330316,-247.17553167420814,0,0,0,0,0,0,0
-247.12553662330316,-247.0255465214932,-247.07554157239818,0,0,0,0,0,0,0
-247.0255465214932,-246.92555641968326,-246.97555147058824,0,0,0,0,0,0,0
-246.92555641968326,-246.8255663178733,-246.87556136877828,0,0,0,0,0,0,0
-246.8255663178733,-246.72557621606333,-246.77557126696831,0,0,0,0,0,0,0
-246.72557621606333,-246.62558611425339,-246.67558116515835,0,0,0,0,0,0,0
-246.62558611425339,-246.52559601244343,-246.57559106334841,0,0,0,0,0,0,0
-246.52559601244343,-246.42560591063349,-246.47560096153848,0,0,0,0,0,0,0
-246.42560591063349,-246.32561580882353,-246.37561085972851,0,0,0,0,0,0,0
-246.32561580882353,-246.22562570701356,-246.27562075791855,0,0,0,0,0,0,0
-246.22562570701356,-246.12563560520363,-246.17563065610858,0,0,0,0,0,0,0
-246.12563560520363,-246.02564550339366,-246.07564055429864,0,0,0,0,0,0,0
-246.02564550339366,-245.9256554015837,-245.97565045248868,0,0,0,0,0,0,0
-245.9256554015837,-245.82566529977376,-245.87566035067874,0,0,0,0,0,0,0
-245.82566529977376,-245.7256751979638,-245.77567024886878,0,0,0,0,0,0,0
-245.7256751979638,-245.62568509615383,-245.67568014705881,0,0,0,0,0,0,0
-245.62568509615383,-245.52569499434389,-245.57569004524885,0,0,0,0,0,0,0
-245.52569499434389,-245.42570489253393,-245.47569994343891,0,0,0,0,0,0,0
-245.42570489253393,-245.32571479072399,-245.37570984162898,0,0,0,0,0,0,0
-245.32571479072399,-245.22572468891403,-245.27571973981901,0,0,0,0,0,0,0
-245.22572468891403,-245.12573458710406,-245.17572963800905,0,0,0,0,0,0,0
-245.12573458710406,-245.0257444852941,-245.07573953619908,0,0,0,0,0,0,0
-245.0257444852941,-244.92575438348416,-244.97574943438912,0,0,0,0,0,0,0
-244.92575438348416,-244.8257642816742,-244.87575933257918,0,0,0,0,0,0,0
-244.8257642816742,-244.72577417986426,-244.77576923076924,0,0,0,0,0,0,0
-244.72577417986426,-244.62578407805429,-244.67577912895928,0,0,0,0,0,0,0
-244.62578407805429,-244.52579397624433,-244.57578902714931,0,0,0,0,0,0,0
-244.52579397624433,-244.42580387443439,-244.47579892533935,0,0,0,0,0,0,0
-244.42580387443439,-244.32581377262443,-244.37580882352941,0,0,0,0,0,0,0
-244.32581377262443,-244.22582367081446,-244.27581872171945,0,0,0,0,0,0,0
-244.22582367081446,-244.12583356900453,-244.17582861990951,0,0,0,0,0,0,0
-244.12583356900453,-244.02584346719456,-244.07583851809954,0,0,0,0,0,0,0
-244.02584346719456,-243.9258533653846,-243.97584841628958,0,0,0,0,0,0,0
-243.9258533653846,-243.82586326357466,-243.87585831447961,0,0,0,0,0,0,0
-243.82586326357466,-243.7258731617647,-243.77586821266968,0,0,0,0,0,0,0
-243.7258731617647,-243.62588305995476,-243.67587811085974,0,0,0,0,0,0,0
-243.62588305995476,-243.52589295814479,-243.57588800904978,0,0,0,0,0,0,0
-243.52589295814479,-243.42590285633483,-243.47589790723981,0,0,0,0,0,0,0
-243.42590285633483,-243.32591275452489,-243.37590780542985,0,0,0,0,0,0,0
-243.32591275452489,-243.22592265271493,-243.27591770361991,0,0,0,0,0,0,0
-243.22592265271493,-243.12593255090496,-243.17592760180995,0,0,0,0,0,0,0
-243.12593255090496,-243.02594244909503,-243.07593750000001,0,0,0,0,0,0,0
-243.02594244909503,-242.92595234728506,-242.97594739819004,0,0,0,0,0,0,0
-242.92595234728506,-242.8259622454751,-242.87595729638008,0,0,0,0,0,0,0
-242.8259622454751,-242.72597214366516,-242.77596719457011,0,0,0,0,0,0,0
-242.72597214366516,-242.6259820418552,-242.67597709276018,0,0,0,0,0,0,0
-242.6259820418552,-242.52599194004526,-242.57598699095024,0,0,0,0,0,0,0
-242.52599194004526,-242.42600183823529,-242.47599688914028,0,0,0,0,0,0,0
-242.42600183823529,-242.32601173642533,-242.37600678733031,0,0,0,0,0,0,0
-242.32601173642533,-242.22602163461536,-242.27601668552035,0,0,0,0,0,0,0
-242.22602163461536,-242.12603153280543,-242.17602658371038,0,0,0,0,0,0,0
-242.12603153280543,-242.02604143099546,-242.07603648190045,0,0,0,0,0,0,0
-242.02604143099546,-241.92605132918553,-241.97604638009051,0,0,0,0,0,0,0
-241.92605132918553,-241.82606122737556,-241.87605627828054,0,0,0,0,0,0,0
-241.82606122737556,-241.7260711255656,-241.77606617647058,0,0,0,0,0,0,0
-241.7260711255656,-241.62608102375566,-241.67607607466061,0,0,0,0,0,0,0
-241.62608102375566,-241.52609092194569,-241.57608597285068,0,0,0,0,0,0,0
-241.52609092194569,-241.42610082013573,-241.47609587104071,0,0,0,0,0,0,0
-241.42610082013573,-241.32611071832579,-241.37610576923078,0,0,0,0,0,0,0
-241.32611071832579,-241.22612061651583,-241.27611566742081,0,0,0,0,0,0,0
-241.22612061651583,-241.12613051470586,-241.17612556561085,0,0,0,0,0,0,0
-241.12613051470586,-241.02614041289593,-241.07613546380088,0,0,0,0,0,0,0
-241.02614041289593,-240.92615031108596,-240.97614536199094,0,0,0,0,0,0,0
-240.92615031108596,-240.82616020927603,-240.87615526018101,0,0,0,0,0,0,0
-240.82616020927603,-240.72617010746606,-240.77616515837104,0,0,0,0,0,0,0
-240.72617010746606,-240.6261800056561,-240.67617505656108,0,0,0,0,0,0,0
-240.6261800056561,-240.52618990384616,-240.57618495475111,0,0,0,0,0,0,0
-240.52618990384616,-240.42619980203619,-240.47619485294118,0,0,0,0,0,0,0
-240.42619980203619,-240.32620970022623,-240.37620475113121,0,0,0,0,0,0,0
-240.32620970022623,-240.22621959841629,-240.27621464932128,0,0,0,0,0,0,0
-240.22621959841629,-240.12622949660633,-240.17622454751131,0,0,0,0,0,0,0
-240.12622949660633,-240.02623939479636,-240.07623444570135,0,0,0,0,0,0,0
-240.02623939479636,-239.92624929298643,-239.97624434389138,0,0,0,0,0,0,0
-239.92624929298643,-239.82625919117646,-239.87625424208144,0,0,0,0,0,0,0
-239.82625919117646,-239.72626908936653,-239.77626414027151,0,0,0,0,0,0,0
-239.72626908936653,-239.62627898755656,-239.67627403846154,0,0,0,0,0,0,0
-239.62627898755656,-239.5262888857466,-239.57628393665158,0,0,0,0,0,0,0
-239.5262888857466,-239.42629878393663,-239.47629383484161,0,0,0,0,0,0,0
-239.42629878393663,-239.32630868212669,-239.37630373303165,0,0,0,0,0,0,0
-239.32630868212669,-239.22631858031673,-239.27631363122171,0,0,0,0,0,0,0
-239.22631858031673,-239.12632847850679,-239.17632352941177,0,0,0,0,0,0,0
-239.12632847850679,-239.02633837669683,-239.07633342760181,0,0,0,0,0,0,0
-239.02633837669683,-238.92634827488686,-238.97634332579185,0,0,0,0,0,0,0
-238.92634827488686,-238.82635817307693,-238.87635322398188,0,0,0,0,0,0,0
-238.82635817307693,-238.72636807126696,-238.77636312217194,0,0,0,0,0,0,0
-238.72636807126696,-238.626377969457,-238.67637302036198,0,0,0,0,0,0,0
-238.626377969457,-238.52638786764706,-238.57638291855204,0,0,0,0,0,0,0
-238.52638786764706,-238.42639776583709,-238.47639281674208,0,0,0,0,0,0,0
-238.42639776583709,-238.32640766402713,-238.37640271493211,0,0,0,0,0,0,0
-238.32640766402713,-238.22641756221719,-238.27641261312215,0,0,0,0,0,0,0
-238.22641756221719,-238.12642746040723,-238.17642251131221,0,0,0,0,0,0,0
-238.12642746040723,-238.02643735859729,-238.07643240950227,0,0,0,0,0,0,0
-238.02643735859729,-237.92644725678733,-237.97644230769231,0,0,0,0,0,0,0
-237.92644725678733,-237.82645715497736,-237.87645220588234,0,0,0,0,0,0,0
-237.82645715497736,-237.72646705316743,-237.77646210407238,0,0,0,0,0,0,0
-237.72646705316743,-237.62647695135746,-237.67647200226244,0,0,0,0,0,0,0
-237.62647695135746,-237.5264868495475,-237.57648190045248,0,0,0,0,0,0,0
-237.5264868495475,-237.42649674773756,-237.47649179864254,0,0,0,0,0,0,0
-237.42649674773756,-237.32650664592759,-237.37650169683258,0,0,0,0,0,0,0
-237.32650664592759,-237.22651654411763,-237.27651159502261,0,0,0,0,0,0,0
-237.22651654411763,-237.12652644230769,-237.17652149321265,0,0,0,0,0,0,0
-237.12652644230769,-237.02653634049773,-237.07653139140271,0,0,0,0,0,0,0
-237.02653634049773,-236.92654623868779,-236.97654128959277,0,0,0,0,0,0,0
-236.92654623868779,-236.82655613687783,-236.87655118778281,0,0,0,0,0,0,0
-236.82655613687783,-236.72656603506786,-236.77656108597284,0,0,0,0,0,0,0
-236.72656603506786,-236.62657593325793,-236.67657098416288,0,0,0,0,0,0,0
-236.62657593325793,-236.52658583144796,-236.57658088235294,0,0,0,0,0,0,0
-236.52658583144796,-236.426595729638,-236.47659078054298,0,0,0,0,0,0,0
-236.426595729638,-236.32660562782806,-236.37660067873304,0,0,0,0,0,0,0
-236.32660562782806,-236.22661552601809,-236.27661057692308,0,0,0,0,0,0,0
-236.22661552601809,-236.12662542420813,-236.17662047511311,0,0,0,0,0,0,0
-236.12662542420813,-236.02663532239819,-236.07663037330315,0,0,0,0,0,0,0
-236.02663532239819,-235.92664522058823,-235.97664027149321,0,0,0,0,0,0,0
-235.92664522058823,-235.82665511877829,-235.87665016968327,0,0,0,0,0,0,0
-235.82665511877829,-235.72666501696833,-235.77666006787331,0,0,0,0,0,0,0
-235.72666501696833,-235.62667491515836,-235.67666996606334,0,0,0,0,0,0,0
-235.62667491515836,-235.5266848133484,-235.57667986425338,0,0,0,0,0,0,0
-235.5266848133484,-235.42669471153846,-235.47668976244341,0,0,0,0,0,0,0
-235.42669471153846,-235.32670460972849,-235.37669966063348,0,0,0,0,0,0,0
-235.32670460972849,-235.22671450791856,-235.27670955882354,0,0,0,0,0,0,0
-235.22671450791856,-235.12672440610859,-235.17671945701358,0,0,0,0,0,0,0
-235.12672440610859,-235.02673430429863,-235.07672935520361,0,0,0,0,0,0,0
-235.02673430429863,-234.92674420248869,-234.97673925339365,0,0,0,0,0,0,0
-234.92674420248869,-234.82675410067873,-234.87674915158371,0,0,0,0,0,0,0
-234.82675410067873,-234.72676399886876,-234.77675904977374,0,0,0,0,0,0,0
-234.72676399886876,-234.62677389705883,-234.67676894796381,0,0,0,0,0,0,0
-234.62677389705883,-234.52678379524886,-234.57677884615384,0,0,0,0,0,0,0
-234.52678379524886,-234.4267936934389,-234.47678874434388,0,0,0,0,0,0,0
-234.4267936934389,-234.32680359162896,-234.37679864253391,0,0,0,0,0,0,0
-234.32680359162896,-234.22681348981899,-234.27680854072398,0,0,0,0,0,0,0
-234.22681348981899,-234.12682338800906,-234.17681843891404,0,0,0,0,0,0,0
-234.12682338800906,-234.02683328619909,-234.07682833710408,0,0,0,0,0,0,0
-234.02683328619909,-233.92684318438913,-233.97683823529411,0,0,0,0,0,0,0
-233.92684318438913,-233.82685308257919,-233.87684813348415,0,0,0,0,0,0,0
-233.82685308257919,-233.72686298076923,-233.77685803167421,0,0,0,0,0,0,0
-233.72686298076923,-233.62687287895926,-233.67686792986424,0,0,0,0,0,0,0
-233.62687287895926,-233.52688277714932,-233.57687782805431,0,0,0,0,0,0,0
-233.52688277714932,-233.42689267533936,-233.47688772624434,0,0,0,0,0,0,0
-233.42689267533936,-233.3269025735294,-233.37689762443438,0,0,0,0,0,0,0
-233.3269025735294,-233.22691247171946,-233.27690752262441,0,0,0,0,0,0,0
-233.22691247171946,-233.12692236990949,-233.17691742081448,0,0,0,0,0,0,0
-233.12692236990949,-233.02693226809956,-233.07692731900454,0,0,0,0,0,0,0
-233.02693226809956,-232.92694216628959,-232.97693721719457,0,0,0,0,0,0,0
-232.92694216628959,-232.82695206447963,-232.87694711538461,0,0,0,0,0,0,0
-232.82695206447963,-232.72696196266966,-232.77695701357464,0,0,0,0,0,0,0
-232.72696196266966,-232.62697186085973,-232.67696691176468,0,0,0,0,0,0,0
-232.62697186085973,-232.52698175904976,-232.57697680995474,0,0,0,0,0,0,0
-232.52698175904976,-232.42699165723982,-232.47698670814481,0,0,0,0,0,0,0
-232.42699165723982,-232.32700155542986,-232.37699660633484,0,0,0,0,0,0,0
-232.32700155542986,-232.22701145361989,-232.27700650452488,0,0,0,0,0,0,0
-232.22701145361989,-232.12702135180996,-232.17701640271491,0,0,0,0,0,0,0
-232.12702135180996,-232.02703124999999,-232.07702630090498,0,0,0,0,0,0,0
-232.02703124999999,-231.92704114819003,-231.97703619909501,0,0,0,0,0,0,0
-231.92704114819003,-231.82705104638009,-231.87704609728507,0,0,0,0,0,0,0
-231.82705104638009,-231.72706094457013,-231.77705599547511,0,0,0,0,0,0,0
-231.72706094457013,-231.62707084276016,-231.67706589366514,0,0,0,0,0,0,0
-231.62707084276016,-231.52708074095023,-231.57707579185518,0,0,0,0,0,0,0
-231.52708074095023,-231.42709063914026,-231.47708569004524,0,0,0,0,0,0,0
-231.42709063914026,-231.32710053733032,-231.37709558823531,0,0,0,0,0,0,0
-231.32710053733032,-231.22711043552036,-231.27710548642534,0,0,0,0,0,0,0
-231.22711043552036,-231.12712033371039,-231.17711538461538,0,0,0,0,0,0,0
-231.12712033371039,-231.02713023190046,-231.07712528280541,0,0,0,0,0,0,0
-231.02713023190046,-230.92714013009049,-230.97713518099548,0,0,0,0,0,0,0
-230.92714013009049,-230.82715002828053,-230.87714507918551,0,0,0,0,0,0,0
-230.82715002828053,-230.72715992647059,-230.77715497737557,0,0,0,0,0,0,0
-230.72715992647059,-230.62716982466063,-230.67716487556561,0,0,0,0,0,0,0
-230.62716982466063,-230.52717972285066,-230.57717477375564,0,0,0,0,0,0,0
-230.52717972285066,-230.42718962104072,-230.47718467194568,0,0,0,0,0,0,0
-230.42718962104072,-230.32719951923076,-230.37719457013574,0,0,0,0,0,0,0
-230.32719951923076,-230.22720941742082,-230.27720446832581,0,0,0,0,0,0,0
-230.22720941742082,-230.12721931561086,-230.17721436651584,0,0,0,0,0,0,0
-230.12721931561086,-230.02722921380089,-230.07722426470588,0,0,0,0,0,0,0
-230.02722921380089,-229.92723911199093,-229.97723416289591,0,0,0,0,0,0,0
-229.92723911199093,-229.82724901018099,-229.87724406108595,0,0,0,0,0,0,0
-229.82724901018099,-229.72725890837103,-229.77725395927601,0,0,0,0,0,0,0
-229.72725890837103,-229.62726880656109,-229.67726385746607,0,0,0,0,0,0,0
-229.62726880656109,-229.52727870475113,-229.57727375565611,0,0,0,0,0,0,0
-229.52727870475113,-229.42728860294116,-229.47728365384614,0,0,0,0,0,0,0
-229.42728860294116,-229.32729850113122,-229.37729355203618,0,0,0,0,0,0,0
-229.32729850113122,-229.22730839932126,-229.27730345022624,0,0,0,0,0,0,0
-229.22730839932126,-229.12731829751129,-229.17731334841628,0,0,0,0,0,0,0
-229.12731829751129,-229.02732819570136,-229.07732324660634,0,0,0,0,0,0,0
-229.02732819570136,-228.92733809389139,-228.97733314479638,0,0,0,0,0,0,0
-228.92733809389139,-228.82734799208143,-228.87734304298641,0,0,0,0,0,0,0
-228.82734799208143,-228.72735789027149,-228.77735294117645,0,0,0,0,0,0,0
-228.72735789027149,-228.62736778846153,-228.67736283936651,0,0,0,0,0,0,0
-228.62736778846153,-228.52737768665159,-228.57737273755657,0,0,0,0,0,0,0
-228.52737768665159,-228.42738758484163,-228.47738263574661,0,0,0,0,0,0,0
-228.42738758484163,-228.32739748303166,-228.37739253393664,0,0,0,0,0,0,0
-228.32739748303166,-228.22740738122172,-228.27740243212668,0,0,0,0,0,0,0
-228.22740738122172,-228.12741727941176,-228.17741233031674,0,0,0,0,0,0,0
-228.12741727941176,-228.02742717760179,-228.07742222850678,0,0,0,0,0,0,0
-228.02742717760179,-227.92743707579186,-227.97743212669684,0,0,0,0,0,0,0
-227.92743707579186,-227.82744697398189,-227.87744202488688,0,0,0,0,0,0,0
-227.82744697398189,-227.72745687217193,-227.77745192307691,0,0,0,0,0,0,0
-227.72745687217193,-227.62746677036199,-227.67746182126695,0,0,0,0,0,0,0
-227.62746677036199,-227.52747666855203,-227.57747171945701,0,0,0,0,0,0,0
-227.52747666855203,-227.42748656674209,-227.47748161764707,0,0,0,0,0,0,0
-227.42748656674209,-227.32749646493212,-227.37749151583711,0,0,0,0,0,0,0
-227.32749646493212,-227.22750636312216,-227.27750141402714,0,0,0,0,0,0,0
-227.22750636312216,-227.12751626131222,-227.17751131221718,0,0,0,0,0,0,0
-227.12751626131222,-227.02752615950226,-227.07752121040724,0,0,0,0,0,0,0
-227.02752615950226,-226.92753605769229,-226.97753110859728,0,0,0,0,0,0,0
-226.92753605769229,-226.82754595588236,-226.87754100678734,0,0,0,0,0,0,0
-226.82754595588236,-226.72755585407239,-226.77755090497737,0,0,0,0,0,0,0
-226.72755585407239,-226.62756575226243,-226.67756080316741,0,0,0,0,0,0,0
-226.62756575226243,-226.52757565045249,-226.57757070135744,0,0,0,0,0,0,0
-226.52757565045249,-226.42758554864253,-226.47758059954751,0,0,0,0,0,0,0
-226.42758554864253,-226.32759544683259,-226.37759049773757,0,0,0,0,0,0,0
-226.32759544683259,-226.22760534502262,-226.27760039592761,0,0,0,0,0,0,0
-226.22760534502262,-226.12761524321266,-226.17761029411764,0,0,0,0,0,0,0
-226.12761524321266,-226.02762514140269,-226.07762019230768,0,0,0,0,0,0,0
-226.02762514140269,-225.92763503959276,-225.97763009049771,0,0,0,0,0,0,0
-225.92763503959276,-225.82764493778279,-225.87763998868778,0,0,0,0,0,0,0
-225.82764493778279,-225.72765483597286,-225.77764988687784,0,0,0,0,0,0,0
-225.72765483597286,-225.62766473416289,-225.67765978506787,0,0,0,0,0,0,0
-225.62766473416289,-225.52767463235293,-225.57766968325791,0,0,0,0,0,0,0
-225.52767463235293,-225.42768453054299,-225.47767958144794,0,0,0,0,0,0,0
-225.42768453054299,-225.32769442873303,-225.37768947963801,0,0,0,0,0,0,0
-225.32769442873303,-225.22770432692306,-225.27769937782804,0,0,0,0,0,0,0
-225.22770432692306,-225.12771422511312,-225.17770927601811,0,0,0,0,0,0,0
-225.12771422511312,-225.02772412330316,-225.07771917420814,0,0,0,0,0,0,0
-225.02772412330316,-224.92773402149322,-224.97772907239818,0,0,0,0,0,0,0
-224.92773402149322,-224.82774391968326,-224.87773897058824,0,0,0,0,0,0,0
-224.82774391968326,-224.72775381787329,-224.77774886877827,0,0,0,0,0,0,0
-224.72775381787329,-224.62776371606333,-224.67775876696831,0,0,0,0,0,0,0
-224.62776371606333,-224.52777361425339,-224.57776866515837,0,0,0,0,0,0,0
-224.52777361425339,-224.42778351244343,-224.47777856334841,0,0,0,0,0,0,0
-224.42778351244343,-224.32779341063349,-224.37778846153844,0,0,0,0,0,0,0
-224.32779341063349,-224.22780330882352,-224.27779835972851,0,0,0,0,0,0,0
-224.22780330882352,-224.12781320701356,-224.17780825791854,0,0,0,0,0,0,0
-224.12781320701356,-224.02782310520359,-224.07781815610858,0,0,0,0,0,0,0
-224.02782310520359,-223.92783300339366,-223.97782805429864,0,0,0,0,0,0,0
-223.92783300339366,-223.82784290158372,-223.87783795248868,0,0,0,0,0,0,0
-223.82784290158372,-223.72785279977376,-223.77784785067874,0,0,0,0,0,0,0
-223.72785279977376,-223.62786269796379,-223.67785774886877,0,0,0,0,0,0,0
-223.62786269796379,-223.52787259615383,-223.57786764705881,0,0,0,0,0,0,0
-223.52787259615383,-223.42788249434389,-223.47787754524887,0,0,0,0,0,0,0
-223.42788249434389,-223.32789239253393,-223.37788744343891,0,0,0,0,0,0,0
-223.32789239253393,-223.22790229072399,-223.27789734162894,0,0,0,0,0,0,0
-223.22790229072399,-223.12791218891402,-223.17790723981901,0,0,0,0,0,0,0
-223.12791218891402,-223.02792208710406,-223.07791713800904,0,0,0,0,0,0,0
-223.02792208710406,-222.92793198529409,-222.97792703619908,0,0,0,0,0,0,0
-222.92793198529409,-222.82794188348416,-222.87793693438914,0,0,0,0,0,0,0
-222.82794188348416,-222.72795178167422,-222.77794683257918,0,0,0,0,0,0,0
-222.72795178167422,-222.62796167986426,-222.67795673076924,0,0,0,0,0,0,0
-222.62796167986426,-222.52797157805429,-222.57796662895927,0,0,0,0,0,0,0
-222.52797157805429,-222.42798147624433,-222.47797652714931,0,0,0,0,0,0,0
-222.42798147624433,-222.32799137443439,-222.37798642533937,0,0,0,0,0,0,0
-222.32799137443439,-222.22800127262443,-222.27799632352941,0,0,0,0,0,0,0
-222.22800127262443,-222.12801117081449,-222.17800622171944,0,0,0,0,0,0,0
-222.12801117081449,-222.02802106900452,-222.07801611990951,0,0,0,0,0,0,0
-222.02802106900452,-221.92803096719456,-221.97802601809954,0,0,0,0,0,0,0
-221.92803096719456,-221.82804086538459,-221.87803591628958,0,0,0,0,0,0,0
-221.82804086538459,-221.72805076357466,-221.77804581447964,0,0,0,0,0,0,0
-221.72805076357466,-221.62806066176469,-221.67805571266967,0,0,0,0,0,0,0
-221.62806066176469,-221.52807055995476,-221.57806561085971,0,0,0,0,0,0,0
-221.52807055995476,-221.42808045814479,-221.47807550904977,0,0,0,0,0,0,0
-221.42808045814479,-221.32809035633483,-221.37808540723981,0,0,0,0,0,0,0
-221.32809035633483,-221.22810025452489,-221.27809530542987,0,0,0,0,0,0,0
-221.22810025452489,-221.12811015271492,-221.17810520361991,0,0,0,0,0,0,0
-221.12811015271492,-221.02812005090499,-221.07811510180994,0,0,0,0,0,0,0
-221.02812005090499,-220.92812994909502,-220.97812500000001,0,0,0,0,0,0,0
-220.92812994909502,-220.82813984728506,-220.87813489819004,0,0,0,0,0,0,0
-220.82813984728506,-220.72814974547509,-220.77814479638008,0,0,0,0,0,0,0
-220.72814974547509,-220.62815964366516,-220.67815469457014,0,0,0,0,0,0,0
-220.62815964366516,-220.52816954185519,-220.57816459276017,0,0,0,0,0,0,0
-220.52816954185519,-220.42817944004526,-220.47817449095021,0,0,0,0,0,0,0
-220.42817944004526,-220.32818933823529,-220.37818438914027,0,0,0,0,0,0,0
-220.32818933823529,-220.22819923642533,-220.27819428733031,0,0,0,0,0,0,0
-220.22819923642533,-220.12820913461536,-220.17820418552034,0,0,0,0,0,0,0
-220.12820913461536,-220.02821903280542,-220.07821408371041,0,0,0,0,0,0,0
-220.02821903280542,-219.92822893099549,-219.97822398190044,0,0,0,0,0,0,0
-219.92822893099549,-219.82823882918552,-219.87823388009051,0,0,0,0,0,0,0
-219.82823882918552,-219.72824872737556,-219.77824377828054,0,0,0,0,0,0,0
-219.72824872737556,-219.62825862556559,-219.67825367647058,0,0,0,0,0,0,0
-219.62825862556559,-219.52826852375566,-219.57826357466064,0,0,0,0,0,0,0
-219.52826852375566,-219.42827842194569,-219.47827347285067,0,0,0,0,0,0,0
-219.42827842194569,-219.32828832013575,-219.37828337104071,0,0,0,0,0,0,0
-219.32828832013575,-219.22829821832579,-219.27829326923077,0,0,0,0,0,0,0
-219.22829821832579,-219.12830811651583,-219.17830316742081,0,0,0,0,0,0,0
-219.12830811651583,-219.02831801470586,-219.07831306561084,0,0,0,0,0,0,0
-219.02831801470586,-218.92832791289592,-218.97832296380091,0,0,0,0,0,0,0
-218.92832791289592,-218.82833781108596,-218.87833286199094,0,0,0,0,0,0,0
-218.82833781108596,-218.72834770927602,-218.77834276018098,0,0,0,0,0,0,0
-218.72834770927602,-218.62835760746606,-218.67835265837104,0,0,0,0,0,0,0
-218.62835760746606,-218.52836750565609,-218.57836255656107,0,0,0,0,0,0,0
-218.52836750565609,-218.42837740384616,-218.47837245475114,0,0,0,0,0,0,0
-218.42837740384616,-218.32838730203619,-218.37838235294117,0,0,0,0,0,0,0
-218.32838730203619,-218.22839720022625,-218.27839225113121,0,0,0,0,0,0,0
-218.22839720022625,-218.12840709841629,-218.17840214932127,0,0,0,0,0,0,0
-218.12840709841629,-218.02841699660632,-218.07841204751131,0,0,0,0,0,0,0
-218.02841699660632,-217.92842689479636,-217.97842194570134,0,0,0,0,0,0,0
-217.92842689479636,-217.82843679298642,-217.87843184389141,0,0,0,0,0,0,0
-217.82843679298642,-217.72844669117646,-217.77844174208144,0,0,0,0,0,0,0
-217.72844669117646,-217.62845658936652,-217.67845164027148,0,0,0,0,0,0,0
-217.62845658936652,-217.52846648755656,-217.57846153846154,0,0,0,0,0,0,0
-217.52846648755656,-217.42847638574659,-217.47847143665157,0,0,0,0,0,0,0
-217.42847638574659,-217.32848628393663,-217.37848133484161,0,0,0,0,0,0,0
-217.32848628393663,-217.22849618212669,-217.27849123303167,0,0,0,0,0,0,0
-217.22849618212669,-217.12850608031675,-217.17850113122171,0,0,0,0,0,0,0
-217.12850608031675,-217.02851597850679,-217.07851102941177,0,0,0,0,0,0,0
-217.02851597850679,-216.92852587669682,-216.97852092760181,0,0,0,0,0,0,0
-216.92852587669682,-216.82853577488686,-216.87853082579184,0,0,0,0,0,0,0
-216.82853577488686,-216.72854567307692,-216.77854072398191,0,0,0,0,0,0,0
-216.72854567307692,-216.62855557126696,-216.67855062217194,0,0,0,0,0,0,0
-216.62855557126696,-216.52856546945702,-216.57856052036198,0,0,0,0,0,0,0
-216.52856546945702,-216.42857536764706,-216.47857041855204,0,0,0,0,0,0,0
-216.42857536764706,-216.32858526583709,-216.37858031674207,0,0,0,0,0,0,0
-216.32858526583709,-216.22859516402713,-216.27859021493211,0,0,0,0,0,0,0
-216.22859516402713,-216.12860506221719,-216.17860011312217,0,0,0,0,0,0,0
-216.12860506221719,-216.02861496040722,-216.07861001131221,0,0,0,0,0,0,0
-216.02861496040722,-215.92862485859729,-215.97861990950224,0,0,0,0,0,0,0
-215.92862485859729,-215.82863475678732,-215.87862980769231,0,0,0,0,0,0,0
-215.82863475678732,-215.72864465497736,-215.77863970588234,0,0,0,0,0,0,0
-215.72864465497736,-215.62865455316742,-215.6786496040724,0,0,0,0,0,0,0
-215.62865455316742,-215.52866445135746,-215.57865950226244,0,0,0,0,0,0,0
-215.52866445135746,-215.42867434954752,-215.47866940045247,0,0,0,0,0,0,0
-215.42867434954752,-215.32868424773756,-215.37867929864254,0,0,0,0,0,0,0
-215.32868424773756,-215.22869414592759,-215.27868919683257,0,0,0,0,0,0,0
-215.22869414592759,-215.12870404411763,-215.17869909502261,0,0,0,0,0,0,0
-215.12870404411763,-215.02871394230769,-215.07870899321267,0,0,0,0,0,0,0
-215.02871394230769,-214.92872384049772,-214.97871889140271,0,0,0,0,0,0,0
-214.92872384049772,-214.82873373868779,-214.87872878959274,0,0,0,0,0,0,0
-214.82873373868779,-214.72874363687782,-214.77873868778281,0,0,0,0,0,0,0
-214.72874363687782,-214.62875353506786,-214.67874858597284,0,0,0,0,0,0,0
-214.62875353506786,-214.52876343325789,-214.57875848416288,0,0,0,0,0,0,0
-214.52876343325789,-214.42877333144796,-214.47876838235294,0,0,0,0,0,0,0
-214.42877333144796,-214.32878322963802,-214.37877828054297,0,0,0,0,0,0,0
-214.32878322963802,-214.22879312782806,-214.27878817873304,0,0,0,0,0,0,0
-214.22879312782806,-214.12880302601809,-214.17879807692307,0,0,0,0,0,0,0
-214.12880302601809,-214.02881292420813,-214.07880797511311,0,0,0,0,0,0,0
-214.02881292420813,-213.92882282239819,-213.97881787330317,0,0,0,0,0,0,0
-213.92882282239819,-213.82883272058822,-213.87882777149321,0,0,0,0,0,0,0
-213.82883272058822,-213.72884261877829,-213.77883766968324,0,0,0,0,0,0,0
-213.72884261877829,-213.62885251696832,-213.67884756787331,0,0,0,0,0,0,0
-213.62885251696832,-213.52886241515836,-213.57885746606334,0,0,0,0,0,0,0
-213.52886241515836,-213.42887231334839,-213.47886736425338,0,0,0,0,0,0,0
-213.42887231334839,-213.32888221153846,-213.37887726244344,0,0,0,0,0,0,0
-213.32888221153846,-213.22889210972852,-213.27888716063347,0,0,0,0,0,0,0
-213.22889210972852,-213.12890200791855,-213.17889705882354,0,0,0,0,0,0,0
-213.12890200791855,-213.02891190610859,-213.07890695701357,0,0,0,0,0,0,0
-213.02891190610859,-212.92892180429862,-212.97891685520361,0,0,0,0,0,0,0
-212.92892180429862,-212.82893170248869,-212.87892675339367,0,0,0,0,0,0,0
-212.82893170248869,-212.72894160067872,-212.77893665158371,0,0,0,0,0,0,0
-212.72894160067872,-212.62895149886879,-212.67894654977374,0,0,0,0,0,0,0
-212.62895149886879,-212.52896139705882,-212.5789564479638,0,0,0,0,0,0,0
-212.52896139705882,-212.42897129524886,-212.47896634615384,0,0,0,0,0,0,0
-212.42897129524886,-212.32898119343889,-212.37897624434387,0,0,0,0,0,0,0
-212.32898119343889,-212.22899109162896,-212.27898614253394,0,0,0,0,0,0,0
-212.22899109162896,-212.12900098981899,-212.17899604072397,0,0,0,0,0,0,0
-212.12900098981899,-212.02901088800905,-212.07900593891401,0,0,0,0,0,0,0
-212.02901088800905,-211.92902078619909,-211.97901583710407,0,0,0,0,0,0,0
-211.92902078619909,-211.82903068438912,-211.87902573529411,0,0,0,0,0,0,0
-211.82903068438912,-211.72904058257919,-211.77903563348417,0,0,0,0,0,0,0
-211.72904058257919,-211.62905048076922,-211.67904553167421,0,0,0,0,0,0,0
-211.62905048076922,-211.52906037895929,-211.57905542986424,0,0,0,0,0,0,0
-211.52906037895929,-211.42907027714932,-211.4790653280543,0,0,0,0,0,0,0
-211.42907027714932,-211.32908017533936,-211.37907522624434,0,0,0,0,0,0,0
-211.32908017533936,-211.22909007352939,-211.27908512443437,0,0,0,0,0,0,0
-211.22909007352939,-211.12909997171946,-211.17909502262444,0,0,0,0,0,0,0
-211.12909997171946,-211.02910986990949,-211.07910492081447,0,0,0,0,0,0,0
-211.02910986990949,-210.92911976809955,-210.97911481900451,0,0,0,0,0,0,0
-210.92911976809955,-210.82912966628959,-210.87912471719457,0,0,0,0,0,0,0
-210.82912966628959,-210.72913956447962,-210.77913461538461,0,0,0,0,0,0,0
-210.72913956447962,-210.62914946266966,-210.67914451357464,0,0,0,0,0,0,0
-210.62914946266966,-210.52915936085972,-210.5791544117647,0,0,0,0,0,0,0
-210.52915936085972,-210.42916925904979,-210.47916430995474,0,0,0,0,0,0,0
-210.42916925904979,-210.32917915723982,-210.3791742081448,0,0,0,0,0,0,0
-210.32917915723982,-210.22918905542986,-210.27918410633484,0,0,0,0,0,0,0
-210.22918905542986,-210.12919895361989,-210.17919400452487,0,0,0,0,0,0,0
-210.12919895361989,-210.02920885180995,-210.07920390271494,0,0,0,0,0,0,0
-210.02920885180995,-209.92921874999999,-209.97921380090497,0,0,0,0,0,0,0
-209.92921874999999,-209.82922864819005,-209.87922369909501,0,0,0,0,0,0,0
-209.82922864819005,-209.72923854638009,-209.77923359728507,0,0,0,0,0,0,0
-209.72923854638009,-209.62924844457012,-209.67924349547511,0,0,0,0,0,0,0
-209.62924844457012,-209.52925834276016,-209.57925339366514,0,0,0,0,0,0,0
-209.52925834276016,-209.42926824095022,-209.4792632918552,0,0,0,0,0,0,0
-209.42926824095022,-209.32927813914026,-209.37927319004524,0,0,0,0,0,0,0
-209.32927813914026,-209.22928803733032,-209.27928308823527,0,0,0,0,0,0,0
-209.22928803733032,-209.12929793552036,-209.17929298642534,0,0,0,0,0,0,0
-209.12929793552036,-209.02930783371039,-209.07930288461537,0,0,0,0,0,0,0
-209.02930783371039,-208.92931773190045,-208.97931278280544,0,0,0,0,0,0,0
-208.92931773190045,-208.82932763009049,-208.87932268099547,0,0,0,0,0,0,0
-208.82932763009049,-208.72933752828055,-208.77933257918551,0,0,0,0,0,0,0
-208.72933752828055,-208.62934742647059,-208.67934247737557,0,0,0,0,0,0,0
-208.62934742647059,-208.52935732466062,-208.57935237556561,0,0,0,0,0,0,0
-208.52935732466062,-208.42936722285066,-208.47936227375564,0,0,0,0,0,0,0
-208.42936722285066,-208.32937712104072,-208.3793721719457,0,0,0,0,0,0,0
-208.32937712104072,-208.22938701923076,-208.27938207013574,0,0,0,0,0,0,0
-208.22938701923076,-208.12939691742082,-208.17939196832577,0,0,0,0,0,0,0
-208.12939691742082,-208.02940681561086,-208.07940186651584,0,0,0,0,0,0,0
-208.02940681561086,-207.92941671380089,-207.97941176470587,0,0,0,0,0,0,0
-207.92941671380089,-207.82942661199093,-207.87942166289591,0,0,0,0,0,0,0
-207.82942661199093,-207.72943651018099,-207.77943156108597,0,0,0,0,0,0,0
-207.72943651018099,-207.62944640837105,-207.67944145927601,0,0,0,0,0,0,0
-207.62944640837105,-207.52945630656109,-207.57945135746607,0,0,0,0,0,0,0
-207.52945630656109,-207.42946620475112,-207.4794612556561,0,0,0,0,0,0,0
-207.42946620475112,-207.32947610294116,-207.37947115384614,0,0,0,0,0,0,0
-207.32947610294116,-207.22948600113122,-207.2794810520362,0,0,0,0,0,0,0
-207.22948600113122,-207.12949589932126,-207.17949095022624,0,0,0,0,0,0,0
-207.12949589932126,-207.02950579751132,-207.07950084841627,0,0,0,0,0,0,0
-207.02950579751132,-206.92951569570135,-206.97951074660634,0,0,0,0,0,0,0
-206.92951569570135,-206.82952559389139,-206.87952064479637,0,0,0,0,0,0,0
-206.82952559389139,-206.72953549208142,-206.77953054298641,0,0,0,0,0,0,0
-206.72953549208142,-206.62954539027149,-206.67954044117647,0,0,0,0,0,0,0
-206.62954539027149,-206.52955528846152,-206.57955033936651,0,0,0,0,0,0,0
-206.52955528846152,-206.42956518665159,-206.47956023755654,0,0,0,0,0,0,0
-206.42956518665159,-206.32957508484162,-206.3795701357466,0,0,0,0,0,0,0
-206.32957508484162,-206.22958498303166,-206.27958003393664,0,0,0,0,0,0,0
-206.22958498303166,-206.12959488122172,-206.1795899321267,0,0,0,0,0,0,0
-206.12959488122172,-206.02960477941176,-206.07959983031674,0,0,0,0,0,0,0
-206.02960477941176,-205.92961467760182,-205.97960972850677,0,0,0,0,0,0,0
-205.92961467760182,-205.82962457579185,-205.87961962669684,0,0,0,0,0,0,0
-205.82962457579185,-205.72963447398189,-205.77962952488687,0,0,0,0,0,0,0
-205.72963447398189,-205.62964437217192,-205.67963942307691,0,0,0,0,0,0,0
-205.62964437217192,-205.52965427036199,-205.57964932126697,0,0,0,0,0,0,0
-205.52965427036199,-205.42966416855202,-205.47965921945701,0,0,0,0,0,0,0
-205.42966416855202,-205.32967406674209,-205.37966911764704,0,0,0,0,0,0,0
-205.32967406674209,-205.22968396493212,-205.2796790158371,0,0,0,0,0,0,0
-205.22968396493212,-205.12969386312216,-205.17968891402714,0,0,0,0,0,0,0
-205.12969386312216,-205.02970376131219,-205.07969881221717,0,0,0,0,0,0,0
-205.02970376131219,-204.92971365950226,-204.97970871040724,0,0,0,0,0,0,0
-204.92971365950226,-204.82972355769232,-204.87971860859727,0,0,0,0,0,0,0
-204.82972355769232,-204.72973345588235,-204.77972850678734,0,0,0,0,0,0,0
-204.72973345588235,-204.62974335407239,-204.67973840497737,0,0,0,0,0,0,0
-204.62974335407239,-204.52975325226242,-204.57974830316741,0,0,0,0,0,0,0
-204.52975325226242,-204.42976315045249,-204.47975820135747,0,0,0,0,0,0,0
-204.42976315045249,-204.32977304864252,-204.3797680995475,0,0,0,0,0,0,0
-204.32977304864252,-204.22978294683259,-204.27977799773754,0,0,0,0,0,0,0
-204.22978294683259,-204.12979284502262,-204.1797878959276,0,0,0,0,0,0,0
-204.12979284502262,-204.02980274321266,-204.07979779411764,0,0,0,0,0,0,0
-204.02980274321266,-203.92981264140269,-203.97980769230767,0,0,0,0,0,0,0
-203.92981264140269,-203.82982253959275,-203.87981759049774,0,0,0,0,0,0,0
-203.82982253959275,-203.72983243778282,-203.77982748868777,0,0,0,0,0,0,0
-203.72983243778282,-203.62984233597285,-203.67983738687784,0,0,0,0,0,0,0
-203.62984233597285,-203.52985223416289,-203.57984728506787,0,0,0,0,0,0,0
-203.52985223416289,-203.42986213235292,-203.47985718325791,0,0,0,0,0,0,0
-203.42986213235292,-203.32987203054299,-203.37986708144797,0,0,0,0,0,0,0
-203.32987203054299,-203.22988192873302,-203.279876979638,0,0,0,0,0,0,0
-203.22988192873302,-203.12989182692309,-203.17988687782804,0,0,0,0,0,0,0
-203.12989182692309,-203.02990172511312,-203.0798967760181,0,0,0,0,0,0,0
-203.02990172511312,-202.92991162330316,-202.97990667420814,0,0,0,0,0,0,0
-202.92991162330316,-202.82992152149319,-202.87991657239817,0,0,0,0,0,0,0
-202.82992152149319,-202.72993141968325,-202.77992647058824,0,0,0,0,0,0,0
-202.72993141968325,-202.62994131787329,-202.67993636877827,0,0,0,0,0,0,0
-202.62994131787329,-202.52995121606335,-202.57994626696831,0,0,0,0,0,0,0
-202.52995121606335,-202.42996111425339,-202.47995616515837,0,0,0,0,0,0,0
-202.42996111425339,-202.32997101244342,-202.37996606334841,0,0,0,0,0,0,0
-202.32997101244342,-202.22998091063349,-202.27997596153847,0,0,0,0,0,0,0
-202.22998091063349,-202.12999080882352,-202.1799858597285,0,0,0,0,0,0,0
-202.12999080882352,-202.03000070701358,-202.07999575791854,0,0,0,0,0,0,0
-202.03000070701358,-201.93001060520362,-201.9800056561086,0,0,0,0,0,0,0
-201.93001060520362,-201.83002050339365,-201.88001555429864,0,0,0,0,0,0,0
-201.83002050339365,-201.73003040158369,-201.78002545248867,0,0,0,0,0,0,0
-201.73003040158369,-201.63004029977375,-201.68003535067874,0,0,0,0,0,0,0
-201.63004029977375,-201.53005019796379,-201.58004524886877,0,0,0,0,0,0,0
-201.53005019796379,-201.43006009615385,-201.48005514705881,0,0,0,0,0,0,0
-201.43006009615385,-201.33006999434389,-201.38006504524887,0,0,0,0,0,0,0
-201.33006999434389,-201.23007989253392,-201.2800749434389,0,0,0,0,0,0,0
-201.23007989253392,-201.13008979072396,-201.18008484162894,0,0,0,0,0,0,0
-201.13008979072396,-201.03009968891402,-201.080094739819,0,0,0,0,0,0,0
-201.03009968891402,-200.93010958710408,-200.98010463800904,0,0,0,0,0,0,0
-200.93010958710408,-200.83011948529412,-200.8801145361991,0,0,0,0,0,0,0
-200.83011948529412,-200.73012938348415,-200.78012443438914,0,0,0,0,0,0,0
-200.73012938348415,-200.63013928167419,-200.68013433257917,0,0,0,0,0,0,0
-200.63013928167419,-200.53014917986425,-200.58014423076924,0,0,0,0,0,0,0
-200.53014917986425,-200.43015907805429,-200.48015412895927,0,0,0,0,0,0,0
-200.43015907805429,-200.33016897624435,-200.38016402714931,0,0,0,0,0,0,0
-200.33016897624435,-200.23017887443439,-200.28017392533937,0,0,0,0,0,0,0
-200.23017887443439,-200.13018877262442,-200.1801838235294,0,0,0,0,0,0,0
-200.13018877262442,-200.03019867081446,-200.08019372171944,0,0,0,0,0,0,0
-200.03019867081446,-199.93020856900452,-199.9802036199095,0,0,0,0,0,0,0
-199.93020856900452,-199.83021846719456,-199.88021351809954,0,0,0,0,0,0,0
-199.83021846719456,-199.73022836538462,-199.78022341628957,0,0,0,0,0,0,0
-199.73022836538462,-199.63023826357465,-199.68023331447964,0,0,0,0,0,0,0
-199.63023826357465,-199.53024816176469,-199.58024321266967,0,0,0,0,0,0,0
-199.53024816176469,-199.43025805995475,-199.48025311085973,0,0,0,0,0,0,0
-199.43025805995475,-199.33026795814479,-199.38026300904977,0,0,0,0,0,0,0
-199.33026795814479,-199.23027785633485,-199.28027290723981,0,0,0,0,0,0,0
-199.23027785633485,-199.13028775452489,-199.18028280542987,0,0,0,0,0,0,0
-199.13028775452489,-199.03029765271492,-199.0802927036199,0,0,0,0,0,0,0
-199.03029765271492,-198.93030755090496,-198.98030260180994,0,0,0,0,0,0,0
-198.93030755090496,-198.83031744909502,-198.8803125,0,0,0,0,0,0,0
-198.83031744909502,-198.73032734728505,-198.78032239819004,0,0,0,0,0,0,0
-198.73032734728505,-198.63033724547512,-198.68033229638007,0,0,0,0,0,0,0
-198.63033724547512,-198.53034714366515,-198.58034219457014,0,0,0,0,0,0,0
-198.53034714366515,-198.43035704185519,-198.48035209276017,0,0,0,0,0,0,0
-198.43035704185519,-198.33036694004522,-198.38036199095021,0,0,0,0,0,0,0
-198.33036694004522,-198.23037683823529,-198.28037188914027,0,0,0,0,0,0,0
-198.23037683823529,-198.13038673642535,-198.1803817873303,0,0,0,0,0,0,0
-198.13038673642535,-198.03039663461539,-198.08039168552037,0,0,0,0,0,0,0
-198.03039663461539,-197.93040653280542,-197.9804015837104,0,0,0,0,0,0,0
-197.93040653280542,-197.83041643099546,-197.88041148190044,0,0,0,0,0,0,0
-197.83041643099546,-197.73042632918552,-197.7804213800905,0,0,0,0,0,0,0
-197.73042632918552,-197.63043622737555,-197.68043127828054,0,0,0,0,0,0,0
-197.63043622737555,-197.53044612556562,-197.58044117647057,0,0,0,0,0,0,0
-197.53044612556562,-197.43045602375565,-197.48045107466064,0,0,0,0,0,0,0
-197.43045602375565,-197.33046592194569,-197.38046097285067,0,0,0,0,0,0,0
-197.33046592194569,-197.23047582013572,-197.28047087104071,0,0,0,0,0,0,0
-197.23047582013572,-197.13048571832579,-197.18048076923077,0,0,0,0,0,0,0
-197.13048571832579,-197.03049561651582,-197.0804906674208,0,0,0,0,0,0,0
-197.03049561651582,-196.93050551470589,-196.98050056561084,0,0,0,0,0,0,0
-196.93050551470589,-196.83051541289592,-196.8805104638009,0,0,0,0,0,0,0
-196.83051541289592,-196.73052531108596,-196.78052036199094,0,0,0,0,0,0,0
-196.73052531108596,-196.63053520927602,-196.680530260181,0,0,0,0,0,0,0
-196.63053520927602,-196.53054510746605,-196.58054015837104,0,0,0,0,0,0,0
-196.53054510746605,-196.43055500565612,-196.48055005656107,0,0,0,0,0,0,0
-196.43055500565612,-196.33056490384615,-196.38055995475113,0,0,0,0,0,0,0
-196.33056490384615,-196.23057480203619,-196.28056985294117,0,0,0,0,0,0,0
-196.23057480203619,-196.13058470022622,-196.18057975113121,0,0,0,0,0,0,0
-196.13058470022622,-196.03059459841629,-196.08058964932127,0,0,0,0,0,0,0
-196.03059459841629,-195.93060449660632,-195.9805995475113,0,0,0,0,0,0,0
-195.93060449660632,-195.83061439479638,-195.88060944570134,0,0,0,0,0,0,0
-195.83061439479638,-195.73062429298642,-195.7806193438914,0,0,0,0,0,0,0
-195.73062429298642,-195.63063419117645,-195.68062924208144,0,0,0,0,0,0,0
-195.63063419117645,-195.53064408936649,-195.58063914027147,0,0,0,0,0,0,0
-195.53064408936649,-195.43065398755655,-195.48064903846154,0,0,0,0,0,0,0
-195.43065398755655,-195.33066388574662,-195.38065893665157,0,0,0,0,0,0,0
-195.33066388574662,-195.23067378393665,-195.28066883484163,0,0,0,0,0,0,0
-195.23067378393665,-195.13068368212669,-195.18067873303167,0,0,0,0,0,0,0
-195.13068368212669,-195.03069358031672,-195.0806886312217,0,0,0,0,0,0,0
-195.03069358031672,-194.93070347850679,-194.98069852941177,0,0,0,0,0,0,0
-194.93070347850679,-194.83071337669682,-194.8807084276018,0,0,0,0,0,0,0
-194.83071337669682,-194.73072327488688,-194.78071832579184,0,0,0,0,0,0,0
-194.73072327488688,-194.63073317307692,-194.6807282239819,0,0,0,0,0,0,0
-194.63073317307692,-194.53074307126695,-194.58073812217194,0,0,0,0,0,0,0
-194.53074307126695,-194.43075296945699,-194.48074802036197,0,0,0,0,0,0,0
-194.43075296945699,-194.33076286764705,-194.38075791855204,0,0,0,0,0,0,0
-194.33076286764705,-194.23077276583712,-194.28076781674207,0,0,0,0,0,0,0
-194.23077276583712,-194.13078266402715,-194.18077771493213,0,0,0,0,0,0,0
-194.13078266402715,-194.03079256221719,-194.08078761312217,0,0,0,0,0,0,0
-194.03079256221719,-193.93080246040722,-193.9807975113122,0,0,0,0,0,0,0
-193.93080246040722,-193.83081235859729,-193.88080740950227,0,0,0,0,0,0,0
-193.83081235859729,-193.73082225678732,-193.7808173076923,0,0,0,0,0,0,0
-193.73082225678732,-193.63083215497738,-193.68082720588234,0,0,0,0,0,0,0
-193.63083215497738,-193.53084205316742,-193.5808371040724,0,0,0,0,0,0,0
-193.53084205316742,-193.43085195135745,-193.48084700226244,0,0,0,0,0,0,0
-193.43085195135745,-193.33086184954749,-193.38085690045247,0,0,0,0,0,0,0
-193.33086184954749,-193.23087174773755,-193.28086679864253,0,0,0,0,0,0,0
-193.23087174773755,-193.13088164592759,-193.18087669683257,0,0,0,0,0,0,0
-193.13088164592759,-193.03089154411765,-193.0808865950226,0,0,0,0,0,0,0
-193.03089154411765,-192.93090144230769,-192.98089649321267,0,0,0,0,0,0,0
-192.93090144230769,-192.83091134049772,-192.8809063914027,0,0,0,0,0,0,0
-192.83091134049772,-192.73092123868778,-192.78091628959277,0,0,0,0,0,0,0
-192.73092123868778,-192.63093113687782,-192.6809261877828,0,0,0,0,0,0,0
-192.63093113687782,-192.53094103506788,-192.58093608597284,0,0,0,0,0,0,0
-192.53094103506788,-192.43095093325792,-192.4809459841629,0,0,0,0,0,0,0
-192.43095093325792,-192.33096083144795,-192.38095588235294,0,0,0,0,0,0,0
-192.33096083144795,-192.23097072963799,-192.28096578054297,0,0,0,0,0,0,0
-192.23097072963799,-192.13098062782805,-192.18097567873303,0,0,0,0,0,0,0
-192.13098062782805,-192.03099052601809,-192.08098557692307,0,0,0,0,0,0,0
-192.03099052601809,-191.93100042420815,-191.9809954751131,0,0,0,0,0,0,0
-191.93100042420815,-191.83101032239819,-191.88100537330317,0,0,0,0,0,0,0
-191.83101032239819,-191.73102022058822,-191.7810152714932,0,0,0,0,0,0,0
-191.73102022058822,-191.63103011877826,-191.68102516968324,0,0,0,0,0,0,0
-191.63103011877826,-191.53104001696832,-191.5810350678733,0,0,0,0,0,0,0
-191.53104001696832,-191.43104991515838,-191.48104496606334,0,0,0,0,0,0,0
-191.43104991515838,-191.33105981334842,-191.3810548642534,0,0,0,0,0,0,0
-191.33105981334842,-191.23106971153845,-191.28106476244344,0,0,0,0,0,0,0
-191.23106971153845,-191.13107960972849,-191.18107466063347,0,0,0,0,0,0,0
-191.13107960972849,-191.03108950791855,-191.08108455882353,0,0,0,0,0,0,0
-191.03108950791855,-190.93109940610859,-190.98109445701357,0,0,0,0,0,0,0
-190.93109940610859,-190.83110930429865,-190.8811043552036,0,0,0,0,0,0,0
-190.83110930429865,-190.73111920248869,-190.78111425339367,0,0,0,0,0,0,0
-190.73111920248869,-190.63112910067872,-190.6811241515837,0,0,0,0,0,0,0
-190.63112910067872,-190.53113899886876,-190.58113404977374,0,0,0,0,0,0,0
-190.53113899886876,-190.43114889705882,-190.4811439479638,0,0,0,0,0,0,0
-190.43114889705882,-190.33115879524885,-190.38115384615384,0,0,0,0,0,0,0
-190.33115879524885,-190.23116869343892,-190.28116374434387,0,0,0,0,0,0,0
-190.23116869343892,-190.13117859162895,-190.18117364253393,0,0,0,0,0,0,0
-190.13117859162895,-190.03118848981899,-190.08118354072397,0,0,0,0,0,0,0
-190.03118848981899,-189.93119838800905,-189.98119343891403,0,0,0,0,0,0,0
-189.93119838800905,-189.83120828619909,-189.88120333710407,0,0,0,0,0,0,0
-189.83120828619909,-189.73121818438915,-189.7812132352941,0,0,0,0,0,0,0
-189.73121818438915,-189.63122808257918,-189.68122313348417,0,0,0,0,0,0,0
-189.63122808257918,-189.53123798076922,-189.5812330316742,0,0,0,0,0,0,0
-189.53123798076922,-189.43124787895925,-189.48124292986424,0,0,0,0,0,0,0
-189.43124787895925,-189.33125777714932,-189.3812528280543,0,0,0,0,0,0,0
-189.33125777714932,-189.23126767533935,-189.28126272624434,0,0,0,0,0,0,0
-189.23126767533935,-189.13127757352942,-189.18127262443437,0,0,0,0,0,0,0
-189.13127757352942,-189.03128747171945,-189.08128252262443,0,0,0,0,0,0,0
-189.03128747171945,-188.93129736990949,-188.98129242081447,0,0,0,0,0,0,0
-188.93129736990949,-188.83130726809952,-188.8813023190045,0,0,0,0,0,0,0
-188.83130726809952,-188.73131716628959,-188.78131221719457,0,0,0,0,0,0,0
-188.73131716628959,-188.63132706447965,-188.6813221153846,0,0,0,0,0,0,0
-188.63132706447965,-188.53133696266968,-188.58133201357467,0,0,0,0,0,0,0
-188.53133696266968,-188.43134686085972,-188.4813419117647,0,0,0,0,0,0,0
-188.43134686085972,-188.33135675904975,-188.38135180995474,0,0,0,0,0,0,0
-188.33135675904975,-188.23136665723982,-188.2813617081448,0,0,0,0,0,0,0
-188.23136665723982,-188.13137655542985,-188.18137160633484,0,0,0,0,0,0,0
-188.13137655542985,-188.03138645361992,-188.08138150452487,0,0,0,0,0,0,0
-188.03138645361992,-187.93139635180995,-187.98139140271493,0,0,0,0,0,0,0
-187.93139635180995,-187.83140624999999,-187.88140130090497,0,0,0,0,0,0,0
-187.83140624999999,-187.73141614819002,-187.781411199095,0,0,0,0,0,0,0
-187.73141614819002,-187.63142604638008,-187.68142109728507,0,0,0,0,0,0,0
-187.63142604638008,-187.53143594457012,-187.5814309954751,0,0,0,0,0,0,0
-187.53143594457012,-187.43144584276018,-187.48144089366514,0,0,0,0,0,0,0
-187.43144584276018,-187.33145574095022,-187.3814507918552,0,0,0,0,0,0,0
-187.33145574095022,-187.23146563914025,-187.28146069004524,0,0,0,0,0,0,0
-187.23146563914025,-187.13147553733032,-187.1814705882353,0,0,0,0,0,0,0
-187.13147553733032,-187.03148543552035,-187.08148048642533,0,0,0,0,0,0,0
-187.03148543552035,-186.93149533371042,-186.98149038461537,0,0,0,0,0,0,0
-186.93149533371042,-186.83150523190045,-186.88150028280543,0,0,0,0,0,0,0
-186.83150523190045,-186.73151513009049,-186.78151018099547,0,0,0,0,0,0,0
-186.73151513009049,-186.63152502828052,-186.6815200791855,0,0,0,0,0,0,0
-186.63152502828052,-186.53153492647058,-186.58152997737557,0,0,0,0,0,0,0
-186.53153492647058,-186.43154482466062,-186.4815398755656,0,0,0,0,0,0,0
-186.43154482466062,-186.33155472285068,-186.38154977375564,0,0,0,0,0,0,0
-186.33155472285068,-186.23156462104072,-186.2815596719457,0,0,0,0,0,0,0
-186.23156462104072,-186.13157451923075,-186.18156957013574,0,0,0,0,0,0,0
-186.13157451923075,-186.03158441742079,-186.08157946832577,0,0,0,0,0,0,0
-186.03158441742079,-185.93159431561085,-185.98158936651583,0,0,0,0,0,0,0
-185.93159431561085,-185.83160421380092,-185.88159926470587,0,0,0,0,0,0,0
-185.83160421380092,-185.73161411199095,-185.78160916289593,0,0,0,0,0,0,0
-185.73161411199095,-185.63162401018099,-185.68161906108597,0,0,0,0,0,0,0
-185.63162401018099,-185.53163390837102,-185.581628959276,0,0,0,0,0,0,0
-185.53163390837102,-185.43164380656108,-185.48163885746607,0,0,0,0,0,0,0
-185.43164380656108,-185.33165370475112,-185.3816487556561,0,0,0,0,0,0,0
-185.33165370475112,-185.23166360294118,-185.28165865384614,0,0,0,0,0,0,0
-185.23166360294118,-185.13167350113122,-185.1816685520362,0,0,0,0,0,0,0
-185.13167350113122,-185.03168339932125,-185.08167845022624,0,0,0,0,0,0,0
-185.03168339932125,-184.93169329751129,-184.98168834841627,0,0,0,0,0,0,0
-184.93169329751129,-184.83170319570135,-184.88169824660633,0,0,0,0,0,0,0
-184.83170319570135,-184.73171309389141,-184.78170814479637,0,0,0,0,0,0,0
-184.73171309389141,-184.63172299208145,-184.68171804298643,0,0,0,0,0,0,0
-184.63172299208145,-184.53173289027148,-184.58172794117647,0,0,0,0,0,0,0
-184.53173289027148,-184.43174278846152,-184.4817378393665,0,0,0,0,0,0,0
-184.43174278846152,-184.33175268665158,-184.38174773755657,0,0,0,0,0,0,0
-184.33175268665158,-184.23176258484162,-184.2817576357466,0,0,0,0,0,0,0
-184.23176258484162,-184.13177248303168,-184.18176753393664,0,0,0,0,0,0,0
-184.13177248303168,-184.03178238122172,-184.0817774321267,0,0,0,0,0,0,0
-184.03178238122172,-183.93179227941175,-183.98178733031673,0,0,0,0,0,0,0
-183.93179227941175,-183.83180217760179,-183.88179722850677,0,0,0,0,0,0,0
-183.83180217760179,-183.73181207579185,-183.78180712669683,0,0,0,0,0,0,0
-183.73181207579185,-183.63182197398189,-183.68181702488687,0,0,0,0,0,0,0
-183.63182197398189,-183.53183187217195,-183.5818269230769,0,0,0,0,0,0,0
-183.53183187217195,-183.43184177036198,-183.48183682126697,0,0,0,0,0,0,0
-183.43184177036198,-183.33185166855202,-183.381846719457,0,0,0,0,0,0,0
-183.33185166855202,-183.23186156674208,-183.28185661764707,0,0,0,0,0,0,0
-183.23186156674208,-183.13187146493212,-183.1818665158371,0,0,0,0,0,0,0
-183.13187146493212,-183.03188136312218,-183.08187641402714,0,0,0,0,0,0,0
-183.03188136312218,-182.93189126131222,-182.9818863122172,0,0,0,0,0,0,0
-182.93189126131222,-182.83190115950225,-182.88189621040723,0,0,0,0,0,0,0
-182.83190115950225,-182.73191105769229,-182.78190610859727,0,0,0,0,0,0,0
-182.73191105769229,-182.63192095588235,-182.68191600678733,0,0,0,0,0,0,0
-182.63192095588235,-182.53193085407239,-182.58192590497737,0,0,0,0,0,0,0
-182.53193085407239,-182.43194075226245,-182.4819358031674,0,0,0,0,0,0,0
-182.43194075226245,-182.33195065045248,-182.38194570135747,0,0,0,0,0,0,0
-182.33195065045248,-182.23196054864252,-182.2819555995475,0,0,0,0,0,0,0
-182.23196054864252,-182.13197044683255,-182.18196549773754,0,0,0,0,0,0,0
-182.13197044683255,-182.03198034502262,-182.0819753959276,0,0,0,0,0,0,0
-182.03198034502262,-181.93199024321268,-181.98198529411764,0,0,0,0,0,0,0
-181.93199024321268,-181.83200014140272,-181.8819951923077,0,0,0,0,0,0,0
-181.83200014140272,-181.73201003959275,-181.78200509049773,0,0,0,0,0,0,0
-181.73201003959275,-181.63201993778279,-181.68201498868777,0,0,0,0,0,0,0
-181.63201993778279,-181.53202983597285,-181.58202488687783,0,0,0,0,0,0,0
-181.53202983597285,-181.43203973416288,-181.48203478506787,0,0,0,0,0,0,0
-181.43203973416288,-181.33204963235295,-181.3820446832579,0,0,0,0,0,0,0
-181.33204963235295,-181.23205953054298,-181.28205458144797,0,0,0,0,0,0,0
-181.23205953054298,-181.13206942873302,-181.182064479638,0,0,0,0,0,0,0
-181.13206942873302,-181.03207932692305,-181.08207437782804,0,0,0,0,0,0,0
-181.03207932692305,-180.93208922511312,-180.9820842760181,0,0,0,0,0,0,0
-180.93208922511312,-180.83209912330315,-180.88209417420813,0,0,0,0,0,0,0
-180.83209912330315,-180.73210902149322,-180.78210407239817,0,0,0,0,0,0,0
-180.73210902149322,-180.63211891968325,-180.68211397058823,0,0,0,0,0,0,0
-180.63211891968325,-180.53212881787329,-180.58212386877827,0,0,0,0,0,0,0
-180.53212881787329,-180.43213871606335,-180.48213376696833,0,0,0,0,0,0,0
-180.43213871606335,-180.33214861425338,-180.38214366515837,0,0,0,0,0,0,0
-180.33214861425338,-180.23215851244345,-180.2821535633484,0,0,0,0,0,0,0
-180.23215851244345,-180.13216841063348,-180.18216346153847,0,0,0,0,0,0,0
-180.13216841063348,-180.03217830882352,-180.0821733597285,0,0,0,0,0,0,0
-180.03217830882352,-179.93218820701355,-179.98218325791854,0,0,0,0,0,0,0
-179.93218820701355,-179.83219810520362,-179.8821931561086,0,0,0,0,0,0,0
-179.83219810520362,-179.73220800339365,-179.78220305429863,0,0,0,0,0,0,0
-179.73220800339365,-179.63221790158372,-179.68221295248867,0,0,0,0,0,0,0
-179.63221790158372,-179.53222779977375,-179.58222285067873,0,0,0,0,0,0,0
-179.53222779977375,-179.43223769796379,-179.48223274886877,0,0,0,0,0,0,0
-179.43223769796379,-179.33224759615382,-179.3822426470588,0,0,0,0,0,0,0
-179.33224759615382,-179.23225749434388,-179.28225254524887,0,0,0,0,0,0,0
-179.23225749434388,-179.13226739253395,-179.1822624434389,0,0,0,0,0,0,0
-179.13226739253395,-179.03227729072398,-179.08227234162896,0,0,0,0,0,0,0
-179.03227729072398,-178.93228718891402,-178.982282239819,0,0,0,0,0,0,0
-178.93228718891402,-178.83229708710405,-178.88229213800903,0,0,0,0,0,0,0
-178.83229708710405,-178.73230698529412,-178.7823020361991,0,0,0,0,0,0,0
-178.73230698529412,-178.63231688348415,-178.68231193438913,0,0,0,0,0,0,0
-178.63231688348415,-178.53232678167421,-178.58232183257917,0,0,0,0,0,0,0
-178.53232678167421,-178.43233667986425,-178.48233173076923,0,0,0,0,0,0,0
-178.43233667986425,-178.33234657805428,-178.38234162895927,0,0,0,0,0,0,0
-178.33234657805428,-178.23235647624432,-178.2823515271493,0,0,0,0,0,0,0
-178.23235647624432,-178.13236637443438,-178.18236142533937,0,0,0,0,0,0,0
-178.13236637443438,-178.03237627262442,-178.0823713235294,0,0,0,0,0,0,0
-178.03237627262442,-177.93238617081448,-177.98238122171944,0,0,0,0,0,0,0
-177.93238617081448,-177.83239606900452,-177.8823911199095,0,0,0,0,0,0,0
-177.83239606900452,-177.73240596719455,-177.78240101809953,0,0,0,0,0,0,0
-177.73240596719455,-177.63241586538462,-177.6824109162896,0,0,0,0,0,0,0
-177.63241586538462,-177.53242576357465,-177.58242081447963,0,0,0,0,0,0,0
-177.53242576357465,-177.43243566176471,-177.48243071266967,0,0,0,0,0,0,0
-177.43243566176471,-177.33244555995475,-177.38244061085973,0,0,0,0,0,0,0
-177.33244555995475,-177.23245545814478,-177.28245050904977,0,0,0,0,0,0,0
-177.23245545814478,-177.13246535633482,-177.1824604072398,0,0,0,0,0,0,0
-177.13246535633482,-177.03247525452488,-177.08247030542987,0,0,0,0,0,0,0
-177.03247525452488,-176.93248515271492,-176.9824802036199,0,0,0,0,0,0,0
-176.93248515271492,-176.83249505090498,-176.88249010180994,0,0,0,0,0,0,0
-176.83249505090498,-176.73250494909502,-176.7825,0,0,0,0,0,0,0
-176.73250494909502,-176.63251484728505,-176.68250989819003,0,0,0,0,0,0,0
-176.63251484728505,-176.53252474547511,-176.5825197963801,0,0,0,0,0,0,0
-176.53252474547511,-176.43253464366515,-176.48252969457013,0,0,0,0,0,0,0
-176.43253464366515,-176.33254454185521,-176.38253959276017,0,0,0,0,0,0,0
-176.33254454185521,-176.23255444004525,-176.28254949095023,0,0,0,0,0,0,0
-176.23255444004525,-176.13256433823528,-176.18255938914027,0,0,0,0,0,0,0
-176.13256433823528,-176.03257423642532,-176.0825692873303,0,0,0,0,0,0,0
-176.03257423642532,-175.93258413461538,-175.98257918552036,0,0,0,0,0,0,0
-175.93258413461538,-175.83259403280542,-175.8825890837104,0,0,0,0,0,0,0
-175.83259403280542,-175.73260393099548,-175.78259898190043,0,0,0,0,0,0,0
-175.73260393099548,-175.63261382918552,-175.6826088800905,0,0,0,0,0,0,0
-175.63261382918552,-175.53262372737555,-175.58261877828053,0,0,0,0,0,0,0
-175.53262372737555,-175.43263362556559,-175.48262867647057,0,0,0,0,0,0,0
-175.43263362556559,-175.33264352375565,-175.38263857466063,0,0,0,0,0,0,0
-175.33264352375565,-175.23265342194571,-175.28264847285067,0,0,0,0,0,0,0
-175.23265342194571,-175.13266332013575,-175.18265837104073,0,0,0,0,0,0,0
-175.13266332013575,-175.03267321832578,-175.08266826923077,0,0,0,0,0,0,0
-175.03267321832578,-174.93268311651582,-174.9826781674208,0,0,0,0,0,0,0
-174.93268311651582,-174.83269301470588,-174.88268806561086,0,0,0,0,0,0,0
-174.83269301470588,-174.73270291289592,-174.7826979638009,0,0,0,0,0,0,0
-174.73270291289592,-174.63271281108598,-174.68270786199093,0,0,0,0,0,0,0
-174.63271281108598,-174.53272270927602,-174.582717760181,0,0,0,0,0,0,0
-174.53272270927602,-174.43273260746605,-174.48272765837103,0,0,0,0,0,0,0
-174.43273260746605,-174.33274250565609,-174.38273755656107,0,0,0,0,0,0,0
-174.33274250565609,-174.23275240384615,-174.28274745475113,0,0,0,0,0,0,0
-174.23275240384615,-174.13276230203618,-174.18275735294117,0,0,0,0,0,0,0
-174.13276230203618,-174.03277220022625,-174.0827672511312,0,0,0,0,0,0,0
-174.03277220022625,-173.93278209841628,-173.98277714932127,0,0,0,0,0,0,0
-173.93278209841628,-173.83279199660632,-173.8827870475113,0,0,0,0,0,0,0
-173.83279199660632,-173.73280189479638,-173.78279694570136,0,0,0,0,0,0,0
-173.73280189479638,-173.63281179298642,-173.6828068438914,0,0,0,0,0,0,0
-173.63281179298642,-173.53282169117648,-173.58281674208143,0,0,0,0,0,0,0
-173.53282169117648,-173.43283158936651,-173.4828266402715,0,0,0,0,0,0,0
-173.43283158936651,-173.33284148755655,-173.38283653846153,0,0,0,0,0,0,0
-173.33284148755655,-173.23285138574659,-173.28284643665157,0,0,0,0,0,0,0
-173.23285138574659,-173.13286128393665,-173.18285633484163,0,0,0,0,0,0,0
-173.13286128393665,-173.03287118212668,-173.08286623303167,0,0,0,0,0,0,0
-173.03287118212668,-172.93288108031675,-172.9828761312217,0,0,0,0,0,0,0
-172.93288108031675,-172.83289097850678,-172.88288602941176,0,0,0,0,0,0,0
-172.83289097850678,-172.73290087669682,-172.7828959276018,0,0,0,0,0,0,0
-172.73290087669682,-172.63291077488685,-172.68290582579183,0,0,0,0,0,0,0
-172.63291077488685,-172.53292067307692,-172.5829157239819,0,0,0,0,0,0,0
-172.53292067307692,-172.43293057126698,-172.48292562217193,0,0,0,0,0,0,0
-172.43293057126698,-172.33294046945701,-172.382935520362,0,0,0,0,0,0,0
-172.33294046945701,-172.23295036764705,-172.28294541855203,0,0,0,0,0,0,0
-172.23295036764705,-172.13296026583708,-172.18295531674207,0,0,0,0,0,0,0
-172.13296026583708,-172.03297016402715,-172.08296521493213,0,0,0,0,0,0,0
-172.03297016402715,-171.93298006221718,-171.98297511312217,0,0,0,0,0,0,0
-171.93298006221718,-171.83298996040725,-171.8829850113122,0,0,0,0,0,0,0
-171.83298996040725,-171.73299985859728,-171.78299490950226,0,0,0,0,0,0,0
-171.73299985859728,-171.63300975678732,-171.6830048076923,0,0,0,0,0,0,0
-171.63300975678732,-171.53301965497735,-171.58301470588233,0,0,0,0,0,0,0
-171.53301965497735,-171.43302955316742,-171.4830246040724,0,0,0,0,0,0,0
-171.43302955316742,-171.33303945135745,-171.38303450226243,0,0,0,0,0,0,0
-171.33303945135745,-171.23304934954751,-171.28304440045247,0,0,0,0,0,0,0
-171.23304934954751,-171.13305924773755,-171.18305429864253,0,0,0,0,0,0,0
-171.13305924773755,-171.03306914592758,-171.08306419683257,0,0,0,0,0,0,0
-171.03306914592758,-170.93307904411765,-170.98307409502263,0,0,0,0,0,0,0
-170.93307904411765,-170.83308894230768,-170.88308399321267,0,0,0,0,0,0,0
-170.83308894230768,-170.73309884049775,-170.7830938914027,0,0,0,0,0,0,0
-170.73309884049775,-170.63310873868778,-170.68310378959276,0,0,0,0,0,0,0
-170.63310873868778,-170.53311863687782,-170.5831136877828,0,0,0,0,0,0,0
-170.53311863687782,-170.43312853506785,-170.48312358597283,0,0,0,0,0,0,0
-170.43312853506785,-170.33313843325791,-170.3831334841629,0,0,0,0,0,0,0
-170.33313843325791,-170.23314833144795,-170.28314338235293,0,0,0,0,0,0,0
-170.23314833144795,-170.13315822963801,-170.18315328054297,0,0,0,0,0,0,0
-170.13315822963801,-170.03316812782805,-170.08316317873303,0,0,0,0,0,0,0
-170.03316812782805,-169.93317802601808,-169.98317307692307,0,0,0,0,0,0,0
-169.93317802601808,-169.83318792420812,-169.8831829751131,0,0,0,0,0,0,0
-169.83318792420812,-169.73319782239818,-169.78319287330316,0,0,0,0,0,0,0
-169.73319782239818,-169.63320772058825,-169.6832027714932,0,0,0,0,0,0,0
-169.63320772058825,-169.53321761877828,-169.58321266968326,0,0,0,0,0,0,0
-169.53321761877828,-169.43322751696832,-169.4832225678733,0,0,0,0,0,0,0
-169.43322751696832,-169.33323741515835,-169.38323246606333,0,0,0,0,0,0,0
-169.33323741515835,-169.23324731334841,-169.2832423642534,0,0,0,0,0,0,0
-169.23324731334841,-169.13325721153845,-169.18325226244343,0,0,0,0,0,0,0
-169.13325721153845,-169.03326710972851,-169.08326216063347,0,0,0,0,0,0,0
-169.03326710972851,-168.93327700791855,-168.98327205882353,0,0,0,0,0,0,0
-168.93327700791855,-168.83328690610858,-168.88328195701357,0,0,0,0,0,0,0
-168.83328690610858,-168.73329680429862,-168.7832918552036,0,0,0,0,0,0,0
-168.73329680429862,-168.63330670248868,-168.68330175339366,0,0,0,0,0,0,0
-168.63330670248868,-168.53331660067872,-168.5833116515837,0,0,0,0,0,0,0
-168.53331660067872,-168.43332649886878,-168.48332154977373,0,0,0,0,0,0,0
-168.43332649886878,-168.33333639705882,-168.3833314479638,0,0,0,0,0,0,0
-168.33333639705882,-168.23334629524885,-168.28334134615383,0,0,0,0,0,0,0
-168.23334629524885,-168.13335619343891,-168.1833512443439,0,0,0,0,0,0,0
-168.13335619343891,-168.03336609162895,-168.08336114253393,0,0,0,0,0,0,0
-168.03336609162895,-167.93337598981901,-167.98337104072397,0,0,0,0,0,0,0
-167.93337598981901,-167.83338588800905,-167.88338093891403,0,0,0,0,0,0,0
-167.83338588800905,-167.73339578619908,-167.78339083710406,0,0,0,0,0,0,0
-167.73339578619908,-167.63340568438912,-167.6834007352941,0,0,0,0,0,0,0
-167.63340568438912,-167.53341558257918,-167.58341063348416,0,0,0,0,0,0,0
-167.53341558257918,-167.43342548076922,-167.4834205316742,0,0,0,0,0,0,0
-167.43342548076922,-167.33343537895928,-167.38343042986423,0,0,0,0,0,0,0
-167.33343537895928,-167.23344527714931,-167.2834403280543,0,0,0,0,0,0,0
-167.23344527714931,-167.13345517533935,-167.18345022624433,0,0,0,0,0,0,0
-167.13345517533935,-167.03346507352941,-167.0834601244344,0,0,0,0,0,0,0
-167.03346507352941,-166.93347497171945,-166.98347002262443,0,0,0,0,0,0,0
-166.93347497171945,-166.83348486990951,-166.88347992081447,0,0,0,0,0,0,0
-166.83348486990951,-166.73349476809955,-166.78348981900453,0,0,0,0,0,0,0
-166.73349476809955,-166.63350466628958,-166.68349971719456,0,0,0,0,0,0,0
-166.63350466628958,-166.53351456447962,-166.5835096153846,0,0,0,0,0,0,0
-166.53351456447962,-166.43352446266968,-166.48351951357466,0,0,0,0,0,0,0
-166.43352446266968,-166.33353436085972,-166.3835294117647,0,0,0,0,0,0,0
-166.33353436085972,-166.23354425904978,-166.28353930995473,0,0,0,0,0,0,0
-166.23354425904978,-166.13355415723981,-166.1835492081448,0,0,0,0,0,0,0
-166.13355415723981,-166.03356405542985,-166.08355910633483,0,0,0,0,0,0,0
-166.03356405542985,-165.93357395361988,-165.98356900452487,0,0,0,0,0,0,0
-165.93357395361988,-165.83358385180995,-165.88357890271493,0,0,0,0,0,0,0
-165.83358385180995,-165.73359375000001,-165.78358880090497,0,0,0,0,0,0,0
-165.73359375000001,-165.63360364819005,-165.68359869909503,0,0,0,0,0,0,0
-165.63360364819005,-165.53361354638008,-165.58360859728506,0,0,0,0,0,0,0
-165.53361354638008,-165.43362344457012,-165.4836184954751,0,0,0,0,0,0,0
-165.43362344457012,-165.33363334276018,-165.38362839366516,0,0,0,0,0,0,0
-165.33363334276018,-165.23364324095022,-165.2836382918552,0,0,0,0,0,0,0
-165.23364324095022,-165.13365313914028,-165.18364819004523,0,0,0,0,0,0,0
-165.13365313914028,-165.03366303733031,-165.0836580882353,0,0,0,0,0,0,0
-165.03366303733031,-164.93367293552035,-164.98366798642533,0,0,0,0,0,0,0
-164.93367293552035,-164.83368283371038,-164.88367788461537,0,0,0,0,0,0,0
-164.83368283371038,-164.73369273190045,-164.78368778280543,0,0,0,0,0,0,0
-164.73369273190045,-164.63370263009048,-164.68369768099546,0,0,0,0,0,0,0
-164.63370263009048,-164.53371252828055,-164.5837075791855,0,0,0,0,0,0,0
-164.53371252828055,-164.43372242647058,-164.48371747737556,0,0,0,0,0,0,0
-164.43372242647058,-164.33373232466062,-164.3837273755656,0,0,0,0,0,0,0
-164.33373232466062,-164.23374222285068,-164.28373727375566,0,0,0,0,0,0,0
-164.23374222285068,-164.13375212104071,-164.1837471719457,0,0,0,0,0,0,0
-164.13375212104071,-164.03376201923078,-164.08375707013573,0,0,0,0,0,0,0
-164.03376201923078,-163.93377191742081,-163.9837669683258,0,0,0,0,0,0,0
-163.93377191742081,-163.83378181561085,-163.88377686651583,0,0,0,0,0,0,0
-163.83378181561085,-163.73379171380088,-163.78378676470587,0,0,0,0,0,0,0
-163.73379171380088,-163.63380161199095,-163.68379666289593,0,0,0,0,0,0,0
-163.63380161199095,-163.53381151018098,-163.58380656108596,0,0,0,0,0,0,0
-163.53381151018098,-163.43382140837105,-163.483816459276,0,0,0,0,0,0,0
-163.43382140837105,-163.33383130656108,-163.38382635746606,0,0,0,0,0,0,0
-163.33383130656108,-163.23384120475112,-163.2838362556561,0,0,0,0,0,0,0
-163.23384120475112,-163.13385110294115,-163.18384615384613,0,0,0,0,0,0,0
-163.13385110294115,-163.03386100113121,-163.0838560520362,0,0,0,0,0,0,0
-163.03386100113121,-162.93387089932128,-162.98386595022623,0,0,0,0,0,0,0
-162.93387089932128,-162.83388079751131,-162.8838758484163,0,0,0,0,0,0,0
-162.83388079751131,-162.73389069570135,-162.78388574660633,0,0,0,0,0,0,0
-162.73389069570135,-162.63390059389138,-162.68389564479637,0,0,0,0,0,0,0
-162.63390059389138,-162.53391049208145,-162.58390554298643,0,0,0,0,0,0,0
-162.53391049208145,-162.43392039027148,-162.48391544117646,0,0,0,0,0,0,0
-162.43392039027148,-162.33393028846154,-162.3839253393665,0,0,0,0,0,0,0
-162.33393028846154,-162.23394018665158,-162.28393523755656,0,0,0,0,0,0,0
-162.23394018665158,-162.13395008484162,-162.1839451357466,0,0,0,0,0,0,0
-162.13395008484162,-162.03395998303165,-162.08395503393663,0,0,0,0,0,0,0
-162.03395998303165,-161.93396988122171,-161.9839649321267,0,0,0,0,0,0,0
-161.93396988122171,-161.83397977941175,-161.88397483031673,0,0,0,0,0,0,0
-161.83397977941175,-161.73398967760181,-161.78398472850677,0,0,0,0,0,0,0
-161.73398967760181,-161.63399957579185,-161.68399462669683,0,0,0,0,0,0,0
-161.63399957579185,-161.53400947398188,-161.58400452488686,0,0,0,0,0,0,0
-161.53400947398188,-161.43401937217195,-161.48401442307693,0,0,0,0,0,0,0
-161.43401937217195,-161.33402927036198,-161.38402432126696,0,0,0,0,0,0,0
-161.33402927036198,-161.23403916855204,-161.284034219457,0,0,0,0,0,0,0
-161.23403916855204,-161.13404906674208,-161.18404411764706,0,0,0,0,0,0,0
-161.13404906674208,-161.03405896493211,-161.0840540158371,0,0,0,0,0,0,0
-161.03405896493211,-160.93406886312215,-160.98406391402713,0,0,0,0,0,0,0
-160.93406886312215,-160.83407876131221,-160.8840738122172,0,0,0,0,0,0,0
-160.83407876131221,-160.73408865950225,-160.78408371040723,0,0,0,0,0,0,0
-160.73408865950225,-160.63409855769231,-160.68409360859727,0,0,0,0,0,0,0
-160.63409855769231,-160.53410845588235,-160.58410350678733,0,0,0,0,0,0,0
-160.53410845588235,-160.43411835407238,-160.48411340497736,0,0,0,0,0,0,0
-160.43411835407238,-160.33412825226242,-160.3841233031674,0,0,0,0,0,0,0
-160.33412825226242,-160.23413815045248,-160.28413320135746,0,0,0,0,0,0,0
-160.23413815045248,-160.13414804864254,-160.1841430995475,0,0,0,0,0,0,0
-160.13414804864254,-160.03415794683258,-160.08415299773756,0,0,0,0,0,0,0
-160.03415794683258,-159.93416784502261,-159.9841628959276,0,0,0,0,0,0,0
-159.93416784502261,-159.83417774321265,-159.88417279411763,0,0,0,0,0,0,0
-159.83417774321265,-159.73418764140271,-159.7841826923077,0,0,0,0,0,0,0
-159.73418764140271,-159.63419753959275,-159.68419259049773,0,0,0,0,0,0,0
-159.63419753959275,-159.53420743778281,-159.58420248868777,0,0,0,0,0,0,0
-159.53420743778281,-159.43421733597285,-159.48421238687783,0,0,0,0,0,0,0
-159.43421733597285,-159.33422723416288,-159.38422228506786,0,0,0,0,0,0,0
-159.33422723416288,-159.23423713235292,-159.2842321832579,0,0,0,0,0,0,0
-159.23423713235292,-159.13424703054298,-159.18424208144796,0,0,0,0,0,0,0
-159.13424703054298,-159.03425692873302,-159.084251979638,0,0,0,0,0,0,0
-159.03425692873302,-158.93426682692308,-158.98426187782803,0,0,0,0,0,0,0
-158.93426682692308,-158.83427672511311,-158.8842717760181,0,0,0,0,0,0,0
-158.83427672511311,-158.73428662330315,-158.78428167420813,0,0,0,0,0,0,0
-158.73428662330315,-158.63429652149321,-158.68429157239819,0,0,0,0,0,0,0
-158.63429652149321,-158.53430641968325,-158.58430147058823,0,0,0,0,0,0,0
-158.53430641968325,-158.43431631787331,-158.48431136877826,0,0,0,0,0,0,0
-158.43431631787331,-158.33432621606335,-158.38432126696833,0,0,0,0,0,0,0
-158.33432621606335,-158.23433611425338,-158.28433116515836,0,0,0,0,0,0,0
-158.23433611425338,-158.13434601244342,-158.1843410633484,0,0,0,0,0,0,0
-158.13434601244342,-158.03435591063348,-158.08435096153846,0,0,0,0,0,0,0
-158.03435591063348,-157.93436580882351,-157.9843608597285,0,0,0,0,0,0,0
-157.93436580882351,-157.83437570701358,-157.88437075791853,0,0,0,0,0,0,0
-157.83437570701358,-157.73438560520361,-157.7843806561086,0,0,0,0,0,0,0
-157.73438560520361,-157.63439550339365,-157.68439055429863,0,0,0,0,0,0,0
-157.63439550339365,-157.53440540158371,-157.58440045248869,0,0,0,0,0,0,0
-157.53440540158371,-157.43441529977375,-157.48441035067873,0,0,0,0,0,0,0
-157.43441529977375,-157.33442519796381,-157.38442024886876,0,0,0,0,0,0,0
-157.33442519796381,-157.23443509615385,-157.28443014705883,0,0,0,0,0,0,0
-157.23443509615385,-157.13444499434388,-157.18444004524886,0,0,0,0,0,0,0
-157.13444499434388,-157.03445489253392,-157.0844499434389,0,0,0,0,0,0,0
-157.03445489253392,-156.93446479072398,-156.98445984162896,0,0,0,0,0,0,0
-156.93446479072398,-156.83447468891401,-156.884469739819,0,0,0,0,0,0,0
-156.83447468891401,-156.73448458710408,-156.78447963800903,0,0,0,0,0,0,0
-156.73448458710408,-156.63449448529411,-156.6844895361991,0,0,0,0,0,0,0
-156.63449448529411,-156.53450438348415,-156.58449943438913,0,0,0,0,0,0,0
-156.53450438348415,-156.43451428167418,-156.48450933257917,0,0,0,0,0,0,0
-156.43451428167418,-156.33452417986425,-156.38451923076923,0,0,0,0,0,0,0
-156.33452417986425,-156.23453407805431,-156.28452912895926,0,0,0,0,0,0,0
-156.23453407805431,-156.13454397624434,-156.18453902714933,0,0,0,0,0,0,0
-156.13454397624434,-156.03455387443438,-156.08454892533936,0,0,0,0,0,0,0
-156.03455387443438,-155.93456377262441,-155.9845588235294,0,0,0,0,0,0,0
-155.93456377262441,-155.83457367081448,-155.88456872171946,0,0,0,0,0,0,0
-155.83457367081448,-155.73458356900451,-155.7845786199095,0,0,0,0,0,0,0
-155.73458356900451,-155.63459346719458,-155.68458851809953,0,0,0,0,0,0,0
-155.63459346719458,-155.53460336538461,-155.58459841628959,0,0,0,0,0,0,0
-155.53460336538461,-155.43461326357465,-155.48460831447963,0,0,0,0,0,0,0
-155.43461326357465,-155.33462316176468,-155.38461821266966,0,0,0,0,0,0,0
-155.33462316176468,-155.23463305995475,-155.28462811085973,0,0,0,0,0,0,0
-155.23463305995475,-155.13464295814478,-155.18463800904976,0,0,0,0,0,0,0
-155.13464295814478,-155.03465285633484,-155.0846479072398,0,0,0,0,0,0,0
-155.03465285633484,-154.93466275452488,-154.98465780542986,0,0,0,0,0,0,0
-154.93466275452488,-154.83467265271491,-154.8846677036199,0,0,0,0,0,0,0
-154.83467265271491,-154.73468255090498,-154.78467760180996,0,0,0,0,0,0,0
-154.73468255090498,-154.63469244909501,-154.6846875,0,0,0,0,0,0,0
-154.63469244909501,-154.53470234728508,-154.58469739819003,0,0,0,0,0,0,0
-154.53470234728508,-154.43471224547511,-154.48470729638009,0,0,0,0,0,0,0
-154.43471224547511,-154.33472214366515,-154.38471719457013,0,0,0,0,0,0,0
-154.33472214366515,-154.23473204185518,-154.28472709276016,0,0,0,0,0,0,0
-154.23473204185518,-154.13474194004525,-154.18473699095023,0,0,0,0,0,0,0
-154.13474194004525,-154.03475183823528,-154.08474688914026,0,0,0,0,0,0,0
-154.03475183823528,-153.93476173642534,-153.9847567873303,0,0,0,0,0,0,0
-153.93476173642534,-153.83477163461538,-153.88476668552036,0,0,0,0,0,0,0
-153.83477163461538,-153.73478153280541,-153.7847765837104,0,0,0,0,0,0,0
-153.73478153280541,-153.63479143099545,-153.68478648190043,0,0,0,0,0,0,0
-153.63479143099545,-153.53480132918551,-153.58479638009049,0,0,0,0,0,0,0
-153.53480132918551,-153.43481122737558,-153.48480627828053,0,0,0,0,0,0,0
-153.43481122737558,-153.33482112556561,-153.38481617647059,0,0,0,0,0,0,0
-153.33482112556561,-153.23483102375565,-153.28482607466063,0,0,0,0,0,0,0
-153.23483102375565,-153.13484092194568,-153.18483597285066,0,0,0,0,0,0,0
-153.13484092194568,-153.03485082013574,-153.08484587104073,0,0,0,0,0,0,0
-153.03485082013574,-152.93486071832578,-152.98485576923076,0,0,0,0,0,0,0
-152.93486071832578,-152.83487061651584,-152.8848656674208,0,0,0,0,0,0,0
-152.83487061651584,-152.73488051470588,-152.78487556561086,0,0,0,0,0,0,0
-152.73488051470588,-152.63489041289591,-152.6848854638009,0,0,0,0,0,0,0
-152.63489041289591,-152.53490031108595,-152.58489536199093,0,0,0,0,0,0,0
-152.53490031108595,-152.43491020927601,-152.48490526018099,0,0,0,0,0,0,0
-152.43491020927601,-152.33492010746605,-152.38491515837103,0,0,0,0,0,0,0
-152.33492010746605,-152.23493000565611,-152.28492505656106,0,0,0,0,0,0,0
-152.23493000565611,-152.13493990384615,-152.18493495475113,0,0,0,0,0,0,0
-152.13493990384615,-152.03494980203618,-152.08494485294116,0,0,0,0,0,0,0
-152.03494980203618,-151.93495970022624,-151.98495475113123,0,0,0,0,0,0,0
-151.93495970022624,-151.83496959841628,-151.88496464932126,0,0,0,0,0,0,0
-151.83496959841628,-151.73497949660634,-151.7849745475113,0,0,0,0,0,0,0
-151.73497949660634,-151.63498939479638,-151.68498444570136,0,0,0,0,0,0,0
-151.63498939479638,-151.53499929298641,-151.5849943438914,0,0,0,0,0,0,0
-151.53499929298641,-151.43500919117645,-151.48500424208143,0,0,0,0,0,0,0
-151.43500919117645,-151.33501908936651,-151.38501414027149,0,0,0,0,0,0,0
-151.33501908936651,-151.23502898755655,-151.28502403846153,0,0,0,0,0,0,0
-151.23502898755655,-151.13503888574661,-151.18503393665156,0,0,0,0,0,0,0
-151.13503888574661,-151.03504878393665,-151.08504383484163,0,0,0,0,0,0,0
-151.03504878393665,-150.93505868212668,-150.98505373303166,0,0,0,0,0,0,0
-150.93505868212668,-150.83506858031672,-150.8850636312217,0,0,0,0,0,0,0
-150.83506858031672,-150.73507847850678,-150.78507352941176,0,0,0,0,0,0,0
-150.73507847850678,-150.63508837669684,-150.6850834276018,0,0,0,0,0,0,0
-150.63508837669684,-150.53509827488688,-150.58509332579186,0,0,0,0,0,0,0
-150.53509827488688,-150.43510817307691,-150.48510322398189,0,0,0,0,0,0,0
-150.43510817307691,-150.33511807126695,-150.38511312217193,0,0,0,0,0,0,0
-150.33511807126695,-150.23512796945701,-150.28512302036199,0,0,0,0,0,0,0
-150.23512796945701,-150.13513786764705,-150.18513291855203,0,0,0,0,0,0,0
-150.13513786764705,-150.03514776583711,-150.08514281674206,0,0,0,0,0,0,0
-150.03514776583711,-149.93515766402714,-149.98515271493213,0,0,0,0,0,0,0
-149.93515766402714,-149.83516756221718,-149.88516261312216,0,0,0,0,0,0,0
-149.83516756221718,-149.73517746040721,-149.7851725113122,0,0,0,0,0,0,0
-149.73517746040721,-149.63518735859728,-149.68518240950226,0,0,0,0,0,0,0
-149.63518735859728,-149.53519725678731,-149.5851923076923,0,0,0,0,0,0,0
-149.53519725678731,-149.43520715497738,-149.48520220588233,0,0,0,0,0,0,0
-149.43520715497738,-149.33521705316741,-149.38521210407239,0,0,0,0,0,0,0
-149.33521705316741,-149.23522695135745,-149.28522200226243,0,0,0,0,0,0,0
-149.23522695135745,-149.13523684954751,-149.18523190045249,0,0,0,0,0,0,0
-149.13523684954751,-149.03524674773755,-149.08524179864253,0,0,0,0,0,0,0
-149.03524674773755,-148.93525664592761,-148.98525169683256,0,0,0,0,0,0,0
-148.93525664592761,-148.83526654411764,-148.88526159502263,0,0,0,0,0,0,0
-148.83526654411764,-148.73527644230768,-148.78527149321266,0,0,0,0,0,0,0
-148.73527644230768,-148.63528634049771,-148.6852813914027,0,0,0,0,0,0,0
-148.63528634049771,-148.53529623868778,-148.58529128959276,0,0,0,0,0,0,0
-148.53529623868778,-148.43530613687781,-148.4853011877828,0,0,0,0,0,0,0
-148.43530613687781,-148.33531603506788,-148.38531108597283,0,0,0,0,0,0,0
-148.33531603506788,-148.23532593325791,-148.28532098416289,0,0,0,0,0,0,0
-148.23532593325791,-148.13533583144795,-148.18533088235293,0,0,0,0,0,0,0
-148.13533583144795,-148.03534572963801,-148.08534078054299,0,0,0,0,0,0,0
-148.03534572963801,-147.93535562782805,-147.98535067873303,0,0,0,0,0,0,0
-147.93535562782805,-147.83536552601811,-147.88536057692306,0,0,0,0,0,0,0
-147.83536552601811,-147.73537542420814,-147.78537047511313,0,0,0,0,0,0,0
-147.73537542420814,-147.63538532239818,-147.68538037330316,0,0,0,0,0,0,0
-147.63538532239818,-147.53539522058821,-147.5853902714932,0,0,0,0,0,0,0
-147.53539522058821,-147.43540511877828,-147.48540016968326,0,0,0,0,0,0,0
-147.43540511877828,-147.33541501696831,-147.38541006787329,0,0,0,0,0,0,0
-147.33541501696831,-147.23542491515838,-147.28541996606333,0,0,0,0,0,0,0
-147.23542491515838,-147.13543481334841,-147.18542986425339,0,0,0,0,0,0,0
-147.13543481334841,-147.03544471153845,-147.08543976244343,0,0,0,0,0,0,0
-147.03544471153845,-146.93545460972848,-146.98544966063346,0,0,0,0,0,0,0
-146.93545460972848,-146.83546450791854,-146.88545955882353,0,0,0,0,0,0,0
-146.83546450791854,-146.73547440610861,-146.78546945701356,0,0,0,0,0,0,0
-146.73547440610861,-146.63548430429864,-146.68547935520363,0,0,0,0,0,0,0
-146.63548430429864,-146.53549420248868,-146.58548925339366,0,0,0,0,0,0,0
-146.53549420248868,-146.43550410067871,-146.4854991515837,0,0,0,0,0,0,0
-146.43550410067871,-146.33551399886878,-146.38550904977376,0,0,0,0,0,0,0
-146.33551399886878,-146.23552389705881,-146.28551894796379,0,0,0,0,0,0,0
-146.23552389705881,-146.13553379524888,-146.18552884615383,0,0,0,0,0,0,0
-146.13553379524888,-146.03554369343891,-146.08553874434389,0,0,0,0,0,0,0
-146.03554369343891,-145.93555359162895,-145.98554864253393,0,0,0,0,0,0,0
-145.93555359162895,-145.83556348981898,-145.88555854072396,0,0,0,0,0,0,0
-145.83556348981898,-145.73557338800904,-145.78556843891403,0,0,0,0,0,0,0
-145.73557338800904,-145.63558328619908,-145.68557833710406,0,0,0,0,0,0,0
-145.63558328619908,-145.53559318438914,-145.5855882352941,0,0,0,0,0,0,0
-145.53559318438914,-145.43560308257918,-145.48559813348416,0,0,0,0,0,0,0
-145.43560308257918,-145.33561298076921,-145.3856080316742,0,0,0,0,0,0,0
-145.33561298076921,-145.23562287895928,-145.28561792986426,0,0,0,0,0,0,0
-145.23562287895928,-145.13563277714931,-145.18562782805429,0,0,0,0,0,0,0
-145.13563277714931,-145.03564267533937,-145.08563772624433,0,0,0,0,0,0,0
-145.03564267533937,-144.93565257352941,-144.98564762443439,0,0,0,0,0,0,0
-144.93565257352941,-144.83566247171944,-144.88565752262443,0,0,0,0,0,0,0
-144.83566247171944,-144.73567236990948,-144.78566742081446,0,0,0,0,0,0,0
-144.73567236990948,-144.63568226809954,-144.68567731900453,0,0,0,0,0,0,0
-144.63568226809954,-144.53569216628958,-144.58568721719456,0,0,0,0,0,0,0
-144.53569216628958,-144.43570206447964,-144.4856971153846,0,0,0,0,0,0,0
-144.43570206447964,-144.33571196266968,-144.38570701357466,0,0,0,0,0,0,0
-144.33571196266968,-144.23572186085971,-144.28571691176469,0,0,0,0,0,0,0
-144.23572186085971,-144.13573175904975,-144.18572680995473,0,0,0,0,0,0,0
-144.13573175904975,-144.03574165723981,-144.08573670814479,0,0,0,0,0,0,0
-144.03574165723981,-143.93575155542987,-143.98574660633483,0,0,0,0,0,0,0
-143.93575155542987,-143.83576145361991,-143.88575650452489,0,0,0,0,0,0,0
-143.83576145361991,-143.73577135180994,-143.78576640271493,0,0,0,0,0,0,0
-143.73577135180994,-143.63578124999998,-143.68577630090496,0,0,0,0,0,0,0
-143.63578124999998,-143.53579114819004,-143.58578619909503,0,0,0,0,0,0,0
-143.53579114819004,-143.43580104638008,-143.48579609728506,0,0,0,0,0,0,0
-143.43580104638008,-143.33581094457014,-143.3858059954751,0,0,0,0,0,0,0
-143.33581094457014,-143.23582084276018,-143.28581589366516,0,0,0,0,0,0,0
-143.23582084276018,-143.13583074095021,-143.18582579185519,0,0,0,0,0,0,0
-143.13583074095021,-143.03584063914025,-143.08583569004523,0,0,0,0,0,0,0
-143.03584063914025,-142.93585053733031,-142.98584558823529,0,0,0,0,0,0,0
-142.93585053733031,-142.83586043552035,-142.88585548642533,0,0,0,0,0,0,0
-142.83586043552035,-142.73587033371041,-142.78586538461536,0,0,0,0,0,0,0
-142.73587033371041,-142.63588023190044,-142.68587528280543,0,0,0,0,0,0,0
-142.63588023190044,-142.53589013009048,-142.58588518099546,0,0,0,0,0,0,0
-142.53589013009048,-142.43590002828054,-142.48589507918552,0,0,0,0,0,0,0
-142.43590002828054,-142.33590992647058,-142.38590497737556,0,0,0,0,0,0,0
-142.33590992647058,-142.23591982466064,-142.2859148755656,0,0,0,0,0,0,0
-142.23591982466064,-142.13592972285068,-142.18592477375566,0,0,0,0,0,0,0
-142.13592972285068,-142.03593962104071,-142.08593467194569,0,0,0,0,0,0,0
-142.03593962104071,-141.93594951923075,-141.98594457013573,0,0,0,0,0,0,0
-141.93594951923075,-141.83595941742081,-141.88595446832579,0,0,0,0,0,0,0
-141.83595941742081,-141.73596931561084,-141.78596436651583,0,0,0,0,0,0,0
-141.73596931561084,-141.63597921380091,-141.68597426470586,0,0,0,0,0,0,0
-141.63597921380091,-141.53598911199094,-141.58598416289593,0,0,0,0,0,0,0
-141.53598911199094,-141.43599901018098,-141.48599406108596,0,0,0,0,0,0,0
-141.43599901018098,-141.33600890837101,-141.386003959276,0,0,0,0,0,0,0
-141.33600890837101,-141.23601880656108,-141.28601385746606,0,0,0,0,0,0,0
-141.23601880656108,-141.13602870475114,-141.18602375565609,0,0,0,0,0,0,0
-141.13602870475114,-141.03603860294118,-141.08603365384616,0,0,0,0,0,0,0
-141.03603860294118,-140.93604850113121,-140.98604355203619,0,0,0,0,0,0,0
-140.93604850113121,-140.83605839932125,-140.88605345022623,0,0,0,0,0,0,0
-140.83605839932125,-140.73606829751131,-140.78606334841629,0,0,0,0,0,0,0
-140.73606829751131,-140.63607819570134,-140.68607324660633,0,0,0,0,0,0,0
-140.63607819570134,-140.53608809389141,-140.58608314479636,0,0,0,0,0,0,0
-140.53608809389141,-140.43609799208144,-140.48609304298643,0,0,0,0,0,0,0
-140.43609799208144,-140.33610789027148,-140.38610294117646,0,0,0,0,0,0,0
-140.33610789027148,-140.23611778846151,-140.2861128393665,0,0,0,0,0,0,0
-140.23611778846151,-140.13612768665158,-140.18612273755656,0,0,0,0,0,0,0
-140.13612768665158,-140.03613758484161,-140.08613263574659,0,0,0,0,0,0,0
-140.03613758484161,-139.93614748303168,-139.98614253393663,0,0,0,0,0,0,0
-139.93614748303168,-139.83615738122171,-139.88615243212669,0,0,0,0,0,0,0
-139.83615738122171,-139.73616727941175,-139.78616233031673,0,0,0,0,0,0,0
-139.73616727941175,-139.63617717760181,-139.68617222850679,0,0,0,0,0,0,0
-139.63617717760181,-139.53618707579184,-139.58618212669683,0,0,0,0,0,0,0
-139.53618707579184,-139.43619697398191,-139.48619202488686,0,0,0,0,0,0,0
-139.43619697398191,-139.33620687217194,-139.38620192307692,0,0,0,0,0,0,0
-139.33620687217194,-139.23621677036198,-139.28621182126696,0,0,0,0,0,0,0
-139.23621677036198,-139.13622666855201,-139.186221719457,0,0,0,0,0,0,0
-139.13622666855201,-139.03623656674208,-139.08623161764706,0,0,0,0,0,0,0
-139.03623656674208,-138.93624646493211,-138.98624151583709,0,0,0,0,0,0,0
-138.93624646493211,-138.83625636312217,-138.88625141402713,0,0,0,0,0,0,0
-138.83625636312217,-138.73626626131221,-138.78626131221719,0,0,0,0,0,0,0
-138.73626626131221,-138.63627615950224,-138.68627121040723,0,0,0,0,0,0,0
-138.63627615950224,-138.53628605769231,-138.58628110859729,0,0,0,0,0,0,0
-138.53628605769231,-138.43629595588234,-138.48629100678733,0,0,0,0,0,0,0
-138.43629595588234,-138.33630585407241,-138.38630090497736,0,0,0,0,0,0,0
-138.33630585407241,-138.23631575226244,-138.28631080316742,0,0,0,0,0,0,0
-138.23631575226244,-138.13632565045248,-138.18632070135746,0,0,0,0,0,0,0
-138.13632565045248,-138.03633554864251,-138.08633059954749,0,0,0,0,0,0,0
-138.03633554864251,-137.93634544683258,-137.98634049773756,0,0,0,0,0,0,0
-137.93634544683258,-137.83635534502261,-137.88635039592759,0,0,0,0,0,0,0
-137.83635534502261,-137.73636524321267,-137.78636029411763,0,0,0,0,0,0,0
-137.73636524321267,-137.63637514140271,-137.68637019230769,0,0,0,0,0,0,0
-137.63637514140271,-137.53638503959274,-137.58638009049773,0,0,0,0,0,0,0
-137.53638503959274,-137.43639493778278,-137.48638998868776,0,0,0,0,0,0,0
-137.43639493778278,-137.33640483597284,-137.38639988687783,0,0,0,0,0,0,0
-137.33640483597284,-137.23641473416291,-137.28640978506786,0,0,0,0,0,0,0
-137.23641473416291,-137.13642463235294,-137.18641968325792,0,0,0,0,0,0,0
-137.13642463235294,-137.03643453054298,-137.08642958144796,0,0,0,0,0,0,0
-137.03643453054298,-136.93644442873301,-136.98643947963799,0,0,0,0,0,0,0
-136.93644442873301,-136.83645432692308,-136.88644937782806,0,0,0,0,0,0,0
-136.83645432692308,-136.73646422511311,-136.78645927601809,0,0,0,0,0,0,0
-136.73646422511311,-136.63647412330317,-136.68646917420813,0,0,0,0,0,0,0
-136.63647412330317,-136.53648402149321,-136.58647907239819,0,0,0,0,0,0,0
-136.53648402149321,-136.43649391968324,-136.48648897058823,0,0,0,0,0,0,0
-136.43649391968324,-136.33650381787328,-136.38649886877826,0,0,0,0,0,0,0
-136.33650381787328,-136.23651371606334,-136.28650876696832,0,0,0,0,0,0,0
-136.23651371606334,-136.13652361425338,-136.18651866515836,0,0,0,0,0,0,0
-136.13652361425338,-136.03653351244344,-136.08652856334839,0,0,0,0,0,0,0
-136.03653351244344,-135.93654341063348,-135.98653846153846,0,0,0,0,0,0,0
-135.93654341063348,-135.83655330882351,-135.88654835972849,0,0,0,0,0,0,0
-135.83655330882351,-135.73656320701357,-135.78655825791856,0,0,0,0,0,0,0
-135.73656320701357,-135.63657310520361,-135.68656815610859,0,0,0,0,0,0,0
-135.63657310520361,-135.53658300339367,-135.58657805429863,0,0,0,0,0,0,0
-135.53658300339367,-135.43659290158371,-135.48658795248869,0,0,0,0,0,0,0
-135.43659290158371,-135.33660279977374,-135.38659785067873,0,0,0,0,0,0,0
-135.33660279977374,-135.23661269796378,-135.28660774886876,0,0,0,0,0,0,0
-135.23661269796378,-135.13662259615384,-135.18661764705882,0,0,0,0,0,0,0
-135.13662259615384,-135.03663249434388,-135.08662754524886,0,0,0,0,0,0,0
-135.03663249434388,-134.93664239253394,-134.98663744343889,0,0,0,0,0,0,0
-134.93664239253394,-134.83665229072398,-134.88664734162896,0,0,0,0,0,0,0
-134.83665229072398,-134.73666218891401,-134.78665723981899,0,0,0,0,0,0,0
-134.73666218891401,-134.63667208710405,-134.68666713800903,0,0,0,0,0,0,0
-134.63667208710405,-134.53668198529411,-134.58667703619909,0,0,0,0,0,0,0
-134.53668198529411,-134.43669188348417,-134.48668693438913,0,0,0,0,0,0,0
-134.43669188348417,-134.33670178167421,-134.38669683257919,0,0,0,0,0,0,0
-134.33670178167421,-134.23671167986424,-134.28670673076923,0,0,0,0,0,0,0
-134.23671167986424,-134.13672157805428,-134.18671662895926,0,0,0,0,0,0,0
-134.13672157805428,-134.03673147624434,-134.08672652714932,0,0,0,0,0,0,0
-134.03673147624434,-133.93674137443438,-133.98673642533936,0,0,0,0,0,0,0
-133.93674137443438,-133.83675127262444,-133.88674632352939,0,0,0,0,0,0,0
-133.83675127262444,-133.73676117081448,-133.78675622171946,0,0,0,0,0,0,0
-133.73676117081448,-133.63677106900451,-133.68676611990949,0,0,0,0,0,0,0
-133.63677106900451,-133.53678096719455,-133.58677601809953,0,0,0,0,0,0,0
-133.53678096719455,-133.43679086538461,-133.48678591628959,0,0,0,0,0,0,0
-133.43679086538461,-133.33680076357464,-133.38679581447963,0,0,0,0,0,0,0
-133.33680076357464,-133.23681066176471,-133.28680571266966,0,0,0,0,0,0,0
-133.23681066176471,-133.13682055995474,-133.18681561085972,0,0,0,0,0,0,0
-133.13682055995474,-133.03683045814478,-133.08682550904976,0,0,0,0,0,0,0
-133.03683045814478,-132.93684035633484,-132.98683540723982,0,0,0,0,0,0,0
-132.93684035633484,-132.83685025452488,-132.88684530542986,0,0,0,0,0,0,0
-132.83685025452488,-132.73686015271494,-132.78685520361989,0,0,0,0,0,0,0
-132.73686015271494,-132.63687005090497,-132.68686510180996,0,0,0,0,0,0,0
-132.63687005090497,-132.53687994909501,-132.58687499999999,0,0,0,0,0,0,0
-132.53687994909501,-132.43688984728504,-132.48688489819003,0,0,0,0,0,0,0
-132.43688984728504,-132.33689974547511,-132.38689479638009,0,0,0,0,0,0,0
-132.33689974547511,-132.23690964366514,-132.28690469457013,0,0,0,0,0,0,0
-132.23690964366514,-132.13691954185521,-132.18691459276016,0,0,0,0,0,0,0
-132.13691954185521,-132.03692944004524,-132.08692449095022,0,0,0,0,0,0,0
-132.03692944004524,-131.93693933823528,-131.98693438914026,0,0,0,0,0,0,0
-131.93693933823528,-131.83694923642531,-131.88694428733029,0,0,0,0,0,0,0
-131.83694923642531,-131.73695913461538,-131.78695418552036,0,0,0,0,0,0,0
-131.73695913461538,-131.63696903280544,-131.68696408371039,0,0,0,0,0,0,0
-131.63696903280544,-131.53697893099547,-131.58697398190046,0,0,0,0,0,0,0
-131.53697893099547,-131.43698882918551,-131.48698388009049,0,0,0,0,0,0,0
-131.43698882918551,-131.33699872737554,-131.38699377828053,0,0,0,0,0,0,0
-131.33699872737554,-131.23700862556561,-131.28700367647059,0,0,0,0,0,0,0
-131.23700862556561,-131.13701852375564,-131.18701357466063,0,0,0,0,0,0,0
-131.13701852375564,-131.03702842194571,-131.08702347285066,0,0,0,0,0,0,0
-131.03702842194571,-130.93703832013574,-130.98703337104072,0,0,0,0,0,0,0
-130.93703832013574,-130.83704821832578,-130.88704326923076,0,0,0,0,0,0,0
-130.83704821832578,-130.73705811651581,-130.78705316742079,0,0,0,0,0,0,0
-130.73705811651581,-130.63706801470587,-130.68706306561086,0,0,0,0,0,0,0
-130.63706801470587,-130.53707791289591,-130.58707296380089,0,0,0,0,0,0,0
-130.53707791289591,-130.43708781108597,-130.48708286199093,0,0,0,0,0,0,0
-130.43708781108597,-130.33709770927601,-130.38709276018099,0,0,0,0,0,0,0
-130.33709770927601,-130.23710760746604,-130.28710265837103,0,0,0,0,0,0,0
-130.23710760746604,-130.13711750565611,-130.18711255656109,0,0,0,0,0,0,0
-130.13711750565611,-130.03712740384614,-130.08712245475112,0,0,0,0,0,0,0
-130.03712740384614,-129.93713730203621,-129.98713235294116,0,0,0,0,0,0,0
-129.93713730203621,-129.83714720022624,-129.88714225113122,0,0,0,0,0,0,0
-129.83714720022624,-129.73715709841628,-129.78715214932126,0,0,0,0,0,0,0
-129.73715709841628,-129.63716699660631,-129.68716204751129,0,0,0,0,0,0,0
-129.63716699660631,-129.53717689479637,-129.58717194570136,0,0,0,0,0,0,0
-129.53717689479637,-129.43718679298641,-129.48718184389139,0,0,0,0,0,0,0
-129.43718679298641,-129.33719669117647,-129.38719174208143,0,0,0,0,0,0,0
-129.33719669117647,-129.23720658936651,-129.28720164027149,0,0,0,0,0,0,0
-129.23720658936651,-129.13721648755654,-129.18721153846153,0,0,0,0,0,0,0
-129.13721648755654,-129.03722638574661,-129.08722143665159,0,0,0,0,0,0,0
-129.03722638574661,-128.93723628393664,-128.98723133484162,0,0,0,0,0,0,0
-128.93723628393664,-128.83724618212671,-128.88724123303166,0,0,0,0,0,0,0
-128.83724618212671,-128.73725608031674,-128.78725113122172,0,0,0,0,0,0,0
-128.73725608031674,-128.63726597850678,-128.68726102941176,0,0,0,0,0,0,0
-128.63726597850678,-128.53727587669681,-128.58727092760179,0,0,0,0,0,0,0
-128.53727587669681,-128.43728577488687,-128.48728082579186,0,0,0,0,0,0,0
-128.43728577488687,-128.33729567307691,-128.38729072398189,0,0,0,0,0,0,0
-128.33729567307691,-128.23730557126697,-128.28730062217193,0,0,0,0,0,0,0
-128.23730557126697,-128.13731546945701,-128.18731052036199,0,0,0,0,0,0,0
-128.13731546945701,-128.03732536764704,-128.08732041855203,0,0,0,0,0,0,0
-128.03732536764704,-127.93733526583709,-127.98733031674206,0,0,0,0,0,0,0
-127.93733526583709,-127.83734516402714,-127.88734021493212,0,0,0,0,0,0,0
-127.83734516402714,-127.73735506221719,-127.78735011312216,0,0,0,0,0,0,0
-127.73735506221719,-127.63736496040724,-127.68736001131222,0,0,0,0,0,0,0
-127.63736496040724,-127.53737485859727,-127.58736990950226,0,0,0,0,0,0,0
-127.53737485859727,-127.43738475678732,-127.48737980769229,0,0,0,0,0,0,0
-127.43738475678732,-127.33739465497737,-127.38738970588236,0,0,0,0,0,0,0
-127.33739465497737,-127.23740455316741,-127.28739960407239,0,0,0,0,0,0,0
-127.23740455316741,-127.13741445135746,-127.18740950226243,0,0,0,0,0,0,0
-127.13741445135746,-127.03742434954751,-127.08741940045249,0,0,0,0,0,0,0
-127.03742434954751,-126.93743424773754,-126.98742929864252,0,0,0,0,0,0,0
-126.93743424773754,-126.83744414592759,-126.88743919683256,0,0,0,0,0,0,0
-126.83744414592759,-126.73745404411764,-126.78744909502262,0,0,0,0,0,0,0
-126.73745404411764,-126.63746394230768,-126.68745899321266,0,0,0,0,0,0,0
-126.63746394230768,-126.53747384049773,-126.58746889140269,0,0,0,0,0,0,0
-126.53747384049773,-126.43748373868777,-126.48747878959276,0,0,0,0,0,0,0
-126.43748373868777,-126.33749363687782,-126.38748868778279,0,0,0,0,0,0,0
-126.33749363687782,-126.23750353506787,-126.28749858597286,0,0,0,0,0,0,0
-126.23750353506787,-126.13751343325791,-126.18750848416289,0,0,0,0,0,0,0
-126.13751343325791,-126.03752333144796,-126.08751838235293,0,0,0,0,0,0,0
-126.03752333144796,-125.93753322963801,-125.98752828054299,0,0,0,0,0,0,0
-125.93753322963801,-125.83754312782804,-125.88753817873302,0,0,0,0,0,0,0
-125.83754312782804,-125.73755302601809,-125.78754807692306,0,0,0,0,0,0,0
-125.73755302601809,-125.63756292420814,-125.68755797511312,0,0,0,0,0,0,0
-125.63756292420814,-125.53757282239818,-125.58756787330316,0,0,0,0,0,0,0
-125.53757282239818,-125.43758272058822,-125.48757777149319,0,0,0,0,0,0,0
-125.43758272058822,-125.33759261877827,-125.38758766968326,0,0,0,0,0,0,0
-125.33759261877827,-125.23760251696831,-125.28759756787329,0,0,0,0,0,0,0
-125.23760251696831,-125.13761241515836,-125.18760746606333,0,0,0,0,0,0,0
-125.13761241515836,-125.03762231334841,-125.08761736425339,0,0,0,0,0,0,0
-125.03762231334841,-124.93763221153846,-124.98762726244343,0,0,0,0,0,0,0
-124.93763221153846,-124.83764210972851,-124.88763716063349,0,0,0,0,0,0,0
-124.83764210972851,-124.73765200791854,-124.78764705882352,0,0,0,0,0,0,0
-124.73765200791854,-124.63766190610859,-124.68765695701356,0,0,0,0,0,0,0
-124.63766190610859,-124.53767180429864,-124.58766685520362,0,0,0,0,0,0,0
-124.53767180429864,-124.43768170248867,-124.48767675339366,0,0,0,0,0,0,0
-124.43768170248867,-124.33769160067872,-124.38768665158369,0,0,0,0,0,0,0
-124.33769160067872,-124.23770149886877,-124.28769654977376,0,0,0,0,0,0,0
-124.23770149886877,-124.13771139705881,-124.18770644796379,0,0,0,0,0,0,0
-124.13771139705881,-124.03772129524886,-124.08771634615383,0,0,0,0,0,0,0
-124.03772129524886,-123.93773119343891,-123.98772624434389,0,0,0,0,0,0,0
-123.93773119343891,-123.83774109162894,-123.88773614253392,0,0,0,0,0,0,0
-123.83774109162894,-123.73775098981899,-123.78774604072396,0,0,0,0,0,0,0
-123.73775098981899,-123.63776088800904,-123.68775593891402,0,0,0,0,0,0,0
-123.63776088800904,-123.53777078619909,-123.58776583710406,0,0,0,0,0,0,0
-123.53777078619909,-123.43778068438914,-123.48777573529412,0,0,0,0,0,0,0
-123.43778068438914,-123.33779058257917,-123.38778563348416,0,0,0,0,0,0,0
-123.33779058257917,-123.23780048076922,-123.28779553167419,0,0,0,0,0,0,0
-123.23780048076922,-123.13781037895927,-123.18780542986426,0,0,0,0,0,0,0
-123.13781037895927,-123.03782027714931,-123.08781532805429,0,0,0,0,0,0,0
-123.03782027714931,-122.93783017533936,-122.98782522624433,0,0,0,0,0,0,0
-122.93783017533936,-122.83784007352941,-122.88783512443439,0,0,0,0,0,0,0
-122.83784007352941,-122.73784997171944,-122.78784502262442,0,0,0,0,0,0,0
-122.73784997171944,-122.63785986990949,-122.68785492081446,0,0,0,0,0,0,0
-122.63785986990949,-122.53786976809954,-122.58786481900452,0,0,0,0,0,0,0
-122.53786976809954,-122.43787966628958,-122.48787471719456,0,0,0,0,0,0,0
-122.43787966628958,-122.33788956447962,-122.38788461538459,0,0,0,0,0,0,0
-122.33788956447962,-122.23789946266967,-122.28789451357466,0,0,0,0,0,0,0
-122.23789946266967,-122.13790936085972,-122.18790441176469,0,0,0,0,0,0,0
-122.13790936085972,-122.03791925904977,-122.08791430995475,0,0,0,0,0,0,0
-122.03791925904977,-121.93792915723981,-121.98792420814479,0,0,0,0,0,0,0
-121.93792915723981,-121.83793905542986,-121.88793410633482,0,0,0,0,0,0,0
-121.83793905542986,-121.73794895361991,-121.78794400452489,0,0,0,0,0,0,0
-121.73794895361991,-121.63795885180994,-121.68795390271492,0,0,0,0,0,0,0
-121.63795885180994,-121.53796874999999,-121.58796380090496,0,0,0,0,0,0,0
-121.53796874999999,-121.43797864819004,-121.48797369909502,0,0,0,0,0,0,0
-121.43797864819004,-121.33798854638007,-121.38798359728506,0,0,0,0,0,0,0
-121.33798854638007,-121.23799844457012,-121.28799349547509,0,0,0,0,0,0,0
-121.23799844457012,-121.13800834276017,-121.18800339366516,0,0,0,0,0,0,0
-121.13800834276017,-121.03801824095021,-121.08801329185519,0,0,0,0,0,0,0
-121.03801824095021,-120.93802813914026,-120.98802319004523,0,0,0,0,0,0,0
-120.93802813914026,-120.83803803733031,-120.88803308823529,0,0,0,0,0,0,0
-120.83803803733031,-120.73804793552036,-120.78804298642532,0,0,0,0,0,0,0
-120.73804793552036,-120.63805783371041,-120.68805288461539,0,0,0,0,0,0,0
-120.63805783371041,-120.53806773190044,-120.58806278280542,0,0,0,0,0,0,0
-120.53806773190044,-120.43807763009049,-120.48807268099546,0,0,0,0,0,0,0
-120.43807763009049,-120.33808752828054,-120.38808257918552,0,0,0,0,0,0,0
-120.33808752828054,-120.23809742647057,-120.28809247737556,0,0,0,0,0,0,0
-120.23809742647057,-120.13810732466062,-120.18810237556559,0,0,0,0,0,0,0
-120.13810732466062,-120.03811722285067,-120.08811227375566,0,0,0,0,0,0,0
-120.03811722285067,-119.93812712104071,-119.98812217194569,0,0,0,0,0,0,0
-119.93812712104071,-119.83813701923076,-119.88813207013573,0,0,0,0,0,0,0
-119.83813701923076,-119.73814691742081,-119.78814196832579,0,0,0,0,0,0,0
-119.73814691742081,-119.63815681561086,-119.68815186651582,0,0,0,0,0,0,0
-119.63815681561086,-119.5381667138009,-119.58816176470589,0,0,0,0,0,0,0
-119.5381667138009,-119.43817661199094,-119.48817166289592,0,0,0,0,0,0,0
-119.43817661199094,-119.33818651018099,-119.38818156108596,0,0,0,0,0,0,0
-119.33818651018099,-119.23819640837104,-119.28819145927602,0,0,0,0,0,0,0
-119.23819640837104,-119.13820630656107,-119.18820135746606,0,0,0,0,0,0,0
-119.13820630656107,-119.03821620475112,-119.08821125565609,0,0,0,0,0,0,0
-119.03821620475112,-118.93822610294117,-118.98822115384615,0,0,0,0,0,0,0
-118.93822610294117,-118.83823600113121,-118.88823105203619,0,0,0,0,0,0,0
-118.83823600113121,-118.73824589932126,-118.78824095022622,0,0,0,0,0,0,0
-118.73824589932126,-118.63825579751131,-118.68825084841629,0,0,0,0,0,0,0
-118.63825579751131,-118.53826569570134,-118.58826074660632,0,0,0,0,0,0,0
-118.53826569570134,-118.43827559389139,-118.48827064479636,0,0,0,0,0,0,0
-118.43827559389139,-118.33828549208144,-118.38828054298642,0,0,0,0,0,0,0
-118.33828549208144,-118.23829539027149,-118.28829044117646,0,0,0,0,0,0,0
-118.23829539027149,-118.13830528846154,-118.18830033936652,0,0,0,0,0,0,0
-118.13830528846154,-118.03831518665157,-118.08831023755656,0,0,0,0,0,0,0
-118.03831518665157,-117.93832508484162,-117.98832013574659,0,0,0,0,0,0,0
-117.93832508484162,-117.83833498303167,-117.88833003393665,0,0,0,0,0,0,0
-117.83833498303167,-117.73834488122171,-117.78833993212669,0,0,0,0,0,0,0
-117.73834488122171,-117.63835477941176,-117.68834983031672,0,0,0,0,0,0,0
-117.63835477941176,-117.53836467760181,-117.58835972850679,0,0,0,0,0,0,0
-117.53836467760181,-117.43837457579184,-117.48836962669682,0,0,0,0,0,0,0
-117.43837457579184,-117.33838447398189,-117.38837952488686,0,0,0,0,0,0,0
-117.33838447398189,-117.23839437217194,-117.28838942307692,0,0,0,0,0,0,0
-117.23839437217194,-117.13840427036197,-117.18839932126696,0,0,0,0,0,0,0
-117.13840427036197,-117.03841416855202,-117.08840921945699,0,0,0,0,0,0,0
-117.03841416855202,-116.93842406674207,-116.98841911764706,0,0,0,0,0,0,0
-116.93842406674207,-116.83843396493212,-116.88842901583709,0,0,0,0,0,0,0
-116.83843396493212,-116.73844386312217,-116.78843891402715,0,0,0,0,0,0,0
-116.73844386312217,-116.63845376131221,-116.68844881221719,0,0,0,0,0,0,0
-116.63845376131221,-116.53846365950226,-116.58845871040722,0,0,0,0,0,0,0
-116.53846365950226,-116.4384735576923,-116.48846860859729,0,0,0,0,0,0,0
-116.4384735576923,-116.33848345588234,-116.38847850678732,0,0,0,0,0,0,0
-116.33848345588234,-116.23849335407239,-116.28848840497736,0,0,0,0,0,0,0
-116.23849335407239,-116.13850325226244,-116.18849830316742,0,0,0,0,0,0,0
-116.13850325226244,-116.03851315045247,-116.08850820135746,0,0,0,0,0,0,0
-116.03851315045247,-115.93852304864252,-115.98851809954749,0,0,0,0,0,0,0
-115.93852304864252,-115.83853294683257,-115.88852799773755,0,0,0,0,0,0,0
-115.83853294683257,-115.73854284502261,-115.78853789592759,0,0,0,0,0,0,0
-115.73854284502261,-115.63855274321266,-115.68854779411762,0,0,0,0,0,0,0
-115.63855274321266,-115.53856264140271,-115.58855769230769,0,0,0,0,0,0,0
-115.53856264140271,-115.43857253959276,-115.48856759049772,0,0,0,0,0,0,0
-115.43857253959276,-115.3385824377828,-115.38857748868779,0,0,0,0,0,0,0
-115.3385824377828,-115.23859233597284,-115.28858738687782,0,0,0,0,0,0,0
-115.23859233597284,-115.13860223416289,-115.18859728506786,0,0,0,0,0,0,0
-115.13860223416289,-115.03861213235294,-115.08860718325792,0,0,0,0,0,0,0
-115.03861213235294,-114.93862203054297,-114.98861708144796,0,0,0,0,0,0,0
-114.93862203054297,-114.83863192873302,-114.88862697963799,0,0,0,0,0,0,0
-114.83863192873302,-114.73864182692307,-114.78863687782805,0,0,0,0,0,0,0
-114.73864182692307,-114.63865172511311,-114.68864677601809,0,0,0,0,0,0,0
-114.63865172511311,-114.53866162330316,-114.58865667420812,0,0,0,0,0,0,0
-114.53866162330316,-114.43867152149321,-114.48866657239819,0,0,0,0,0,0,0
-114.43867152149321,-114.33868141968324,-114.38867647058822,0,0,0,0,0,0,0
-114.33868141968324,-114.23869131787329,-114.28868636877826,0,0,0,0,0,0,0
-114.23869131787329,-114.13870121606334,-114.18869626696832,0,0,0,0,0,0,0
-114.13870121606334,-114.03871111425339,-114.08870616515836,0,0,0,0,0,0,0
-114.03871111425339,-113.93872101244344,-113.98871606334842,0,0,0,0,0,0,0
-113.93872101244344,-113.83873091063347,-113.88872596153846,0,0,0,0,0,0,0
-113.83873091063347,-113.73874080882352,-113.78873585972849,0,0,0,0,0,0,0
-113.73874080882352,-113.63875070701357,-113.68874575791855,0,0,0,0,0,0,0
-113.63875070701357,-113.53876060520361,-113.58875565610859,0,0,0,0,0,0,0
-113.53876060520361,-113.43877050339366,-113.48876555429862,0,0,0,0,0,0,0
-113.43877050339366,-113.3387804015837,-113.38877545248869,0,0,0,0,0,0,0
-113.3387804015837,-113.23879029977374,-113.28878535067872,0,0,0,0,0,0,0
-113.23879029977374,-113.13880019796379,-113.18879524886876,0,0,0,0,0,0,0
-113.13880019796379,-113.03881009615384,-113.08880514705882,0,0,0,0,0,0,0
-113.03881009615384,-112.93881999434387,-112.98881504524886,0,0,0,0,0,0,0
-112.93881999434387,-112.83882989253392,-112.88882494343889,0,0,0,0,0,0,0
-112.83882989253392,-112.73883979072397,-112.78883484162895,0,0,0,0,0,0,0
-112.73883979072397,-112.63884968891402,-112.68884473981899,0,0,0,0,0,0,0
-112.63884968891402,-112.53885958710407,-112.58885463800905,0,0,0,0,0,0,0
-112.53885958710407,-112.43886948529411,-112.48886453619909,0,0,0,0,0,0,0
-112.43886948529411,-112.33887938348416,-112.38887443438912,0,0,0,0,0,0,0
-112.33887938348416,-112.2388892816742,-112.28888433257919,0,0,0,0,0,0,0
-112.2388892816742,-112.13889917986424,-112.18889423076922,0,0,0,0,0,0,0
-112.13889917986424,-112.03890907805429,-112.08890412895926,0,0,0,0,0,0,0
-112.03890907805429,-111.93891897624434,-111.98891402714932,0,0,0,0,0,0,0
-111.93891897624434,-111.83892887443437,-111.88892392533936,0,0,0,0,0,0,0
-111.83892887443437,-111.73893877262442,-111.78893382352939,0,0,0,0,0,0,0
-111.73893877262442,-111.63894867081447,-111.68894372171945,0,0,0,0,0,0,0
-111.63894867081447,-111.53895856900452,-111.58895361990949,0,0,0,0,0,0,0
-111.53895856900452,-111.43896846719457,-111.48896351809955,0,0,0,0,0,0,0
-111.43896846719457,-111.33897836538461,-111.38897341628959,0,0,0,0,0,0,0
-111.33897836538461,-111.23898826357465,-111.28898331447962,0,0,0,0,0,0,0
-111.23898826357465,-111.1389981617647,-111.18899321266969,0,0,0,0,0,0,0
-111.1389981617647,-111.03900805995474,-111.08900311085972,0,0,0,0,0,0,0
-111.03900805995474,-110.93901795814479,-110.98901300904976,0,0,0,0,0,0,0
-110.93901795814479,-110.83902785633484,-110.88902290723982,0,0,0,0,0,0,0
-110.83902785633484,-110.73903775452487,-110.78903280542985,0,0,0,0,0,0,0
-110.73903775452487,-110.63904765271492,-110.68904270361989,0,0,0,0,0,0,0
-110.63904765271492,-110.53905755090497,-110.58905260180995,0,0,0,0,0,0,0
-110.53905755090497,-110.43906744909501,-110.48906249999999,0,0,0,0,0,0,0
-110.43906744909501,-110.33907734728506,-110.38907239819002,0,0,0,0,0,0,0
-110.33907734728506,-110.2390872454751,-110.28908229638009,0,0,0,0,0,0,0
-110.2390872454751,-110.13909714366515,-110.18909219457012,0,0,0,0,0,0,0
-110.13909714366515,-110.0391070418552,-110.08910209276019,0,0,0,0,0,0,0
-110.0391070418552,-109.93911694004524,-109.98911199095022,0,0,0,0,0,0,0
-109.93911694004524,-109.83912683823529,-109.88912188914026,0,0,0,0,0,0,0
-109.83912683823529,-109.73913673642534,-109.78913178733032,0,0,0,0,0,0,0
-109.73913673642534,-109.63914663461537,-109.68914168552035,0,0,0,0,0,0,0
-109.63914663461537,-109.53915653280542,-109.58915158371039,0,0,0,0,0,0,0
-109.53915653280542,-109.43916643099547,-109.48916148190045,0,0,0,0,0,0,0
-109.43916643099547,-109.33917632918551,-109.38917138009049,0,0,0,0,0,0,0
-109.33917632918551,-109.23918622737555,-109.28918127828052,0,0,0,0,0,0,0
-109.23918622737555,-109.1391961255656,-109.18919117647059,0,0,0,0,0,0,0
-109.1391961255656,-109.03920602375564,-109.08920107466062,0,0,0,0,0,0,0
-109.03920602375564,-108.93921592194569,-108.98921097285066,0,0,0,0,0,0,0
-108.93921592194569,-108.83922582013574,-108.88922087104072,0,0,0,0,0,0,0
-108.83922582013574,-108.73923571832579,-108.78923076923076,0,0,0,0,0,0,0
-108.73923571832579,-108.63924561651584,-108.68924066742082,0,0,0,0,0,0,0
-108.63924561651584,-108.53925551470587,-108.58925056561085,0,0,0,0,0,0,0
-108.53925551470587,-108.43926541289592,-108.48926046380089,0,0,0,0,0,0,0
-108.43926541289592,-108.33927531108597,-108.38927036199095,0,0,0,0,0,0,0
-108.33927531108597,-108.23928520927601,-108.28928026018099,0,0,0,0,0,0,0
-108.23928520927601,-108.13929510746605,-108.18929015837102,0,0,0,0,0,0,0
-108.13929510746605,-108.0393050056561,-108.08930005656109,0,0,0,0,0,0,0
-108.0393050056561,-107.93931490384614,-107.98930995475112,0,0,0,0,0,0,0
-107.93931490384614,-107.83932480203619,-107.88931985294116,0,0,0,0,0,0,0
-107.83932480203619,-107.73933470022624,-107.78932975113122,0,0,0,0,0,0,0
-107.73933470022624,-107.63934459841627,-107.68933964932125,0,0,0,0,0,0,0
-107.63934459841627,-107.53935449660632,-107.58934954751129,0,0,0,0,0,0,0
-107.53935449660632,-107.43936439479637,-107.48935944570135,0,0,0,0,0,0,0
-107.43936439479637,-107.33937429298642,-107.38936934389139,0,0,0,0,0,0,0
-107.33937429298642,-107.23938419117647,-107.28937924208145,0,0,0,0,0,0,0
-107.23938419117647,-107.1393940893665,-107.18938914027149,0,0,0,0,0,0,0
-107.1393940893665,-107.03940398755655,-107.08939903846152,0,0,0,0,0,0,0
-107.03940398755655,-106.9394138857466,-106.98940893665159,0,0,0,0,0,0,0
-106.9394138857466,-106.83942378393664,-106.88941883484162,0,0,0,0,0,0,0
-106.83942378393664,-106.73943368212669,-106.78942873303166,0,0,0,0,0,0,0
-106.73943368212669,-106.63944358031674,-106.68943863122172,0,0,0,0,0,0,0
-106.63944358031674,-106.53945347850677,-106.58944852941175,0,0,0,0,0,0,0
-106.53945347850677,-106.43946337669682,-106.48945842760179,0,0,0,0,0,0,0
-106.43946337669682,-106.33947327488687,-106.38946832579185,0,0,0,0,0,0,0
-106.33947327488687,-106.23948317307691,-106.28947822398189,0,0,0,0,0,0,0
-106.23948317307691,-106.13949307126695,-106.18948812217192,0,0,0,0,0,0,0
-106.13949307126695,-106.039502969457,-106.08949802036199,0,0,0,0,0,0,0
-106.039502969457,-105.93951286764705,-105.98950791855202,0,0,0,0,0,0,0
-105.93951286764705,-105.8395227658371,-105.88951781674209,0,0,0,0,0,0,0
-105.8395227658371,-105.73953266402714,-105.78952771493212,0,0,0,0,0,0,0
-105.73953266402714,-105.63954256221719,-105.68953761312216,0,0,0,0,0,0,0
-105.63954256221719,-105.53955246040724,-105.58954751131222,0,0,0,0,0,0,0
-105.53955246040724,-105.43956235859727,-105.48955740950225,0,0,0,0,0,0,0
-105.43956235859727,-105.33957225678732,-105.38956730769229,0,0,0,0,0,0,0
-105.33957225678732,-105.23958215497737,-105.28957720588235,0,0,0,0,0,0,0
-105.23958215497737,-105.13959205316741,-105.18958710407239,0,0,0,0,0,0,0
-105.13959205316741,-105.03960195135745,-105.08959700226242,0,0,0,0,0,0,0
-105.03960195135745,-104.9396118495475,-104.98960690045249,0,0,0,0,0,0,0
-104.9396118495475,-104.83962174773754,-104.88961679864252,0,0,0,0,0,0,0
-104.83962174773754,-104.73963164592759,-104.78962669683256,0,0,0,0,0,0,0
-104.73963164592759,-104.63964154411764,-104.68963659502262,0,0,0,0,0,0,0
-104.63964154411764,-104.53965144230769,-104.58964649321265,0,0,0,0,0,0,0
-104.53965144230769,-104.43966134049774,-104.48965639140272,0,0,0,0,0,0,0
-104.43966134049774,-104.33967123868777,-104.38966628959275,0,0,0,0,0,0,0
-104.33967123868777,-104.23968113687782,-104.28967618778279,0,0,0,0,0,0,0
-104.23968113687782,-104.13969103506787,-104.18968608597285,0,0,0,0,0,0,0
-104.13969103506787,-104.0397009332579,-104.08969598416289,0,0,0,0,0,0,0
-104.0397009332579,-103.93971083144795,-103.98970588235292,0,0,0,0,0,0,0
-103.93971083144795,-103.839720729638,-103.88971578054299,0,0,0,0,0,0,0
-103.839720729638,-103.73973062782804,-103.78972567873302,0,0,0,0,0,0,0
-103.73973062782804,-103.63974052601809,-103.68973557692306,0,0,0,0,0,0,0
-103.63974052601809,-103.53975042420814,-103.58974547511312,0,0,0,0,0,0,0
-103.53975042420814,-103.43976032239817,-103.48975537330315,0,0,0,0,0,0,0
-103.43976032239817,-103.33977022058822,-103.38976527149319,0,0,0,0,0,0,0
-103.33977022058822,-103.23978011877827,-103.28977516968325,0,0,0,0,0,0,0
-103.23978011877827,-103.13979001696832,-103.18978506787329,0,0,0,0,0,0,0
-103.13979001696832,-103.03979991515837,-103.08979496606335,0,0,0,0,0,0,0
-103.03979991515837,-102.9398098133484,-102.98980486425339,0,0,0,0,0,0,0
-102.9398098133484,-102.83981971153845,-102.88981476244342,0,0,0,0,0,0,0
-102.83981971153845,-102.7398296097285,-102.78982466063349,0,0,0,0,0,0,0
-102.7398296097285,-102.63983950791854,-102.68983455882352,0,0,0,0,0,0,0
-102.63983950791854,-102.53984940610859,-102.58984445701356,0,0,0,0,0,0,0
-102.53984940610859,-102.43985930429864,-102.48985435520362,0,0,0,0,0,0,0
-102.43985930429864,-102.33986920248867,-102.38986425339365,0,0,0,0,0,0,0
-102.33986920248867,-102.23987910067872,-102.28987415158369,0,0,0,0,0,0,0
-102.23987910067872,-102.13988899886877,-102.18988404977375,0,0,0,0,0,0,0
-102.13988899886877,-102.03989889705882,-102.08989394796379,0,0,0,0,0,0,0
-102.03989889705882,-101.93990879524887,-101.98990384615385,0,0,0,0,0,0,0
-101.93990879524887,-101.8399186934389,-101.88991374434389,0,0,0,0,0,0,0
-101.8399186934389,-101.73992859162895,-101.78992364253392,0,0,0,0,0,0,0
-101.73992859162895,-101.639938489819,-101.68993354072398,0,0,0,0,0,0,0
-101.639938489819,-101.53994838800904,-101.58994343891402,0,0,0,0,0,0,0
-101.53994838800904,-101.43995828619909,-101.48995333710405,0,0,0,0,0,0,0
-101.43995828619909,-101.33996818438914,-101.38996323529412,0,0,0,0,0,0,0
-101.33996818438914,-101.23997808257917,-101.28997313348415,0,0,0,0,0,0,0
-101.23997808257917,-101.13998798076922,-101.18998303167419,0,0,0,0,0,0,0
-101.13998798076922,-101.03999787895927,-101.08999292986425,0,0,0,0,0,0,0
-101.03999787895927,-100.9400077771493,-100.99000282805429,0,0,0,0,0,0,0
-100.9400077771493,-100.84001767533935,-100.89001272624432,0,0,0,0,0,0,0
-100.84001767533935,-100.7400275735294,-100.79002262443439,0,0,0,0,0,0,0
-100.7400275735294,-100.64003747171945,-100.69003252262442,0,0,0,0,0,0,0
-100.64003747171945,-100.5400473699095,-100.59004242081448,0,0,0,0,0,0,0
-100.5400473699095,-100.44005726809954,-100.49005231900452,0,0,0,0,0,0,0
-100.44005726809954,-100.34006716628959,-100.39006221719455,0,0,0,0,0,0,0
-100.34006716628959,-100.24007706447964,-100.29007211538462,0,0,0,0,0,0,0
-100.24007706447964,-100.14008696266967,-100.19008201357465,0,0,0,0,0,0,0
-100.14008696266967,-100.04009686085972,-100.09009191176469,0,0,0,0,0,0,0
-100.04009686085972,-99.940106759049769,-99.990101809954751,0,0,0,0,0,0,0
-99.940106759049769,-99.840116657239804,-99.890111708144786,0,0,0,0,0,0,0
-99.840116657239804,-99.740126555429853,-99.790121606334822,0,0,0,0,0,0,0
-99.740126555429853,-99.640136453619903,-99.690131504524885,0,0,0,0,0,0,0
-99.640136453619903,-99.540146351809938,-99.59014140271492,0,0,0,0,0,0,0
-99.540146351809938,-99.440156249999987,-99.490151300904955,0,0,0,0,0,0,0
-99.440156249999987,-99.340166148190036,-99.390161199095019,2.0973858645054745e-21,2.0973858645054745e-21,0,0,0,1.0486929322527373e-20,0
-99.340166148190036,-99.240176046380085,-99.290171097285054,2.8885395383130816e-19,2.7456369016800604e-19,0,0,5.8082985498232212e-20,1.3861867836583085e-18,0
-99.240176046380085,-99.140185944570135,-99.190180995475117,2.6178469852415843e-17,2.4257991383255271e-17,2.5828989781427528e-21,3.9591752638896135e-20,7.6888971546942776e-18,1.2303018507351995e-16,1.3109238224791905e-19
-99.140185944570135,-99.04019584276017,-99.090190893665152,1.6172297275554304e-15,1.445882793802165e-15,1.2703527981392472e-18,6.0660811507353149e-18,6.835164180342005e-16,7.3770682305424445e-15,1.8227555251632123e-17
-99.04019584276017,-98.940205740950219,-98.990200791855187,6.8551880278891724e-14,5.8208628230386657e-14,1.604233649166006e-16,5.7945753202947198e-16,4.1070382714595554e-14,2.9928545533625712e-13,1.6636824466598785e-15
-98.940205740950219,-98.840215639140268,-98.890210690045251,2.0125586339159618e-12,1.5869067523438236e-12,1.3715712385133971e-14,3.8298753570775362e-14,1.6725477938222863e-12,8.2345369396266046e-12,1.0369397017501002e-13
-98.840215639140268,-98.740225537330303,-98.790220588235286,4.1538316984627447e-11,2.9454528780570021e-11,8.1740449624053551e-13,1.7772455087003186e-12,4.6344942427152173e-11,1.5429517337348613e-10,4.4568191175580708e-12
-98.740225537330303,-98.640235435520353,-98.690230486425321,6.1871862758556475e-10,3.7627375354423234e-10,3.4071372593476384e-11,5.8661041474953298e-11,8.8008373564814886e-10,1.9871316024962996e-09,1.3364538571494561e-10
-98.640235435520353,-98.540245333710402,-98.590240384615385,6.9770293258961187e-09,3.3727951972911559e-09,9.9923155750665739e-10,1.3979029685209848e-09,1.1622430350623466e-08,1.8021924730731128e-08,2.8436570220983554e-09
-98.540245333710402,-98.440255231900437,-98.49025028280542,6.4511079795857887e-08,2.17352852582697e-08,2.0833451005843366e-08,2.4483117811092855e-08,1.1018264415474852e-07,1.2308371292123296e-07,4.3972473086371731e-08
-98.440255231900437,-98.340265130090486,-98.390260180995455,5.3719156744407431e-07,1.0184683055870888e-07,3.1364249529907049e-07,3.2217352728910215e-07,8.0228271719964494e-07,7.3778981434706111e-07,5.1006928308549237e-07
-98.340265130090486,-98.240275028280536,-98.290270079185518,4.2127461668774011e-06,3.5053366895247565e-07,3.4837460591498817e-06,3.2732858605667853e-06,5.0451323671005474e-06,4.6539501182031892e-06,4.6076164293666009e-06
-98.240275028280536,-98.140284926470571,-98.190279977375553,3.0223905057507846e-05,1.1660635839448581e-06,2.9359771799406586e-05,2.6480168847060486e-05,3.0745498251097977e-05,3.0886660607145716e-05,3.3647425782828454e-05
-98.140284926470571,-98.04029482466062,-98.090289875565588,0.00018950431865995826,4.9560918427797477e-06,0.00019415839268792002,0.00017549145190312492,0.00018318681761760047,0.00018991103988632991,0.000204773891204816
-98.04029482466062,-97.940304722850669,-97.990299773755652,0.0010154741441982071,1.6255767975311002e-05,0.0010439487159141466,0.00097143763627649017,0.00099211966599535638,0.0010101098890180407,0.0010597548137870011
-97.940304722850669,-97.840314621040719,-97.890309671945687,0.0046322559849311488,3.4141539804142531e-05,0.0047032693910468151,0.004532162517099968,0.0046192946148383941,0.0045932785735961316,0.0047132748280744345
-97.840314621040719,-97.740324519230768,-97.79031957013575,0.018002179743989374,5.8211131795679481e-05,0.018067430769789544,0.017869030862896425,0.018154933556112657,0.017862668289710833,0.018056835241437409
-97.740324519230768,-97.640334417420803,-97.690329468325785,0.059523943785041909,0.00016491763446484358,0.05937752704771624,0.059538628744356899,0.060150986145741429,0.059219479139815269,0.059333097847579758
-97.640334417420803,-97.540344315610838,-97.590339366515821,0.16667684085173248,0.00042061412621824829,0.16596570355878945,0.16727090441082273,0.16802907596722105,0.16626943327400345,0.16584908704782575
-97.540344315610838,-97.440354213800873,-97.490349264705856,0.39251671030274815,0.00080279854667005999,0.3909030923176276,0.39432771091758773,0.39440519027337567,0.39226890663655367,0.39067865136859597
-97.440354213800873,-97.340364111990937,-97.390359162895905,0.7712739312519743,0.0012062783195087821,0.76864024807888676,0.77473693166549162,0.77297074357730267,0.77144328599619394,0.7685784469419964
-97.340364111990937,-97.240374010181,-97.290369061085968,1.2545002034779793,0.0013805696276774347,1.2511499655397713,1.2590049696837955,1.255308282042126,1.2549372676752013,1.2521005324490027
-97.240374010181,-97.140383908371035,-97.190378959276018,1.6761718837878015,0.001058028050612688,1.673061311380466,1.6796914846014668,1.6760325295550309,1.6764040854228905,1.6756700079791533
-97.140383908371035,-97.04039380656107,-97.090388857466053,1.8262692535092717,0.00056712088464512718,1.824843639332552,1.8267067370453445,1.8254490567316368,1.8261984793868262,1.8281483550499991
-97.04039380656107,-96.940403704751105,-96.990398755656088,1.6110683188567183,0.00099557673944692293,1.6122356567662237,1.6083063018821464,1.6096821452344845,1.6110641170464299,1.6140533733543074
-96.940403704751105,-96.840413602941169,-96.890408653846137,1.1426659279328559,0.0013242793813313266,1.1458383050181358,1.1385942685485173,1.1409947302930707,1.1428705787171849,1.1450317570873711
-96.840413602941169,-96.740423501131232,-96.790418552036201,0.64710601199454842,0.0011775120557255239,0.65066852586788937,0.64365196873231334,0.64572278923773363,0.64730579741338057,0.64818097872142533
-96.740423501131232,-96.640433399321267,-96.69042845022625,0.29063793316427333,0.0007834338273137861,0.29329765791955281,0.28849950203063179,0.28986964908384366,0.29069984439896351,0.29082301238837505
-96.640433399321267,-96.540443297511302,-96.590438348416285,0.10286076816063724,0.0004050982463653036,0.10431008991186279,0.10181533729979808,0.1025816294255744,0.10283668423134218,0.10276009993460877
-96.540443297511302,-96.440453195701338,-96.49044824660632,0.028512558594181357,0.00016254229257137398,0.029102151064527459,0.02810193178086581,0.028457818547111654,0.028477406897731542,0.028423484680670338
-96.440453195701338,-96.340463093891373,-96.390458144796355,0.0061551890290763656,4.9789920143380063e-05,0.0063327987579145754,0.0060271290658396046,0.0061603207163810911,0.00613542418986313,0.0061202724153834294
-96.340463093891373,-96.240472992081436,-96.290468042986404,0.0010292293538571302,1.1560255476707951e-05,0.0010679411274060549,0.00099799874115683225,0.0010376527538265496,0.0010221156312408713,0.0010204385156553431
-96.240472992081436,-96.1404828902715,-96.190477941176468,0.00013260844597281531,2.0849662045923841e-06,0.00013852639401645351,0.00012670668768111735,0.00013597697200940371,0.00013083331319924235,0.00013099886295785961
-96.1404828902715,-96.040492788461535,-96.090487839366517,1.3098272324142668e-05,3.0887068631125098e-07,1.3705472406144082e-05,1.2239162826031483e-05,1.3902125197736567e-05,1.2785147429954353e-05,1.2859453760846856e-05
-96.040492788461535,-95.94050268665157,-95.990497737556552,9.8703144666354271e-07,3.8231151987249489e-08,1.0251846382409016e-06,8.9148211344916683e-07,1.1142085947933972e-06,9.4776161126637008e-07,9.5652027556787782e-07
-95.94050268665157,-95.840512584841605,-95.890507635746587,5.6477896683422e-08,3.7155965096137123e-09,5.7479219647799583e-08,4.8465627773087536e-08,7.0201535424697068e-08,5.297044586593052e-08,5.3272654705595318e-08
-95.840512584841605,-95.740522483031668,-95.790517533936637,2.4417848047804502e-09,2.6462412733318967e-10,2.3960227897130891e-09,1.9440618000156984e-09,3.4603278723895163e-09,2.2188531931395644e-09,2.1896583686443809e-09
-95.740522483031668,-95.640532381221732,-95.6905274321267,7.9293442367412394e-11,1.3300745176949781e-11,7.3697346845422576e-11,5.6823857732810298e-11,1.3132549274853265e-10,6.9242899069771468e-11,6.5377615440524959e-11
-95.640532381221732,-95.540542279411767,-95.590537330316749,1.9190875999498351e-12,4.635521257683797e-13,1.6609269162681012e-12,1.1950788543562091e-12,3.7441404299076469e-12,1.5994590080047675e-12,1.3958327912124519e-12
-95.540542279411767,-95.440552177601802,-95.490547228506784,3.4263679230441705e-14,1.1096671131834895e-14,2.7247114063217192e-14,1.7865756855629607e-14,7.8059156783943927e-14,2.7144171699662091e-14,2.1002196749755689e-14
-95.440552177601802,-95.340562075791837,-95.39055712669682,4.4448726926625725e-16,1.8136027497593338e-16,3.2205430420023895e-16,1.8660202648809394e-16,1.1608584826009683e-15,3.3426574409671475e-16,2.1865578894527052e-16
-95.340562075791837,-95.240571973981872,-95.290567024886855,4.002312532798999e-18,2.0154795299280317e-18,2.5749513281600562e-18,1.219380289573529e-18,1.1966668714867427e-17,2.8265728066228136e-18,1.4239895247711709e-18
-95.240571973981872,-95.140581872171936,-95.190576923076904,2.0199539954049725e-20,1.4803581960027348e-20,9.2499666072217343e-21,8.0089341190374308e-22,7.8648415775116823e-20,1.2298423976006322e-20,0
-95.140581872171936,-95.040591770361999,-95.090586821266967,0,0,0,0,0,0,0
-95.040591770361999,-94.940601668552034,-94.990596719457017,0,0,0,0,0,0,0
-94.940601668552034,-94.840611566742069,-94.890606617647052,0,0,0,0,0,0,0
-94.840611566742069,-94.740621464932104,-94.790616515837087,0,0,0,0,0,0,0
-94.740621464932104,-94.640631363122139,-94.690626414027122,0,0,0,0,0,0,0
-94.640631363122139,-94.540641261312203,-94.590636312217171,0,0,0,0,0,0,0
-94.540641261312203,-94.440651159502266,-94.490646210407235,0,0,0,0,0,0,0
-94.440651159502266,-94.340661057692301,-94.390656108597284,0,0,0,0,0,0,0
-94.340661057692301,-94.240670955882337,-94.290666006787319,0,0,0,0,0,0,0
-94.240670955882337,-94.140680854072372,-94.190675904977354,0,0,0,0,0,0,0
-94.140680854072372,-94.040690752262435,-94.090685803167403,0,0,0,0,0,0,0
-94.040690752262435,-93.940700650452499,-93.990695701357467,0,0,0,0,0,0,0
-93.940700650452499,-93.840710548642534,-93.890705599547516,0,0,0,0,0,0,0
-93.840710548642534,-93.740720446832569,-93.790715497737551,0,0,0,0,0,0,0
-93.740720446832569,-93.640730345022604,-93.690725395927586,0,0,0,0,0,0,0
-93.640730345022604,-93.540740243212639,-93.590735294117621,0,0,0,0,0,0,0
-93.540740243212639,-93.440750141402702,-93.490745192307671,0,0,0,0,0,0,0
-93.440750141402702,-93.340760039592766,-93.390755090497734,0,0,0,0,0,0,0
-93.340760039592766,-93.240769937782801,-93.290764988687783,0,0,0,0,0,0,0
-93.240769937782801,-93.140779835972836,-93.190774886877819,0,0,0,0,0,0,0
-93.140779835972836,-93.040789734162871,-93.090784785067854,0,0,0,0,0,0,0
-93.040789734162871,-92.940799632352935,-92.990794683257903,0,0,0,0,0,0,0
-92.940799632352935,-92.840809530542998,-92.890804581447966,0,0,0,0,0,0,0
-92.840809530542998,-92.740819428733033,-92.790814479638016,0,0,0,0,0,0,0
-92.740819428733033,-92.640829326923068,-92.690824377828051,0,0,0,0,0,0,0
-92.640829326923068,-92.540839225113103,-92.590834276018086,0,0,0,0,0,0,0
-92.540839225113103,-92.440849123303138,-92.490844174208121,0,0,0,0,0,0,0
-92.440849123303138,-92.340859021493202,-92.39085407239817,0,0,0,0,0,0,0
-92.340859021493202,-92.240868919683265,-92.290863970588234,0,0,0,0,0,0,0
-92.240868919683265,-92.1408788178733,-92.190873868778283,0,0,0,0,0,0,0
-92.1408788178733,-92.040888716063336,-92.090883766968318,0,0,0,0,0,0,0
-92.040888716063336,-91.940898614253371,-91.990893665158353,0,0,0,0,0,0,0
-91.940898614253371,-91.840908512443434,-91.890903563348402,0,0,0,0,0,0,0
-91.840908512443434,-91.740918410633498,-91.790913461538466,0,0,0,0,0,0,0
-91.740918410633498,-91.640928308823533,-91.690923359728515,0,0,0,0,0,0,0
-91.640928308823533,-91.540938207013568,-91.59093325791855,0,0,0,0,0,0,0
-91.540938207013568,-91.440948105203603,-91.490943156108585,0,0,0,0,0,0,0
-91.440948105203603,-91.340958003393638,-91.39095305429862,0,0,0,0,0,0,0
-91.340958003393638,-91.240967901583701,-91.29096295248867,0,0,0,0,0,0,0
-91.240967901583701,-91.140977799773765,-91.190972850678733,0,0,0,0,0,0,0
-91.140977799773765,-91.0409876979638,-91.090982748868782,0,0,0,0,0,0,0
-91.0409876979638,-90.940997596153835,-90.990992647058818,0,0,0,0,0,0,0
-90.940997596153835,-90.84100749434387,-90.891002545248853,0,0,0,0,0,0,0
-90.84100749434387,-90.741017392533905,-90.791012443438888,0,0,0,0,0,0,0
-90.741017392533905,-90.641027290723969,-90.691022341628937,0,0,0,0,0,0,0
-90.641027290723969,-90.541037188914032,-90.591032239819,0,0,0,0,0,0,0
-90.541037188914032,-90.441047087104067,-90.49104213800905,0,0,0,0,0,0,0
-90.441047087104067,-90.341056985294102,-90.391052036199085,0,0,0,0,0,0,0
-90.341056985294102,-90.241066883484137,-90.29106193438912,0,0,0,0,0,0,0
-90.241066883484137,-90.141076781674201,-90.191071832579169,0,0,0,0,0,0,0
-90.141076781674201,-90.041086679864264,-90.091081730769233,0,0,0,0,0,0,0
-90.041086679864264,-89.941096578054299,-89.991091628959282,0,0,0,0,0,0,0
-89.941096578054299,-89.841106476244335,-89.891101527149317,0,0,0,0,0,0,0
-89.841106476244335,-89.74111637443437,-89.791111425339352,0,0,0,0,0,0,0
-89.74111637443437,-89.641126272624405,-89.691121323529387,0,0,0,0,0,0,0
-89.641126272624405,-89.541136170814468,-89.591131221719436,0,0,0,0,0,0,0
-89.541136170814468,-89.441146069004532,-89.4911411199095,0,0,0,0,0,0,0
-89.441146069004532,-89.341155967194567,-89.391151018099549,0,0,0,0,0,0,0
-89.341155967194567,-89.241165865384602,-89.291160916289584,0,0,0,0,0,0,0
-89.241165865384602,-89.141175763574637,-89.191170814479619,0,0,0,0,0,0,0
-89.141175763574637,-89.0411856617647,-89.091180712669669,0,0,0,0,0,0,0
-89.0411856617647,-88.941195559954764,-88.991190610859732,0,0,0,0,0,0,0
-88.941195559954764,-88.841205458144799,-88.891200509049781,0,0,0,0,0,0,0
-88.841205458144799,-88.741215356334834,-88.791210407239817,0,0,0,0,0,0,0
-88.741215356334834,-88.641225254524869,-88.691220305429852,4.9345417349503704e-20,1.0121034888383278e-20,1.0263848653166543e-20,5.4483005018012827e-20,6.3106436194116917e-20,6.6574878005839257e-20,5.2298918876382958e-20
-88.641225254524869,-88.541235152714904,-88.591230203619887,7.8507559374680189e-18,1.3342396481362154e-18,2.7616706608012727e-18,8.1275617617851933e-18,9.758905621949509e-18,1.0243692301179004e-17,8.3619493416251137e-18
-88.541235152714904,-88.441245050904968,-88.491240101809936,7.731287880547349e-16,1.1853421652928834e-16,3.2405576318647081e-16,7.8110402882603217e-16,9.4481048794157709e-16,9.9002534621574498e-16,8.2564831410384881e-16
-88.441245050904968,-88.341254949095031,-88.391249999999999,5.2916771661083372e-14,7.1321601603810067e-15,2.6234192706201654e-14,5.1926162239085063e-14,6.343190642195584e-14,6.6325155743708086e-14,5.6666441194466276e-14
-88.341254949095031,-88.241264847285066,-88.291259898190049,2.5827502738394057e-12,2.9222899592844238e-13,1.5135291412267445e-12,2.4565597704304779e-12,3.0191491262237402e-12,3.1497449138578338e-12,2.7747684174582319e-12
-88.241264847285066,-88.141274745475101,-88.191269796380084,9.1690996619238188e-11,8.2321282404264275e-12,6.2740821496167136e-11,8.4852700013413733e-11,1.0387248126119671e-10,1.0815551362687945e-10,9.8833466698533897e-11
-88.141274745475101,-88.041284643665136,-88.091279694570119,2.4183982608201222e-09,1.6214635140970051e-10,1.8864491846845206e-09,2.2027386189359519e-09,2.6418932308798174e-09,2.7477317010326524e-09,2.6131785685676688e-09
-88.041284643665136,-87.941294541855171,-87.991289592760154,4.8417887209097975e-08,2.2948570506495386e-09,4.1718090883073093e-08,4.4152711237692641e-08,5.0925778843915347e-08,5.2960874405622466e-08,5.2331980675186342e-08
-87.941294541855171,-87.841304440045235,-87.891299490950203,7.5011914897336889e-07,2.4320384660206942e-08,6.9101716333503915e-07,6.9572316678603518e-07,7.6248054081285743e-07,7.9325281839596412e-07,8.0812205553694912e-07
-87.841304440045235,-87.741314338235298,-87.791309389140267,9.1270798336036213e-06,2.0434979393364658e-07,8.7465426968121334e-06,8.674028314476242e-06,9.0476391478114603e-06,9.4075398791554802e-06,9.7596491297627908e-06
-87.741314338235298,-87.641324236425334,-87.691319287330316,8.8033313567759583e-05,1.426068959130799e-06,8.6129173895846685e-05,8.554000699669299e-05,8.6123575222922546e-05,8.9277228046129959e-05,9.3096583677205775e-05
-87.641324236425334,-87.541334134615369,-87.591329185520351,0.00067601949639073562,8.0920109624507396e-06,0.00066809841217442057,0.00066659884397191266,0.00065984725473866015,0.00067983458090636786,0.0007057183901623172
-87.541334134615369,-87.441344032805404,-87.491339083710386,0.0041370202210301837,3.4845048999901876e-05,0.0041081313284580838,0.0041088793909676282,0.0040577044737209189,0.0041457327045432155,0.004264653207461072
-87.441344032805404,-87.341353930995467,-87.391348981900435,0.020159315056884626,0.00010801286201571424,0.020062869840298283,0.02007162441226043,0.019924893902678834,0.020176505078286042,0.020560682050899535
-87.341353930995467,-87.241363829185531,-87.291358880090499,0.07808945474362973,0.00023816820592674452,0.077794046048670309,0.077789961735123134,0.077742333144809855,0.078117001530497457,0.07900393125904788
-87.241363829185531,-87.141373727375566,-87.191368778280548,0.23991735630458741,0.00041658044721498672,0.23915733666784667,0.23905157421351811,0.24009144389024931,0.23991536262178034,0.24137106412954268
-87.141373727375566,-87.041383625565601,-87.091378676470583,0.58302960291289219,0.00075541379303163258,0.58159139081446465,0.58124462776483421,0.58505750699092796,0.58281125927093458,0.58444322972329987
-87.041383625565601,-86.941393523755636,-86.991388574660618,1.1171498834016242,0.0012406019602937018,1.1154033444865097,1.1147409991392434,1.1217565871267001,1.1163741537581879,1.1174743324974807
-86.941393523755636,-86.841403421945671,-86.891398472850653,1.6820833424287547,0.0013639222159006019,1.6810563622583505,1.6802944225818386,1.6875159431295466,1.6806912003100785,1.6808587838639593
-86.841403421945671,-86.741413320135734,-86.791408371040703,1.9832001432445359,0.00078937875633034729,1.9835482958430539,1.9832397755808329,1.9859103763058039,1.9819636838158148,1.9813385846771752
-86.741413320135734,-86.641423218325798,-86.691418269230766,1.8243298187844417,0.00068529249675953639,1.8256269062430066,1.8260707255821476,1.8225394282081091,1.8242957490370006,1.8231162848519444
-86.641423218325798,-86.541433116515833,-86.591428167420815,1.3045478420011647,0.0011962913052438111,1.3059986645024093,1.3067647424362383,1.3000611524832903,1.3057113108058072,1.3042033397780777
-86.541433116515833,-86.441443014705868,-86.491438065610851,0.72243991429994292,0.0010801982549768069,0.72360237950608397,0.72412697468088616,0.71827576682479199,0.72378090198321932,0.72241354850473305
-86.441443014705868,-86.341452912895903,-86.391447963800886,0.30864693725424458,0.00063006411045095812,0.30937356745671629,0.30959161327007351,0.30621670014587599,0.30942962161543902,0.30862318378311815
-86.341452912895903,-86.241462811085967,-86.291457861990935,0.10133541101398258,0.00026048613624435069,0.10165912868221895,0.10176015379401393,0.10033462810423847,0.10160024675729325,0.10132289773214831
-86.241462811085967,-86.14147270927603,-86.191467760180998,0.025470420066117126,8.0798198388458989e-05,0.025558794745152449,0.025628811861895234,0.025161933384841285,0.025518603678296309,0.025483956660400365
-86.14147270927603,-86.041482607466065,-86.091477658371048,0.0048827385792757621,2.0310213863519268e-05,0.0048920285465119092,0.0049316535648676598,0.0048082219493327423,0.0048843616965887392,0.0048974271390777617
-86.041482607466065,-85.9414925056561,-85.991487556561083,0.00071131520194454281,4.5232842705151742e-06,0.0007089273620399522,0.00072358395900581126,0.00069671290046165657,0.000709894036824219,0.00071745775139107502
-85.9414925056561,-85.841502403846135,-85.891497454751118,7.846327430393014e-05,8.6321875627576408e-07,7.7324588730064421e-05,8.0880275229743955e-05,7.6122532701510467e-05,7.8066859245552687e-05,7.9922115612779114e-05
-85.841502403846135,-85.74151230203617,-85.791507352941153,6.5292882573655434e-06,1.260982064092179e-07,6.308937603843522e-06,6.8880329589938207e-06,6.2302001297782683e-06,6.4710748769192193e-06,6.7481957172928842e-06
-85.74151230203617,-85.641522200226234,-85.691517251131202,4.0821067234148899e-07,1.3228621214191268e-08,3.8260424385482272e-07,4.4681795683146456e-07,3.7908553161326485e-07,4.0257159782998864e-07,4.2997403157790399e-07
-85.641522200226234,-85.541532098416297,-85.591527149321266,1.9080603803089023e-08,9.7382721430882095e-10,1.7134535463813667e-08,2.2009717613571849e-08,1.7008638552918998e-08,1.8699324520271126e-08,2.0550802864869482e-08
-85.541532098416297,-85.441541996606333,-85.491537047511315,6.6265942114559848e-10,4.9768590303907049e-11,5.6300826120223682e-10,8.1655360252015344e-10,5.5819625182701257e-10,6.444630665436287e-10,7.3107592363496129e-10
-85.441541996606333,-85.341551894796368,-85.39154694570135,1.6964441397442426e-11,1.75232089486724e-12,1.3489348140260377e-11,2.2504114239252079e-11,1.3302883133252811e-11,1.6354715082959522e-11,1.9171146391487335e-11
-85.341551894796368,-85.241561792986403,-85.291556843891385,3.170128705732e-13,4.2244423116041455e-14,2.3427738579266235e-13,4.5277139355691416e-13,2.2882545850762075e-13,3.0280667564749607e-13,3.6638343936130654e-13
-85.241561792986403,-85.141571691176438,-85.19156674208142,4.2689915777229921e-15,6.9392311810367549e-16,2.9256277217381889e-15,6.5252512378208394e-15,2.8200853626142125e-15,4.0408773556156823e-15,5.0331162108260398e-15
-85.141571691176438,-85.041581589366501,-85.09157664027147,3.9999381514284221e-17,7.7378564858731066e-18,2.5134268653743978e-17,6.5353312281569875e-17,2.3848212160029971e-17,3.7501219064160813e-17,4.8159895411916457e-17
-85.041581589366501,-84.941591487556565,-84.991586538461533,2.1273292151936629e-19,5.7313038364049748e-20,1.0545361927461053e-19,4.0389422628078134e-19,9.2749781772670432e-20,1.947515992316966e-19,2.6681538103707244e-19
-84.941591487556565,-84.8416013857466,-84.891596436651582,0,0,0,0,0,0,0
-84.8416013857466,-84.741611283936635,-84.791606334841617,0,0,0,0,0,0,0
-84.741611283936635,-84.64162118212667,-84.691616233031652,0,0,0,0,0,0,0
-84.64162118212667,-84.541631080316733,-84.591626131221702,0,0,0,0,0,0,0
-84.541631080316733,-84.441640978506797,-84.491636029411765,0,0,0,0,0,0,0
-84.441640978506797,-84.341650876696832,-84.391645927601814,0,0,0,0,0,0,0
-84.341650876696832,-84.241660774886867,-84.29165582579185,0,0,0,0,0,0,0
-84.241660774886867,-84.141670673076902,-84.191665723981885,0,0,0,0,0,0,0
-84.141670673076902,-84.041680571266937,-84.09167562217192,0,0,0,0,0,0,0
-84.041680571266937,-83.941690469457001,-83.991685520361969,0,0,0,0,0,0,0
-83.941690469457001,-83.841700367647064,-83.891695418552032,0,0,0,0,0,0,0
-83.841700367647064,-83.741710265837099,-83.791705316742082,0,0,0,0,0,0,0
-83.741710265837099,-83.641720164027134,-83.691715214932117,0,0,0,0,0,0,0
-83.641720164027134,-83.541730062217169,-83.591725113122152,0,0,0,0,0,0,0
-83.541730062217169,-83.441739960407233,-83.491735011312201,0,0,0,0,0,0,0
-83.441739960407233,-83.341749858597296,-83.391744909502265,0,0,0,0,0,0,0
-83.341749858597296,-83.241759756787332,-83.291754807692314,0,0,0,0,0,0,0
-83.241759756787332,-83.141769654977367,-83.191764705882349,0,0,0,0,0,0,0
-83.141769654977367,-83.041779553167402,-83.091774604072384,0,0,0,0,0,0,0
-83.041779553167402,-82.941789451357437,-82.991784502262419,0,0,0,0,0,0,0
-82.941789451357437,-82.8417993495475,-82.891794400452468,0,0,0,0,0,0,0
-82.8417993495475,-82.741809247737564,-82.791804298642532,0,0,0,0,0,0,0
-82.741809247737564,-82.641819145927599,-82.691814196832581,0,0,0,0,0,0,0
-82.641819145927599,-82.541829044117634,-82.591824095022616,0,0,0,0,0,0,0
-82.541829044117634,-82.441838942307669,-82.491833993212651,0,0,0,0,0,0,0
-82.441838942307669,-82.341848840497732,-82.391843891402701,0,0,0,0,0,0,0
-82.341848840497732,-82.241858738687796,-82.291853789592764,0,0,0,0,0,0,0
-82.241858738687796,-82.141868636877831,-82.191863687782813,0,0,0,0,0,0,0
-82.141868636877831,-82.041878535067866,-82.091873585972849,0,0,0,0,0,0,0
-82.041878535067866,-81.941888433257901,-81.991883484162884,0,0,0,0,0,0,0
-81.941888433257901,-81.841898331447936,-81.891893382352919,0,0,0,0,0,0,0
-81.841898331447936,-81.741908229638,-81.791903280542968,0,0,0,0,0,0,0
-81.741908229638,-81.641918127828063,-81.691913178733031,0,0,0,0,0,0,0
-81.641918127828063,-81.541928026018098,-81.591923076923081,0,0,0,0,0,0,0
-81.541928026018098,-81.441937924208133,-81.491932975113116,0,0,0,0,0,0,0
-81.441937924208133,-81.341947822398168,-81.391942873303151,0,0,0,0,0,0,0
-81.341947822398168,-81.241957720588204,-81.291952771493186,0,0,0,0,0,0,0
-81.241957720588204,-81.141967618778267,-81.191962669683235,0,0,0,0,0,0,0
-81.141967618778267,-81.041977516968331,-81.091972567873299,0,0,0,0,0,0,0
-81.041977516968331,-80.941987415158366,-80.991982466063348,0,0,0,0,0,0,0
-80.941987415158366,-80.841997313348401,-80.891992364253383,0,0,0,0,0,0,0
-80.841997313348401,-80.742007211538436,-80.792002262443418,0,0,0,0,0,0,0
-80.742007211538436,-80.642017109728499,-80.692012160633467,0,0,0,0,0,0,0
-80.642017109728499,-80.542027007918563,-80.592022058823531,0,0,0,0,0,0,0
-80.542027007918563,-80.442036906108598,-80.49203195701358,0,0,0,0,0,0,0
-80.442036906108598,-80.342046804298633,-80.392041855203615,0,0,0,0,0,0,0
-80.342046804298633,-80.242056702488668,-80.29205175339365,0,0,0,0,0,0,0
-80.242056702488668,-80.142066600678703,-80.192061651583685,0,0,0,0,0,0,0
-80.142066600678703,-80.042076498868767,-80.092071549773735,0,0,0,0,0,0,0
-80.042076498868767,-79.94208639705883,-79.992081447963798,0,0,0,0,0,0,0
-79.94208639705883,-79.842096295248865,-79.892091346153848,0,0,0,0,0,0,0
-79.842096295248865,-79.7421061934389,-79.792101244343883,0,0,0,0,0,0,0
-79.7421061934389,-79.642116091628935,-79.692111142533918,0,0,0,0,0,0,0
-79.642116091628935,-79.542125989818999,-79.592121040723967,0,0,0,0,0,0,0
-79.542125989818999,-79.442135888009062,-79.49213093891403,0,0,0,0,0,0,0
-79.442135888009062,-79.342145786199097,-79.39214083710408,0,0,0,0,0,0,0
-79.342145786199097,-79.242155684389132,-79.292150735294115,0,0,0,0,0,0,0
-79.242155684389132,-79.142165582579167,-79.19216063348415,0,0,0,0,0,0,0
-79.142165582579167,-79.042175480769203,-79.092170531674185,0,0,0,0,0,0,0
-79.042175480769203,-78.942185378959266,-78.992180429864234,0,0,0,0,0,0,0
-78.942185378959266,-78.84219527714933,-78.892190328054298,0,0,0,0,0,0,0
-78.84219527714933,-78.742205175339365,-78.792200226244347,0,0,0,0,0,0,0
-78.742205175339365,-78.6422150735294,-78.692210124434382,0,0,0,0,0,0,0
-78.6422150735294,-78.542224971719435,-78.592220022624417,0,0,0,0,0,0,0
-78.542224971719435,-78.44223486990947,-78.492229920814452,0,0,0,0,0,0,0
-78.44223486990947,-78.342244768099533,-78.392239819004502,1.0630390949267119e-20,4.6534364767862415e-21,2.1253019051860649e-20,2.0288454566629504e-20,0,0,1.161048112784544e-20
-78.342244768099533,-78.242254666289597,-78.292249717194565,1.9880131966508537e-18,6.6540468282388568e-19,3.4642172214904217e-18,3.4813090786529647e-18,4.2119865371534239e-19,5.76921968623313e-19,1.996419060772226e-18
-78.242254666289597,-78.142264564479632,-78.192259615384614,2.1543509606280669e-16,6.0982580429203723e-17,3.492752445060822e-16,3.5628450251843565e-16,6.9937078721755345e-17,9.1211892560394475e-17,2.104667620073657e-16
-78.142264564479632,-78.042274462669667,-78.092269513574649,1.6303250911862375e-14,3.8364950051311253e-15,2.4577433971023778e-14,2.549316761535415e-14,7.0086255023695911e-15,8.9248085975968648e-15,1.5512218872967494e-14
-78.042274462669667,-77.942284360859702,-77.992279411764684,8.9858529258399423e-13,1.6614072713612679e-13,1.2484016620723823e-12,1.3135967137896623e-12,4.8873042359156145e-13,6.0606633422544284e-13,8.3613132924092254e-13
-77.942284360859702,-77.842294259049766,-77.892289309954734,3.6842977759599115e-11,4.9742463922326873e-12,4.6986018082756105e-11,4.9822154027560907e-11,2.4329443408469528e-11,2.9229778866878399e-11,3.3847494412330626e-11
-77.842294259049766,-77.742304157239829,-77.792299208144797,1.1426764306133429e-09,1.0319427043421241e-10,1.3444423192838036e-09,1.4224909747192183e-09,8.7830966905518119e-10,1.0183402913636086e-09,1.0497988986449037e-09
-77.742304157239829,-77.642314055429864,-77.692309106334847,2.7175188067919562e-08,1.4809441918971173e-09,2.9909493856251036e-08,3.1278875276508891e-08,2.3342389293837029e-08,2.6085685702977887e-08,2.5259496210022948e-08
-77.642314055429864,-77.542323953619899,-77.592319004524882,5.0030896314792965e-07,1.4626727579923397e-08,5.2489627950591372e-07,5.4004978686656371e-07,4.6311355765923601e-07,4.9984532774172638e-07,4.7363986396620866e-07
-77.542323953619899,-77.442333851809934,-77.492328902714917,7.1662775499126264e-06,9.9560709286865208e-08,7.3005027783645168e-06,7.4020718895592033e-06,6.9417984844919595e-06,7.2719021476301875e-06,6.9151124495172617e-06
-77.442333851809934,-77.342343749999969,-77.392338800904952,7.9950355426414312e-05,4.942536537158793e-07,8.0222763248506801e-05,8.0579386371623459e-05,7.9352820892001749e-05,8.1214846235304661e-05,7.8381960384634903e-05
-77.342343749999969,-77.242353648190033,-77.292348699095001,0.0006937925603551073,2.2464693280010242e-06,0.0006918882334823194,0.00069194447791389899,0.00069626594614738099,0.00070102582034527953,0.0006878383238866577
-77.242353648190033,-77.142363546380096,-77.192358597285065,0.0046721128830957571,1.1559877086150821e-05,0.0046525517047618647,0.0046464181956014832,0.0047069343574019677,0.00469079828522627,0.0046638618724872015
-77.142363546380096,-77.042373444570131,-77.092368495475114,0.024359413491074716,5.6668920289045125e-05,0.024269509924250504,0.024232097351541197,0.024553475630604681,0.02433931397457012,0.024402670574407075
-77.042373444570131,-76.942383342760166,-76.992378393665149,0.098138277559143103,0.00021456487435270429,0.097872011226449271,0.097735374914972292,0.098834892312577027,0.097806840447470331,0.098442268894246565
-76.942383342760166,-76.842393240950202,-76.892388291855184,0.30500460914431093,0.00057206361396846801,0.30443279278987251,0.3041125722230224,0.30674660300535656,0.30378174734682545,0.30594933035647781
-76.842393240950202,-76.742403139140265,-76.792398190045233,0.73012185625770631,0.0010319534000356955,0.72915174658894788,0.72876956693371264,0.73314907696169795,0.72763446235780893,0.73190442844636416
-76.742403139140265,-76.642413037330329,-76.692408088235297,1.343999542968314,0.0011886467795508609,1.3426658481030451,1.3427736519388815,1.3474454440996506,1.3410355659827318,1.3460772047172609
-76.642413037330329,-76.542422935520364,-76.592417986425346,1.8990384776830767,0.00069773610069530183,1.8977371595370469,1.8987749639184344,1.9010623185401343,1.8974355525747899,1.9001823938449764
-76.542422935520364,-76.442432833710399,-76.492427884615381,2.0555132465870063,0.00036350650650203469,2.0550616922188527,2.0563928952333548,2.0548804033640327,2.056404165575231,2.0548270765435608
-76.442432833710399,-76.342442731900434,-76.392437782805416,1.7005502641618446,0.0010261506496546807,1.7014519807183168,1.7018845401353395,1.6978085415571684,1.7031292196637819,1.698477038734616
-76.342442731900434,-76.242452630090469,-76.292447680995451,1.0727423397923512,0.0011222928447661401,1.0744313328507411,1.0738045716080806,1.0695075570096355,1.0752894448439501,1.0706787926493486
-76.242452630090469,-76.142462528280532,-76.192457579185501,0.5146655395417874,0.00078070934789509607,0.51609232772892266,0.51526317666274135,0.51220795796163443,0.51623558131925984,0.51352865403637848
-76.142462528280532,-76.042472426470596,-76.092467477375564,0.18728435422252726,0.00038684634942215141,0.1880013776304903,0.18755544015009437,0.18593748828802892,0.1879770505615197,0.18695041448250305
-76.042472426470596,-75.942482324660631,-75.992477375565613,0.051543568694993679,0.00014409009981441765,0.051767621320735389,0.051647263254517968,0.050998255303105922,0.051781295146349084,0.051523408450260016
-75.942482324660631,-75.842492222850666,-75.892487273755648,0.010695092987058598,4.1556202885290646e-05,0.010737612335841062,0.010727537229098749,0.010531443504906516,0.010761391449493932,0.010717480415952732
-75.842492222850666,-75.742502121040701,-75.792497171945683,0.0016672613743915186,9.2654921998101453e-06,0.0016716870274384244,0.0016751626038592768,0.0016308075764593247,0.0016820668819391409,0.0016765827822614258
-75.742502121040701,-75.642512019230736,-75.692507070135719,0.00019448289927550774,1.557562333766046e-06,0.00019465688593258736,0.00019593060330400298,0.00018844539641823261,0.00019700124927005819,0.0001963803614526575
-75.642512019230736,-75.5425219174208,-75.592516968325768,1.6897459558353412e-05,1.9268809539904478e-07,1.6896768705325677e-05,1.70931767797303e-05,1.6154857642479684e-05,1.7209268632501667e-05,1.7133226031729734e-05
-75.5425219174208,-75.442531815610863,-75.492526866515831,1.0879484111222592e-06,1.7347846144724769e-08,1.089944146743203e-06,1.1072073916271576e-06,1.0205477156703436e-06,1.1152924998874571e-06,1.1067503016831356e-06
-75.442531815610863,-75.342541713800898,-75.392536764705881,5.1631375154388634e-08,1.1342781803121096e-09,5.2096782811219722e-08,5.2994746931896534e-08,4.7166873754820021e-08,5.3303541817280963e-08,5.2594930456725968e-08
-75.342541713800898,-75.242551611990933,-75.292546662895916,1.7966896200121584e-09,5.3792965767434929e-11,1.8402655557184e-09,1.8654296322540556e-09,1.5836687829263184e-09,1.8670545292539011e-09,1.8270295999081173e-09
-75.242551611990933,-75.142561510180968,-75.192556561085951,4.562841531926381e-11,1.8420007726179449e-12,4.7931553205277168e-11,4.8078173228824765e-11,3.8394469113269826e-11,4.7625840685762762e-11,4.6112040363184554e-11
-75.142561510180968,-75.042571408371032,-75.092566459276,8.4207281582740103e-13,4.5276273240470716e-14,9.1862254706024235e-13,9.0349849598942962e-13,6.6883819673420772e-13,8.7885971227764148e-13,8.4054512707548401e-13
-75.042571408371032,-74.942581306561095,-74.992576357466064,1.1233680460022452e-14,7.9610301156896744e-16,1.291338992817671e-14,1.2315419229178383e-14,8.3247510626397124e-15,1.163243784980544e-14,1.0982404230312017e-14
-74.942581306561095,-74.84259120475113,-74.892586255656113,1.0537714752283375e-16,9.9986025727269292e-18,1.3027885339365334e-16,1.1875364352926451e-16,7.1255501337956026e-17,1.0700631161699423e-16,9.9591427736300606e-17
-74.84259120475113,-74.742601102941165,-74.792596153846148,5.5075018196683441e-19,8.9879166678817004e-20,8.1146169967226706e-19,6.6484587419616909e-19,2.7951252239796817e-19,5.2763399375740378e-19,4.7029681981036383e-19
-74.742601102941165,-74.642611001131201,-74.692606052036183,5.9085792921829278e-22,3.9758198825504421e-22,1.9982400896696553e-21,9.5604955642180842e-22,0,0,0
-74.642611001131201,-74.542620899321236,-74.592615950226218,0,0,0,0,0,0,0
-74.542620899321236,-74.442630797511299,-74.492625848416267,0,0,0,0,0,0,0
-74.442630797511299,-74.342640695701363,-74.392635746606331,0,0,0,0,0,0,0
-74.342640695701363,-74.242650593891398,-74.29264564479638,0,0,0,0,0,0,0
-74.242650593891398,-74.142660492081433,-74.192655542986415,0,0,0,0,0,0,0
-74.142660492081433,-74.042670390271468,-74.09266544117645,0,0,0,0,0,0,0
-74.042670390271468,-73.942680288461531,-73.9926753393665,0,0,0,0,0,0,0
-73.942680288461531,-73.842690186651595,-73.892685237556563,0,0,0,0,0,0,0
-73.842690186651595,-73.74270008484163,-73.792695135746612,0,0,0,0,0,0,0
-73.74270008484163,-73.642709983031665,-73.692705033936647,0,0,0,0,0,0,0
-73.642709983031665,-73.5427198812217,-73.592714932126682,0,0,0,0,0,0,0
-73.5427198812217,-73.442729779411735,-73.492724830316718,0,0,0,0,0,0,0
-73.442729779411735,-73.342739677601799,-73.392734728506767,0,0,0,0,0,0,0
-73.342739677601799,-73.242749575791862,-73.29274462669683,0,0,0,0,0,0,0
-73.242749575791862,-73.142759473981897,-73.19275452488688,0,0,0,0,0,0,0
-73.142759473981897,-73.042769372171932,-73.092764423076915,0,0,0,0,0,0,0
-73.042769372171932,-72.942779270361967,-72.99277432126695,0,0,0,0,0,0,0
-72.942779270361967,-72.842789168552031,-72.892784219456999,0,0,0,0,0,0,0
-72.842789168552031,-72.742799066742094,-72.792794117647063,0,0,0,0,0,0,0
-72.742799066742094,-72.642808964932129,-72.692804015837112,0,0,0,0,0,0,0
-72.642808964932129,-72.542818863122164,-72.592813914027147,0,0,0,0,0,0,0
-72.542818863122164,-72.4428287613122,-72.492823812217182,0,0,0,0,0,0,0
-72.4428287613122,-72.342838659502235,-72.392833710407217,0,0,0,0,0,0,0
-72.342838659502235,-72.242848557692298,-72.292843608597266,0,0,0,0,0,0,0
-72.242848557692298,-72.142858455882362,-72.19285350678733,0,0,0,0,0,0,0
-72.142858455882362,-72.042868354072397,-72.092863404977379,0,0,0,0,0,0,0
-72.042868354072397,-71.942878252262432,-71.992873303167414,0,0,0,0,0,0,0
-71.942878252262432,-71.842888150452467,-71.892883201357449,0,0,0,0,0,0,0
-71.842888150452467,-71.742898048642502,-71.792893099547484,0,0,0,0,0,0,0
-71.742898048642502,-71.642907946832565,-71.692902997737534,0,0,0,0,0,0,0
-71.642907946832565,-71.542917845022629,-71.592912895927597,0,0,0,0,0,0,0
-71.542917845022629,-71.442927743212664,-71.492922794117646,0,0,0,0,0,0,0
-71.442927743212664,-71.342937641402699,-71.392932692307681,0,0,0,0,0,0,0
-71.342937641402699,-71.242947539592734,-71.292942590497717,0,0,0,0,0,0,0
-71.242947539592734,-71.142957437782798,-71.192952488687766,0,0,0,0,0,0,0
-71.142957437782798,-71.042967335972861,-71.092962386877829,0,0,0,0,0,0,0
-71.042967335972861,-70.942977234162896,-70.992972285067879,0,0,0,0,0,0,0
-70.942977234162896,-70.842987132352931,-70.892982183257914,0,0,0,0,0,0,0
-70.842987132352931,-70.742997030542966,-70.792992081447949,0,0,0,0,0,0,0
-70.742997030542966,-70.643006928733001,-70.693001979637984,0,0,0,0,0,0,0
-70.643006928733001,-70.543016826923065,-70.593011877828033,0,0,0,0,0,0,0
-70.543016826923065,-70.443026725113128,-70.493021776018097,0,0,0,0,0,0,0
-70.443026725113128,-70.343036623303163,-70.393031674208146,0,0,0,0,0,0,0
-70.343036623303163,-70.243046521493198,-70.293041572398181,0,0,0,0,0,0,0
-70.243046521493198,-70.143056419683234,-70.193051470588216,0,0,0,0,0,0,0
-70.143056419683234,-70.043066317873297,-70.093061368778265,0,0,0,0,0,0,0
-70.043066317873297,-69.943076216063361,-69.993071266968329,0,0,0,0,0,0,0
-69.943076216063361,-69.843086114253396,-69.893081165158378,0,0,0,0,0,0,0
-69.843086114253396,-69.743096012443431,-69.793091063348413,0,0,0,0,0,0,0
-69.743096012443431,-69.643105910633466,-69.693100961538448,0,0,0,0,0,0,0
-69.643105910633466,-69.543115808823501,-69.593110859728483,0,0,0,0,0,0,0
-69.543115808823501,-69.443125707013564,-69.493120757918533,0,0,0,0,0,0,0
-69.443125707013564,-69.343135605203628,-69.393130656108596,0,0,0,0,0,0,0
-69.343135605203628,-69.243145503393663,-69.293140554298645,0,0,0,0,0,0,0
-69.243145503393663,-69.143155401583698,-69.19315045248868,0,0,0,0,0,0,0
-69.143155401583698,-69.043165299773733,-69.093160350678716,0,0,0,0,0,0,0
-69.043165299773733,-68.943175197963768,-68.993170248868751,0,0,0,0,0,0,0
-68.943175197963768,-68.843185096153832,-68.8931801470588,0,0,0,0,0,0,0
-68.843185096153832,-68.743194994343895,-68.793190045248863,0,0,0,0,0,0,0
-68.743194994343895,-68.64320489253393,-68.693199943438913,0,0,0,0,0,0,0
-68.64320489253393,-68.543214790723965,-68.593209841628948,0,0,0,0,0,0,0
-68.543214790723965,-68.443224688914,-68.493219739818983,0,0,0,0,0,0,0
-68.443224688914,-68.343234587104064,-68.393229638009032,0,0,0,0,0,0,0
-68.343234587104064,-68.243244485294127,-68.293239536199096,0,0,0,0,0,0,0
-68.243244485294127,-68.143254383484162,-68.193249434389145,0,0,0,0,0,0,0
-68.143254383484162,-68.043264281674197,-68.09325933257918,4.0586892541612779e-20,2.0562510997797399e-20,1.1721929239610037e-19,1.6071508784065155e-20,3.5251487722166759e-21,4.8805763272962927e-20,1.7312749482718769e-20
-68.043264281674197,-67.943274179864233,-67.993269230769215,6.831996893848944e-18,2.7208662140744437e-18,1.6856633044981802e-17,3.5546961880332518e-18,1.8273636399374139e-18,8.2259680432995592e-18,3.6953235529926904e-18
-67.943274179864233,-67.843284078054268,-67.89327912895925,7.1365188823876304e-16,2.4154758111233173e-16,1.598560846984589e-15,4.220152196603076e-16,2.6597906472175225e-16,8.5034953894985247e-16,4.3135477087731339e-16
-67.843284078054268,-67.743293976244331,-67.793289027149299,5.2039487304439999e-14,1.4493407025284439e-14,1.0467271945543836e-13,3.4471085948566853e-14,2.4877942350346266e-14,6.1378642014495115e-14,3.4797046753353407e-14
-67.743293976244331,-67.643303874434395,-67.693298925339363,2.7720416162574474e-12,5.8863778339909797e-13,4.8809465050189342e-12,2.0561082098944e-12,1.6535008335890865e-12,3.2183752111013559e-12,2.0512773216834611e-12
-67.643303874434395,-67.54331377262443,-67.593308823529412,1.1074000039088358e-10,1.6218461596542528e-11,1.6762351369876769e-10,9.1009886527986932e-11,7.9451413673781599e-11,1.2569033401497407e-10,8.9924854038907586e-11
-67.54331377262443,-67.443323670814465,-67.493318721719447,3.3813157802196006e-09,3.0410326195421281e-10,4.4121363796638388e-09,3.0145747051580755e-09,2.7878742563366451e-09,3.7318841005842792e-09,2.9601094593551653e-09
-67.443323670814465,-67.3433335690045,-67.393328619909482,7.9721397307382328e-08,3.8977573651656435e-09,9.2207327716863552e-08,7.5154879467648516e-08,7.2154168571709506e-08,8.5451816150453801e-08,7.3638794630236289e-08
-67.3433335690045,-67.243343467194563,-67.293338518099532,1.4534150355523633e-06,3.4359565282301935e-08,1.5531329582926913e-06,1.4158101321806727e-06,1.3902002516092403e-06,1.5182196562638047e-06,1.3897121794154077e-06
-67.243343467194563,-67.143353365384627,-67.193348416289595,2.0411874873839638e-05,2.0964343737353895e-07,2.0915548520128667e-05,2.0209734571524843e-05,2.0092505610277045e-05,2.0911865020978797e-05,1.992972064628884e-05
-67.143353365384627,-67.043363263574662,-67.093358314479644,0.00021973929140896401,8.7893913739591585e-07,0.00022108955041105796,0.00021899995280643533,0.00021907410097893529,0.00022228007996801359,0.00021725277288037797
-67.043363263574662,-66.943373161764697,-66.993368212669679,0.0018062369759743618,2.3969455020341159e-06,0.0018055576360891015,0.0018037279557815769,0.0018087661758417698,0.0018136917287697272,0.0017994413833896331
-66.943373161764697,-66.843383059954732,-66.893378110859715,0.011308931208354816,8.3163890539103865e-06,0.011284977330423532,0.011297278255862303,0.011333197558188199,0.011311399263151521,0.011317803634148518
-66.843383059954732,-66.743392958144767,-66.79338800904975,0.053855034756353413,5.5877380422150311e-05,0.053735510586059722,0.053805437656884454,0.053941327302766982,0.053764496416228526,0.054028401819827411
-66.743392958144767,-66.643402856334831,-66.693397907239799,0.194884627235789,0.0002274158215000201,0.19453289402756943,0.19475786803323433,0.19504770147290995,0.19440271242796123,0.19568196021727013
-66.643402856334831,-66.543412754524894,-66.593407805429862,0.5354477982006034,0.00057777540410985906,0.53479030139060046,0.5353144527368231,0.53557076726371333,0.53405137984513551,0.53751208976674458
-66.543412754524894,-66.443422652714929,-66.493417703619912,1.1159805709466191,0.0009444096569222977,1.1152850693890521,1.1161285752374399,1.1158316058135667,1.1134075144367015,1.1192500898563347
-66.443422652714929,-66.343432550904964,-66.393427601809947,1.7625442194916361,0.00095260777737509914,1.7623922271456769,1.7631958717411849,1.7620731208428804,1.7595736627088809,1.7654862150195569
-66.343432550904964,-66.243442449094999,-66.293437499999982,2.106852501751479,0.00047884403208646258,2.1074861133229819,2.1076927263604737,2.1064049586624995,2.105166440555617,2.1075122698558224
-66.243442449094999,-66.143452347285034,-66.193447398190017,1.9034037297972397,0.00052191686426513741,1.9043227448618818,1.9037884556709936,1.903362967859854,1.9041242983692799,1.9014201822241876
-66.143452347285034,-66.043462245475098,-66.093457296380066,1.2976033592556391,0.00092132474266225326,1.2981711995054745,1.2973147060354397,1.2979054146614504,1.3001685096976778,1.2944569663781527
-66.043462245475098,-65.943472143665161,-65.99346719457013,0.66632393695686354,0.00087007654231049611,0.6664310828685448,0.66573087753294791,0.66661990543342087,0.66912739864446891,0.66371042030493499
-65.943472143665161,-65.843482041855196,-65.893477092760179,0.25720399860890036,0.00054194674578138355,0.25711184138791826,0.25672832647725408,0.25732447668044167,0.25908971998061214,0.25576562851827567
-65.843482041855196,-65.743491940045232,-65.793486990950214,0.07446044877342009,0.00023559594926213259,0.074374112737560547,0.074222841757796532,0.074470585390622221,0.075323347044051261,0.073911356937069864
-65.743491940045232,-65.643501838235267,-65.693496889140249,0.016125395879047322,7.2503801075144201e-05,0.016087882457937797,0.016044112015837751,0.01611403186887005,0.01640085900917547,0.015980094043415549
-65.643501838235267,-65.54351173642533,-65.593506787330298,0.0026048204880795237,1.5793872786683339e-05,0.002594415172429258,0.0025851796781125934,0.002599292528149754,0.0026663772705133211,0.0025788377911926917
-65.54351173642533,-65.443521634615394,-65.493516685520362,0.00031285641717705378,2.4237626453421131e-06,0.00031086715331016436,0.00030947035807724559,0.00031159282043084589,0.00032243829014848784,0.00030991346391852511
-65.443521634615394,-65.343531532805429,-65.393526583710411,2.7842039261627866e-05,2.6138300546883514e-07,2.7572613910083345e-05,2.742453970874268e-05,2.7668713934601779e-05,2.8871942967710418e-05,2.7672385787001119e-05
-65.343531532805429,-65.243541430995464,-65.293536481900446,1.8288957252303714e-06,1.9994307724550711e-08,1.8027758918861293e-06,1.7920936910707362e-06,1.813551596720322e-06,1.904501905643753e-06,1.8315555408309161e-06
-65.243541430995464,-65.143551329185499,-65.193546380090481,8.8309923889471667e-08,1.1224942151069046e-09,8.6492423727682118e-08,8.59949897409314e-08,8.7394352233453836e-08,9.2050106286494966e-08,8.9617747458796002e-08
-65.143551329185499,-65.043561227375534,-65.093556278280516,3.1208308426877959e-09,4.8793801978460751e-11,3.0301329636101563e-09,3.0172674104926709e-09,3.0822592021173965e-09,3.2432410355177657e-09,3.2312536017009901e-09
-65.043561227375534,-64.943571125565597,-64.993566176470566,8.0356584330511258e-11,1.6732526351475505e-12,7.7117558814150088e-11,7.7077737241753744e-11,7.9139933756672026e-11,8.2927369913322508e-11,8.5520321926657925e-11
-64.943571125565597,-64.843581023755661,-64.893576074660629,1.5003364000815235e-12,4.3400919157618853e-14,1.4177362050041836e-12,1.4273243193408138e-12,1.4700688551295646e-12,1.5327475513868278e-12,1.6538050695462278e-12
-64.843581023755661,-64.743590921945696,-64.793585972850678,2.0186299200414737e-14,8.1192825052362711e-16,1.8684956379171162e-14,1.9050275136730575e-14,1.9588513134479373e-14,2.0380936244346759e-14,2.3226815107345827e-14
-64.743590921945696,-64.643600820135731,-64.693595871040714,1.90396072264508e-16,1.0726954267548953e-17,1.7099495871619885e-16,1.7813414637868517e-16,1.8140164756841137e-16,1.8990199768097647e-16,2.3154761097826806e-16
-64.643600820135731,-64.543610718325766,-64.593605769230749,1.0036586556094712e-18,1.0033122993278349e-19,8.2987781881470709e-19,9.1960289858902747e-19,9.1295141403679608e-19,9.5987925112906614e-19,1.3959818954777595e-18
-64.543610718325766,-64.44362061651583,-64.493615667420798,7.4740663472488399e-22,4.1840629099485422e-22,0,7.003847586509747e-22,0,7.4592396577121731e-22,2.2907244492022277e-21
-64.44362061651583,-64.343630514705893,-64.393625565610861,0,0,0,0,0,0,0
-64.343630514705893,-64.243640412895928,-64.293635463800911,0,0,0,0,0,0,0
-64.243640412895928,-64.143650311085963,-64.193645361990946,0,0,0,0,0,0,0
-64.143650311085963,-64.043660209275998,-64.093655260180981,0,0,0,0,0,0,0
-64.043660209275998,-63.943670107466033,-63.993665158371016,0,0,0,0,0,0,0
-63.943670107466033,-63.843680005656097,-63.893675056561065,0,0,0,0,0,0,0
-63.843680005656097,-63.74368990384616,-63.793684954751129,0,0,0,0,0,0,0
-63.74368990384616,-63.643699802036195,-63.693694852941178,0,0,0,0,0,0,0
-63.643699802036195,-63.543709700226231,-63.593704751131213,0,0,0,0,0,0,0
-63.543709700226231,-63.443719598416266,-63.493714649321248,0,0,0,0,0,0,0
-63.443719598416266,-63.343729496606329,-63.393724547511297,0,0,0,0,0,0,0
-63.343729496606329,-63.243739394796393,-63.293734445701361,0,0,0,0,0,0,0
-63.243739394796393,-63.143749292986428,-63.19374434389141,0,0,0,0,0,0,0
-63.143749292986428,-63.043759191176463,-63.093754242081445,0,0,0,0,0,0,0
-63.043759191176463,-62.943769089366498,-62.99376414027148,0,0,0,0,0,0,0
-62.943769089366498,-62.843778987556533,-62.893774038461515,0,0,0,0,0,0,0
-62.843778987556533,-62.743788885746596,-62.793783936651565,0,0,0,0,0,0,0
-62.743788885746596,-62.64379878393666,-62.693793834841628,0,0,0,0,0,0,0
-62.64379878393666,-62.543808682126695,-62.593803733031677,0,0,0,0,0,0,0
-62.543808682126695,-62.44381858031673,-62.493813631221713,0,0,0,0,0,0,0
-62.44381858031673,-62.343828478506765,-62.393823529411748,0,0,0,0,0,0,0
-62.343828478506765,-62.2438383766968,-62.293833427601783,0,0,0,0,0,0,0
-62.2438383766968,-62.143848274886864,-62.193843325791832,0,0,0,0,0,0,0
-62.143848274886864,-62.043858173076927,-62.093853223981895,0,0,0,0,0,0,0
-62.043858173076927,-61.943868071266962,-61.993863122171945,0,0,0,0,0,0,0
-61.943868071266962,-61.843877969456997,-61.89387302036198,0,0,0,0,0,0,0
-61.843877969456997,-61.743887867647032,-61.793882918552015,0,0,0,0,0,0,0
-61.743887867647032,-61.643897765837096,-61.693892816742064,0,0,0,0,0,0,0
-61.643897765837096,-61.543907664027159,-61.593902714932128,0,0,0,0,0,0,0
-61.543907664027159,-61.443917562217194,-61.493912613122177,0,0,0,0,0,0,0
-61.443917562217194,-61.34392746040723,-61.393922511312212,0,0,0,0,0,0,0
-61.34392746040723,-61.243937358597265,-61.293932409502247,0,0,0,0,0,0,0
-61.243937358597265,-61.1439472567873,-61.193942307692282,0,0,0,0,0,0,0
-61.1439472567873,-61.043957154977363,-61.093952205882331,0,0,0,0,0,0,0
-61.043957154977363,-60.943967053167427,-60.993962104072395,0,0,0,0,0,0,0
-60.943967053167427,-60.843976951357462,-60.893972002262444,0,0,0,0,0,0,0
-60.843976951357462,-60.743986849547497,-60.793981900452479,0,0,0,0,0,0,0
-60.743986849547497,-60.643996747737532,-60.693991798642514,0,0,0,0,0,0,0
-60.643996747737532,-60.544006645927595,-60.594001696832564,0,0,0,0,0,0,0
-60.544006645927595,-60.444016544117659,-60.494011595022627,0,0,0,0,0,0,0
-60.444016544117659,-60.344026442307694,-60.394021493212676,0,0,0,0,0,0,0
-60.344026442307694,-60.244036340497729,-60.294031391402712,0,0,0,0,0,0,0
-60.244036340497729,-60.144046238687764,-60.194041289592747,0,0,0,0,0,0,0
-60.144046238687764,-60.044056136877799,-60.094051187782782,0,0,0,0,0,0,0
-60.044056136877799,-59.944066035067863,-59.994061085972831,0,0,0,0,0,0,0
-59.944066035067863,-59.844075933257926,-59.894070984162894,0,0,0,0,0,0,0
-59.844075933257926,-59.744085831447961,-59.794080882352944,0,0,0,0,0,0,0
-59.744085831447961,-59.644095729637996,-59.694090780542979,0,0,0,0,0,0,0
-59.644095729637996,-59.544105627828031,-59.594100678733014,0,0,0,0,0,0,0
-59.544105627828031,-59.444115526018066,-59.494110576923049,0,0,0,0,0,0,0
-59.444115526018066,-59.34412542420813,-59.394120475113098,0,0,0,0,0,0,0
-59.34412542420813,-59.244135322398193,-59.294130373303162,0,0,0,0,0,0,0
-59.244135322398193,-59.144145220588229,-59.194140271493211,0,0,0,0,0,0,0
-59.144145220588229,-59.044155118778264,-59.094150169683246,0,0,0,0,0,0,0
-59.044155118778264,-58.944165016968299,-58.994160067873281,0,0,0,0,0,0,0
-58.944165016968299,-58.844174915158362,-58.89416996606333,0,0,0,0,0,0,0
-58.844174915158362,-58.744184813348426,-58.794179864253394,0,0,0,0,0,0,0
-58.744184813348426,-58.644194711538461,-58.694189762443443,0,0,0,0,0,0,0
-58.644194711538461,-58.544204609728496,-58.594199660633478,0,0,0,0,0,0,0
-58.544204609728496,-58.444214507918531,-58.494209558823513,0,0,0,0,0,0,0
-58.444214507918531,-58.344224406108566,-58.394219457013548,0,0,0,0,0,0,0
-58.344224406108566,-58.244234304298629,-58.294229355203598,0,0,0,0,0,0,0
-58.244234304298629,-58.144244202488693,-58.194239253393661,0,0,0,0,0,0,0
-58.144244202488693,-58.044254100678728,-58.09424915158371,0,0,0,0,0,0,0
-58.044254100678728,-57.944263998868763,-57.994259049773746,0,0,0,0,0,0,0
-57.944263998868763,-57.844273897058798,-57.894268947963781,0,0,0,0,0,0,0
-57.844273897058798,-57.744283795248862,-57.79427884615383,2.6829751033884137e-19,6.4700706036582912e-20,1.7532415532262855e-19,1.3424624156325198e-19,1.9596952136890679e-19,3.5850740411033815e-19,4.7744022932908149e-19
-57.744283795248862,-57.644293693438925,-57.694288744343893,4.8846568195544265e-17,8.4929830592082619e-18,3.6440113431047048e-17,3.1030354199933911e-17,3.9779760851756344e-17,6.0834963705180462e-17,7.6147648789803549e-17
-57.644293693438925,-57.54430359162896,-57.594298642533943,5.1999604510720479e-15,7.5261034343188006e-16,4.0930263914941389e-15,3.6093791189640131e-15,4.4182349569962811e-15,6.2652140517064544e-15,7.6139477361993496e-15
-57.54430359162896,-57.444313489818995,-57.494308540723978,3.8508665649081853e-13,4.5004288358836672e-14,3.1822717428346659e-13,2.8899255207935502e-13,3.4019951589303295e-13,4.4907136676765425e-13,5.2894267343058372e-13
-57.444313489818995,-57.34432338800903,-57.394318438914013,2.0647534099152285e-11,1.8214579874753266e-12,1.7904951081789334e-11,1.6696144647176287e-11,1.894824646516121e-11,2.3246046860014183e-11,2.644228144162041e-11
-57.34432338800903,-57.244333286199065,-57.294328337104048,8.1434907511642422e-10,5.0113292291097074e-11,7.3763979480124335e-10,7.0294894763448763e-10,7.7268152888242249e-10,8.8566215491909657e-10,9.7281294934487066e-10
-57.244333286199065,-57.144343184389129,-57.194338235294097,2.3890787963378045e-08,9.4557149053848599e-10,2.2419227425173005e-08,2.1710207622943218e-08,2.3255241690451634e-08,2.5208302846749261e-08,2.6860960231573105e-08
-57.144343184389129,-57.044353082579192,-57.094348133484161,5.2510184154350808e-07,1.246177556490501e-08,5.0557300881980603e-07,4.9484749751566936e-07,5.1974378287853164e-07,5.4126567069825848e-07,5.6407924780527499e-07
-57.044353082579192,-56.944362980769228,-56.99435803167421,8.6763236067994616e-06,1.1884227713265558e-07,8.4948728141925353e-06,8.3698988699464866e-06,8.6646541132975933e-06,8.8021194367493596e-06,9.0500727998113365e-06
-56.944362980769228,-56.844372878959263,-56.894367929864245,0.00010786521181491629,8.6752308121181047e-07,0.00010666687743581439,0.00010552894064885672,0.00010808631489733207,0.0001083775807183844,0.00011066634537419384
-56.844372878959263,-56.744382777149298,-56.79437782805428,0.0010086835676061299,5.134340977676377e-06,0.001002972553698989,0.00099509936877353769,0.0010110436728966367,0.0010081757667809407,0.0010261264758805444
-56.744382777149298,-56.644392675339333,-56.694387726244315,0.007091536569857124,2.5038017092618963e-05,0.0070717056576291197,0.0070326975939966063,0.0071013305224186295,0.0070702300890882544,0.0071817189861530127
-56.644392675339333,-56.544402573529396,-56.594397624434365,0.037470226118376943,9.7007347358806257e-05,0.037419882368687811,0.037292755615210497,0.037481369802591057,0.037323041357643125,0.037834081447752223
-56.544402573529396,-56.44441247171946,-56.494407522624428,0.14876943315457564,0.00028282659694998534,0.14867373234477735,0.14844775291333312,0.14870857379427369,0.14818117193400301,0.1498359347864911
-56.44441247171946,-56.344422369909495,-56.394417420814477,0.44378337070452883,0.00059346362439918841,0.44362850524626746,0.44361710286003814,0.44349642276818901,0.44225368115736702,0.44592114149078271
-56.344422369909495,-56.24443226809953,-56.294427319004512,0.99443625740265928,0.00086372146877692821,0.99416938695065848,0.99511062127796635,0.99390087314448505,0.99184506678767137,0.99715533885251528
-56.24443226809953,-56.144442166289565,-56.194437217194547,1.6733019683179993,0.0008181232765554023,1.6728457557440459,1.6750508364000154,1.6728453483789412,1.6706974161835675,1.6750704848834259
-56.144442166289565,-56.044452064479628,-56.094447115384597,2.1130475511363191,0.00045788990842164667,2.1125076528771474,2.1147988701223452,2.1130372916927365,2.1122091096391222,2.1126848313502431
-56.044452064479628,-55.944461962669692,-55.99445701357466,2.0008770579456705,0.00059902314941604287,2.0006388767857657,2.0012452385821939,2.0012564185535662,2.0024541324047065,1.9987906234021213
-55.944461962669692,-55.844471860859727,-55.894466911764709,1.4191320024255734,0.00086352798173606809,1.4194527109179687,1.418106633258853,1.4195714042876595,1.4218657008931102,1.4166635627702748
-55.844471860859727,-55.744481759049762,-55.794476809954745,0.75283542600035935,0.00073070471072431554,0.75347334802566579,0.75149852189669131,0.75313345091020689,0.75507491515598868,0.75099689401324365
-55.744481759049762,-55.644491657239797,-55.69448670814478,0.29820515123196117,0.00041207989890188368,0.2987307425377595,0.29731869923062149,0.29835053170167336,0.29938289184612205,0.29724289084362959
-55.644491657239797,-55.544501555429832,-55.594496606334815,0.088028517233424267,0.00016362623795260081,0.088282511483349937,0.087636512112912276,0.088079902794593448,0.088466099702736375,0.087677560073529295
-55.544501555429832,-55.444511453619896,-55.494506504524864,0.01932333434132345,4.6824771124057387e-05,0.019399438714364472,0.019197785199226589,0.019335182456333245,0.019445693252335191,0.019238572084357759
-55.444511453619896,-55.344521351809959,-55.394516402714927,0.0031468988573073961,9.8900369533251352e-06,0.0031605244954441927,0.0031170081478273364,0.0031482108681292003,0.0031739154196693113,0.0031348353554669396
-55.344521351809959,-55.244531249999994,-55.294526300904977,0.00037932192605024545,1.6196392914993967e-06,0.00038046960820846957,0.00037403511776318217,0.00037923553490212884,0.0003841050920482387,0.00037876427732920791
-55.244531249999994,-55.144541148190029,-55.194536199095012,3.3764104227557876e-05,2.1580285086173972e-07,3.371341896262621e-05,3.307638041862542e-05,3.3714096208118542e-05,3.4425317284314344e-05,3.3891308264104873e-05
-55.144541148190029,-55.044551046380064,-55.094546097285047,2.2140512819514978e-06,2.2745994167349324e-08,2.189392099692294e-06,2.1489346774641942e-06,2.2071390190177311e-06,2.2821093716847532e-06,2.2426812418985158e-06
-55.044551046380064,-54.944560944570128,-54.994555995475096,1.0667229478977912e-07,1.757753689826542e-09,1.0371103827421768e-07,1.0222098428196211e-07,1.0624888887223884e-07,1.1166969007009826e-07,1.0951087245037873e-07
-54.944560944570128,-54.844570842760191,-54.89456589366516,3.7647197113583033e-09,9.4716388527633613e-11,3.5662740082217149e-09,3.54638588356287e-09,3.7606781050090142e-09,4.0187879155735119e-09,3.9314726444244072e-09
-54.844570842760191,-54.744580740950227,-54.794575791855209,9.6993453486394675e-11,3.4987867094646498e-12,8.86173446004782e-11,8.934511569084434e-11,9.8072350527189569e-11,1.0575563743641509e-10,1.0317681917704612e-10
-54.744580740950227,-54.644590639140262,-54.694585690045244,1.8170541800335873e-12,8.8953792580388168e-14,1.584458972509702e-12,1.6263237910781671e-12,1.8921161423883688e-12,2.0185616690982735e-12,1.9638103250934246e-12
-54.644590639140262,-54.544600537330297,-54.594595588235279,2.461644843624907e-14,1.5895963682155005e-15,2.0271369836764311e-14,2.1237161574050505e-14,2.7108303822585577e-14,2.7643872802443405e-14,2.6821534145401549e-14
-54.544600537330297,-54.444610435520332,-54.494605486425314,2.3471928487435756e-16,2.0632875807921195e-17,1.7929447834986547e-16,1.9224825031562331e-16,2.8383698639016904e-16,2.6337516115179972e-16,2.5484154816433052e-16
-54.444610435520332,-54.344620333710395,-54.394615384615363,1.2792884471008986e-18,1.986517724398046e-19,7.8227574633900127e-19,9.1133900004631201e-19,1.8899828741419012e-18,1.4344258200360819e-18,1.3784187949411962e-18
-54.344620333710395,-54.244630231900459,-54.294625282805427,1.3987771242453648e-21,1.3987771242453646e-21,0,0,6.9938856212268236e-21,0,0
-54.244630231900459,-54.144640130090494,-54.194635180995476,0,0,0,0,0,0,0
-54.144640130090494,-54.044650028280529,-54.094645079185511,0,0,0,0,0,0,0
-54.044650028280529,-53.944659926470564,-53.994654977375546,0,0,0,0,0,0,0
-53.944659926470564,-53.844669824660627,-53.894664875565596,0,0,0,0,0,0,0
-53.844669824660627,-53.744679722850691,-53.794674773755659,0,0,0,0,0,0,0
-53.744679722850691,-53.644689621040726,-53.694684671945708,0,0,0,0,0,0,0
-53.644689621040726,-53.544699519230761,-53.594694570135744,0,0,0,0,0,0,0
-53.544699519230761,-53.444709417420796,-53.494704468325779,0,0,0,0,0,0,0
-53.444709417420796,-53.344719315610831,-53.394714366515814,0,0,0,0,0,0,0
-53.344719315610831,-53.244729213800895,-53.294724264705863,0,0,0,0,0,0,0
-53.244729213800895,-53.144739111990958,-53.194734162895926,0,0,0,0,0,0,0
-53.144739111990958,-53.044749010180993,-53.094744061085976,0,0,0,0,0,0,0
-53.044749010180993,-52.944758908371028,-52.994753959276011,0,0,0,0,0,0,0
-52.944758908371028,-52.844768806561063,-52.894763857466046,0,0,0,0,0,0,0
-52.844768806561063,-52.744778704751099,-52.794773755656081,0,0,0,0,0,0,0
-52.744778704751099,-52.644788602941162,-52.69478365384613,0,0,0,0,0,0,0
-52.644788602941162,-52.544798501131226,-52.594793552036194,0,0,0,0,0,0,0
-52.544798501131226,-52.444808399321261,-52.494803450226243,0,0,0,0,0,0,0
-52.444808399321261,-52.344818297511296,-52.394813348416278,0,0,0,0,0,0,0
-52.344818297511296,-52.244828195701331,-52.294823246606313,0,0,0,0,0,0,0
-52.244828195701331,-52.144838093891394,-52.194833144796362,0,0,0,0,0,0,0
-52.144838093891394,-52.044847992081458,-52.094843042986426,0,0,0,0,0,0,0
-52.044847992081458,-51.944857890271493,-51.994852941176475,0,0,0,0,0,0,0
-51.944857890271493,-51.844867788461528,-51.89486283936651,0,0,0,0,0,0,0
-51.844867788461528,-51.744877686651563,-51.794872737556545,0,0,0,0,0,0,0
-51.744877686651563,-51.644887584841598,-51.69488263574658,0,0,0,0,0,0,0
-51.644887584841598,-51.544897483031662,-51.59489253393663,0,0,0,0,0,0,0
-51.544897483031662,-51.444907381221725,-51.494902432126693,0,0,0,0,0,0,0
-51.444907381221725,-51.34491727941176,-51.394912330316743,0,0,0,0,0,0,0
-51.34491727941176,-51.244927177601795,-51.294922228506778,0,0,0,0,0,0,0
-51.244927177601795,-51.14493707579183,-51.194932126696813,0,0,0,0,0,0,0
-51.14493707579183,-51.044946973981894,-51.094942024886862,0,0,0,0,0,0,0
-51.044946973981894,-50.944956872171957,-50.994951923076925,0,0,0,0,0,0,0
-50.944956872171957,-50.844966770361992,-50.894961821266975,0,0,0,0,0,0,0
-50.844966770361992,-50.744976668552027,-50.79497171945701,0,0,0,0,0,0,0
-50.744976668552027,-50.644986566742062,-50.694981617647045,0,0,0,0,0,0,0
-50.644986566742062,-50.544996464932098,-50.59499151583708,0,0,0,0,0,0,0
-50.544996464932098,-50.445006363122161,-50.495001414027129,0,0,0,0,0,0,0
-50.445006363122161,-50.345016261312225,-50.395011312217193,0,0,0,0,0,0,0
-50.345016261312225,-50.24502615950226,-50.295021210407242,0,0,0,0,0,0,0
-50.24502615950226,-50.145036057692295,-50.195031108597277,0,0,0,0,0,0,0
-50.145036057692295,-50.04504595588233,-50.095041006787312,0,0,0,0,0,0,0
-50.04504595588233,-49.945055854072365,-49.995050904977347,0,0,0,0,0,0,0
-49.945055854072365,-49.845065752262428,-49.895060803167397,0,0,0,0,0,0,0
-49.845065752262428,-49.745075650452492,-49.79507070135746,0,0,0,0,0,0,0
-49.745075650452492,-49.645085548642527,-49.695080599547509,0,0,0,0,0,0,0
-49.645085548642527,-49.545095446832562,-49.595090497737544,0,0,0,0,0,0,0
-49.545095446832562,-49.445105345022597,-49.495100395927579,0,0,0,0,0,0,0
-49.445105345022597,-49.345115243212661,-49.395110294117629,0,0,0,0,0,0,0
-49.345115243212661,-49.245125141402724,-49.295120192307692,0,0,0,0,0,0,0
-49.245125141402724,-49.145135039592759,-49.195130090497742,0,0,0,0,0,0,0
-49.145135039592759,-49.045144937782794,-49.095139988687777,0,0,0,0,0,0,0
-49.045144937782794,-48.945154835972829,-48.995149886877812,0,0,0,0,0,0,0
-48.945154835972829,-48.845164734162864,-48.895159785067847,0,0,0,0,0,0,0
-48.845164734162864,-48.745174632352928,-48.795169683257896,0,0,0,0,0,0,0
-48.745174632352928,-48.645184530542991,-48.69517958144796,0,0,0,0,0,0,0
-48.645184530542991,-48.545194428733026,-48.595189479638009,0,0,0,0,0,0,0
-48.545194428733026,-48.445204326923061,-48.495199377828044,0,0,0,0,0,0,0
-48.445204326923061,-48.345214225113097,-48.395209276018079,0,0,0,0,0,0,0
-48.345214225113097,-48.24522412330316,-48.295219174208128,0,0,0,0,0,0,0
-48.24522412330316,-48.145234021493224,-48.195229072398192,0,0,0,0,0,0,0
-48.145234021493224,-48.045243919683259,-48.095238970588241,0,0,0,0,0,0,0
-48.045243919683259,-47.945253817873294,-47.995248868778276,0,0,0,0,0,0,0
-47.945253817873294,-47.845263716063329,-47.895258766968311,0,0,0,0,0,0,0
-47.845263716063329,-47.745273614253364,-47.795268665158346,0,0,0,0,0,0,0
-47.745273614253364,-47.645283512443427,-47.695278563348396,0,0,0,0,0,0,0
-47.645283512443427,-47.545293410633491,-47.595288461538459,6.4224355333080799e-20,1.3596854717473726e-20,1.8332875840517318e-20,8.3843896313978174e-20,6.0526100644968055e-20,9.8493532905239588e-20,5.9925370960700846e-20
-47.545293410633491,-47.445303308823526,-47.495298359728508,1.440980795478022e-17,1.8582102827756394e-18,7.9589541773308161e-18,1.6869618504065582e-17,1.4640652453838734e-17,1.8961226308140262e-17,1.3618588330525703e-17
-47.445303308823526,-47.345313207013561,-47.395308257918543,1.7285419639744204e-15,1.6704444003648535e-16,1.1425713826329352e-15,1.9403715595359184e-15,1.778207330642559e-15,2.1302946340748875e-15,1.6512649129858007e-15
-47.345313207013561,-47.245323105203596,-47.295318156108578,1.4178960722849519e-13,1.0253421463817806e-14,1.0541854179143234e-13,1.5392634811473055e-13,1.4736272879061145e-13,1.6573729156259351e-13,1.3650312588310814e-13
-47.245323105203596,-47.145333003393631,-47.195328054298614,8.4850559756980026e-12,4.3058788216020036e-13,6.942194587784478e-12,8.9420472415891656e-12,8.8621451999044136e-12,9.4417232472888248e-12,8.2371696019231318e-12
-47.145333003393631,-47.045342901583695,-47.095337952488663,3.7525408948535086e-10,1.2439849136427745e-11,3.3046193684889379e-10,3.8628425975195918e-10,3.9149046611000665e-10,4.0059703081572209e-10,3.6743675390017243e-10
-47.045342901583695,-46.945352799773758,-46.995347850678726,1.2323846471850877e-08,2.4845274153863293e-10,1.143535636904363e-08,1.2483250530393812e-08,1.2778753724872069e-08,1.2756928574527701e-08,1.2164943160417174e-08
-46.945352799773758,-46.845362697963793,-46.895357748868776,3.0114827996934278e-07,3.4434861463743885e-09,2.8918860051501516e-07,3.0216995960405919e-07,3.0953090011812783e-07,3.0555173944512713e-07,2.9930020016438461e-07
-46.845362697963793,-46.745372596153828,-46.795367647058811,5.4781207207809626e-06,3.3528933745973735e-08,5.3703203717765204e-06,5.4712572046277537e-06,5.580351516798098e-06,5.4963234683676295e-06,5.472351042334813e-06
-46.745372596153828,-46.645382494343863,-46.695377545248846,7.4183166685045708e-05,2.447055223333444e-07,7.3541918803683831e-05,7.396041917139836e-05,7.5014971740571253e-05,7.4050294083699922e-05,7.4348229625875186e-05
-46.645382494343863,-46.545392392533927,-46.595387443438895,0.00074793204134692955,1.5613782837302895e-06,0.00074534733832095355,0.00074545288223603191,0.00075254850523055522,0.00074546136653132406,0.0007508501144157829
-46.545392392533927,-46.44540229072399,-46.495397341628959,0.0056164689689668333,8.9994678451969971e-06,0.0056075163716403824,0.0055994418762628151,0.0056350840344063348,0.0055992216606721825,0.0056410809018524527
-46.44540229072399,-46.345412188914025,-46.395407239819008,0.031428775202087214,4.09888807837348e-05,0.031388595306414531,0.031348814962483346,0.031490699930489037,0.031357721749785822,0.031558044061263363
-46.345412188914025,-46.24542208710406,-46.295417138009043,0.13112410388630075,0.00013821809486933419,0.13093893660538883,0.13086277203047661,0.13131259684331598,0.13092853773473034,0.13157767621759198
-46.24542208710406,-46.145431985294096,-46.195427036199078,0.40805747188565589,0.00033606586442605041,0.40746702510694927,0.40747933462847569,0.40854683091108418,0.40765351541128764,0.40914065337048267
-46.145431985294096,-46.045441883484131,-46.095436934389113,0.94744094940487089,0.00055854959215117432,0.94629307634323034,0.94665170509989649,0.94835802064676111,0.94673899740802525,0.94916294752644148
-46.045441883484131,-45.945451781674194,-45.995446832579162,1.6412289312508352,0.00056776070518292372,1.6400087577475908,1.6407809828685656,1.6422677640834131,1.6402244117947589,1.6428627397598474
-45.945451781674194,-45.845461679864258,-45.895456730769226,2.1205599753997633,0.00027795661247999456,2.1202179280829063,2.120998737001333,2.120960833443156,2.1196215468730881,2.1210008315983311
-45.845461679864258,-45.745471578054293,-45.795466628959275,2.042478085278975,0.00041659277483947359,2.0433159606153311,2.0435498696658154,2.0418360962899187,2.0422940218222423,2.0413944780015694
-45.745471578054293,-45.645481476244328,-45.69547652714931,1.4652852973277675,0.00061359467355912663,1.4665651785034886,1.4661382761988062,1.4641202964875564,1.4660934004273409,1.4635093350216455
-45.645481476244328,-45.545491374434363,-45.595486425339345,0.7820820536953994,0.00051202857026814096,0.78299459600168275,0.78229933406655405,0.78119043318720138,0.78329339683125931,0.78063250839029974
-45.545491374434363,-45.445501272624426,-45.495496323529395,0.31013853906698663,0.00029522100088581098,0.31052917285137521,0.30999003732531177,0.30976747398159871,0.31104635015140381,0.30935966102524354
-45.445501272624426,-45.34551117081449,-45.395506221719458,0.091233586929816327,0.00012487629504686853,0.091336908828028709,0.091072971389666968,0.091163824646214961,0.091659379046611603,0.090934850738559406
-45.34551117081449,-45.245521069004525,-45.295516119909507,0.019873454760620645,3.8872092452564427e-05,0.019888190419720782,0.019801523198051601,0.019881344428251405,0.020006624473557454,0.019789591283521979
-45.245521069004525,-45.14553096719456,-45.195526018099542,0.0031991642519847928,8.7992091609128361e-06,0.003199056007360106,0.0031797001967584526,0.0032073324109697259,0.0032276469549677388,0.0031820856898679404
-45.14553096719456,-45.045540865384595,-45.095535916289577,0.00037975669683539291,1.435093044226269e-06,0.00037920908947713933,0.00037628237765769757,0.00038202253768691223,0.0003839621350639778,0.00037730734429123757
-45.045540865384595,-44.94555076357463,-44.995545814479613,3.316659448753733e-05,1.6822638438097634e-07,3.3037652003036185e-05,3.2743289375040214e-05,3.3527430422024248e-05,3.359521709636111e-05,3.2929383541224885e-05
-44.94555076357463,-44.845560661764694,-44.895555712669662,2.1259711859069089e-06,1.4243138138070771e-08,2.1091672071489683e-06,2.0901846026394457e-06,2.1631981866982502e-06,2.1559062510178299e-06,2.1113996820300499e-06
-44.845560661764694,-44.745570559954757,-44.795565610859725,9.9732218064075388e-08,8.7858160443504287e-10,9.8331253904903099e-08,9.7613285234667027e-08,1.0233080291738692e-07,1.0114379067301262e-07,9.9241957590407321e-08
-44.745570559954757,-44.645580458144792,-44.695575509049775,3.4124905101388001e-09,3.9630937043811467e-11,3.33495597495e-09,3.3240902905522139e-09,3.537635250805922e-09,3.4562618054718018e-09,3.4095092289140614e-09
-44.645580458144792,-44.545590356334827,-44.59558540723981,8.4834197811211056e-11,1.2966703018166261e-12,8.1951192228971376e-11,8.2225738811377694e-11,8.90285959549202e-11,8.5679112585677477e-11,8.5286349475108507e-11
-44.545590356334827,-44.445600254524862,-44.495595305429845,1.5252812906693321e-12,3.0266409691300536e-14,1.4529281999035383e-12,1.4707498488384079e-12,1.6234274265790361e-12,1.5338689881508569e-12,1.5454319898748205e-12
-44.445600254524862,-44.345610152714926,-44.395605203619894,1.9700527976010418e-14,4.9596629780762945e-16,1.8472166789941563e-14,1.8893043606496945e-14,2.130492205363539e-14,1.9702251827687616e-14,2.0130255602290577e-14
-44.345610152714926,-44.245620050904989,-44.295615101809958,1.7616468202458699e-16,5.6505130101100043e-18,1.6203115834299509e-16,1.6773167560491066e-16,1.9451315677457315e-16,1.7494719985566816e-16,1.8160021954478791e-16
-44.245620050904989,-44.145629949095024,-44.195625000000007,8.1480283179628593e-19,4.3201146735246182e-20,7.0441713329169685e-19,7.6190348296301561e-19,9.5286054807788011e-19,7.8891132947336867e-19,8.6592166517546822e-19
-44.145629949095024,-44.045639847285059,-44.095634898190042,6.2248555538212941e-23,6.2248555538212941e-23,0,0,3.112427776910647e-22,0,0
-44.045639847285059,-43.945649745475095,-43.995644796380077,0,0,0,0,0,0,0
-43.945649745475095,-43.84565964366513,-43.895654694570112,0,0,0,0,0,0,0
-43.84565964366513,-43.745669541855193,-43.795664592760161,0,0,0,0,0,0,0
-43.745669541855193,-43.645679440045257,-43.695674490950225,0,0,0,0,0,0,0
-43.645679440045257,-43.545689338235292,-43.595684389140274,0,0,0,0,0,0,0
-43.545689338235292,-43.445699236425327,-43.495694287330309,0,0,0,0,0,0,0
-43.445699236425327,-43.345709134615362,-43.395704185520344,0,0,0,0,0,0,0
-43.345709134615362,-43.245719032805397,-43.295714083710379,0,0,0,0,0,0,0
-43.245719032805397,-43.14572893099546,-43.195723981900429,0,0,0,0,0,0,0
-43.14572893099546,-43.045738829185524,-43.095733880090492,0,0,0,0,0,0,0
-43.045738829185524,-42.945748727375559,-42.995743778280541,0,0,0,0,0,0,0
-42.945748727375559,-42.845758625565594,-42.895753676470576,0,0,0,0,0,0,0
-42.845758625565594,-42.745768523755629,-42.795763574660612,0,0,0,0,0,0,0
-42.745768523755629,-42.645778421945693,-42.695773472850661,0,0,0,0,0,0,0
-42.645778421945693,-42.545788320135756,-42.595783371040724,0,0,0,0,0,0,0
-42.545788320135756,-42.445798218325791,-42.495793269230774,0,0,0,0,0,0,0
-42.445798218325791,-42.345808116515826,-42.395803167420809,0,0,0,0,0,0,0
-42.345808116515826,-42.245818014705861,-42.295813065610844,0,0,0,0,0,0,0
-42.245818014705861,-42.145827912895896,-42.195822963800879,0,0,0,0,0,0,0
-42.145827912895896,-42.04583781108596,-42.095832861990928,0,0,0,0,0,0,0
-42.04583781108596,-41.945847709276023,-41.995842760180992,0,0,0,0,0,0,0
-41.945847709276023,-41.845857607466058,-41.895852658371041,0,0,0,0,0,0,0
-41.845857607466058,-41.745867505656093,-41.795862556561076,0,0,0,0,0,0,0
-41.745867505656093,-41.645877403846129,-41.695872454751111,0,0,0,0,0,0,0
-41.645877403846129,-41.545887302036192,-41.59588235294116,0,0,0,0,0,0,0
-41.545887302036192,-41.445897200226256,-41.495892251131224,0,0,0,0,0,0,0
-41.445897200226256,-41.345907098416291,-41.395902149321273,0,0,0,0,0,0,0
-41.345907098416291,-41.245916996606326,-41.295912047511308,0,0,0,0,0,0,0
-41.245916996606326,-41.145926894796361,-41.195921945701343,0,0,0,0,0,0,0
-41.145926894796361,-41.045936792986396,-41.095931843891378,0,0,0,0,0,0,0
-41.045936792986396,-40.945946691176459,-40.995941742081428,0,0,0,0,0,0,0
-40.945946691176459,-40.845956589366523,-40.895951640271491,0,0,0,0,0,0,0
-40.845956589366523,-40.745966487556558,-40.79596153846154,0,0,0,0,0,0,0
-40.745966487556558,-40.645976385746593,-40.695971436651575,0,0,0,0,0,0,0
-40.645976385746593,-40.545986283936628,-40.595981334841611,0,0,0,0,0,0,0
-40.545986283936628,-40.445996182126663,-40.495991233031646,0,0,0,0,0,0,0
-40.445996182126663,-40.346006080316727,-40.396001131221695,0,0,0,0,0,0,0
-40.346006080316727,-40.24601597850679,-40.296011029411758,0,0,0,0,0,0,0
-40.24601597850679,-40.146025876696825,-40.196020927601808,0,0,0,0,0,0,0
-40.146025876696825,-40.04603577488686,-40.096030825791843,0,0,0,0,0,0,0
-40.04603577488686,-39.946045673076895,-39.996040723981878,0,0,0,0,0,0,0
-39.946045673076895,-39.846055571266959,-39.896050622171927,0,0,0,0,0,0,0
-39.846055571266959,-39.746065469457022,-39.796060520361991,0,0,0,0,0,0,0
-39.746065469457022,-39.646075367647057,-39.69607041855204,0,0,0,0,0,0,0
-39.646075367647057,-39.546085265837092,-39.596080316742075,0,0,0,0,0,0,0
-39.546085265837092,-39.446095164027128,-39.49609021493211,0,0,0,0,0,0,0
-39.446095164027128,-39.346105062217163,-39.396100113122145,0,0,0,0,0,0,0
-39.346105062217163,-39.246114960407226,-39.296110011312194,0,0,0,0,0,0,0
-39.246114960407226,-39.14612485859729,-39.196119909502258,0,0,0,0,0,0,0
-39.14612485859729,-39.046134756787325,-39.096129807692307,0,0,0,0,0,0,0
-39.046134756787325,-38.94614465497736,-38.996139705882342,0,0,0,0,0,0,0
-38.94614465497736,-38.846154553167395,-38.896149604072377,0,0,0,0,0,0,0
-38.846154553167395,-38.746164451357458,-38.796159502262427,0,0,0,0,0,0,0
-38.746164451357458,-38.646174349547522,-38.69616940045249,0,0,0,0,0,0,0
-38.646174349547522,-38.546184247737557,-38.596179298642539,0,0,0,0,0,0,0
-38.546184247737557,-38.446194145927592,-38.496189196832574,0,0,0,0,0,0,0
-38.446194145927592,-38.346204044117627,-38.39619909502261,0,0,0,0,0,0,0
-38.346204044117627,-38.246213942307662,-38.296208993212645,0,0,0,0,0,0,0
-38.246213942307662,-38.146223840497726,-38.196218891402694,0,0,0,0,0,0,0
-38.146223840497726,-38.046233738687789,-38.096228789592757,0,0,0,0,0,0,0
-38.046233738687789,-37.946243636877824,-37.996238687782807,0,0,0,0,0,0,0
-37.946243636877824,-37.846253535067859,-37.896248585972842,0,0,0,0,0,0,0
-37.846253535067859,-37.746263433257894,-37.796258484162877,0,0,0,0,0,0,0
-37.746263433257894,-37.646273331447929,-37.696268382352912,0,0,0,0,0,0,0
-37.646273331447929,-37.546283229637993,-37.596278280542961,0,0,0,0,0,0,0
-37.546283229637993,-37.446293127828056,-37.496288178733025,0,0,0,0,0,0,0
-37.446293127828056,-37.346303026018091,-37.396298076923074,3.1469921419075324e-20,1.7032128868276533e-20,1.6026927596649054e-20,9.7813931268665984e-20,1.6343417101967306e-20,1.4761467066808326e-21,2.5689184421413435e-20
-37.346303026018091,-37.246312924208127,-37.296307975113109,8.0230291834720499e-18,2.295992737817259e-18,6.2170008048565971e-18,1.6727292801961675e-17,6.7403935071198934e-18,3.0947252292912224e-18,7.3357335741308586e-18
-37.246312924208127,-37.146322822398162,-37.196317873303144,1.0475332837808751e-15,2.0658734189513107e-16,8.9650858350332271e-16,1.8165519053496771e-15,9.6619314511347e-16,5.6854833203482454e-16,9.8986445290308156e-16
-37.146322822398162,-37.046332720588225,-37.096327771493193,9.1340221735263042e-14,1.2708187265503933e-14,8.3103579369686802e-14,1.371598981805749e-13,8.9288301458737233e-14,5.8959004677145981e-14,8.8190324990170313e-14
-37.046332720588225,-36.946342618778289,-36.996337669683257,5.8133066940904283e-12,5.4020117027489365e-13,5.5259070435658056e-12,7.6535053992047466e-12,5.9016359025207089e-12,4.2810673497909957e-12,5.7044177753698842e-12
-36.946342618778289,-36.846352516968324,-36.896347567873306,2.7350527117074397e-10,1.6148477085864227e-11,2.6733354497763026e-10,3.2332208931983366e-10,2.8301889516746547e-10,2.2251047661494184e-10,2.713413497738487e-10
-36.846352516968324,-36.746362415158359,-36.796357466063341,9.528486610304398e-09,3.4708999081553726e-10,9.4533874480819987e-09,1.04377139872644e-08,9.9058210804258597e-09,8.3307701723860888e-09,9.5147403633636391e-09
-36.746362415158359,-36.646372313348394,-36.696367364253376,2.4571971360969074e-07,5.4689681273401182e-09,2.4528487272352636e-07,2.5694349222064841e-07,2.5437372604127526e-07,2.2579716338974705e-07,2.4619931367325674e-07
-36.646372313348394,-36.546382211538429,-36.596377262443411,4.6869476393408627e-06,6.3726994446603459e-08,4.684830427061968e-06,4.782308766478326e-06,4.813314864524248e-06,4.4505696251399312e-06,4.7037145134998409e-06
-36.546382211538429,-36.446392109728492,-36.496387160633461,6.6108157477717388e-05,5.5081513938375108e-07,6.6035391921992947e-05,6.6705201212216748e-05,6.7328864067296693e-05,6.4075152316845089e-05,6.6396177870235446e-05
-36.446392109728492,-36.346402007918556,-36.396397058823524,0.00068974954470556638,3.5854207970563493e-06,0.00068831225961060608,0.00069302513809939693,0.00069769182604599784,0.00067669225087842785,0.00069302624889340308
-36.346402007918556,-36.246411906108591,-36.296406957013573,0.0053275733434621064,1.8290682398050474e-05,0.0053131853122551182,0.0053460793528890228,0.0053625505813373851,0.0052624523424386919,0.0053535991283903137
-36.246411906108591,-36.146421804298626,-36.196416855203609,0.030490254518520537,7.5905416661043449e-05,0.030404778159563908,0.030587018153161644,0.030593476969875744,0.030231316582603474,0.030634682727397906
-36.146421804298626,-36.046431702488661,-36.096426753393644,0.1294120089196123,0.00025054830227796081,0.12908879190037126,0.12979633722471048,0.12960929645162236,0.1286005323664636,0.12996508665489365
-36.046431702488661,-35.946441600678725,-35.996436651583693,0.40766433311921874,0.00061256339221833528,0.406863605179967,0.40871471610585558,0.40789029673785354,0.40575379511369092,0.40909925245872653
-35.946441600678725,-35.846451498868788,-35.896446549773756,0.95360890438375789,0.001027821664450206,0.95230559541179172,0.95549135804917851,0.95374626098954218,0.95045686173164945,0.95604444573662739
-35.846451498868788,-35.746461397058823,-35.796456447963806,1.6568072081589968,0.0010573851259875193,1.6554753215549554,1.6588422720047331,1.6568918498847081,1.6535735481821596,1.6592530491684279
-35.746461397058823,-35.646471295248858,-35.696466346153841,2.1378829246481366,0.00040574151643709382,2.1372624729906966,2.1387439137633133,2.1380683695229226,2.1366597006443215,2.1386801663194301
-35.646471295248858,-35.546481193438893,-35.596476244343876,2.0481874534687288,0.00056126881135452064,2.0486722295523334,2.0472192643007108,2.0483720438097262,2.0499257849683388,2.0467479447125352
-35.546481193438893,-35.446491091628928,-35.496486142533911,1.4560113119969242,0.0010882809669048505,1.4572967827976084,1.4539790315809074,1.455899509594847,1.4594006351774105,1.4534806008338481
-35.446491091628928,-35.346500989818992,-35.39649604072396,0.7673161706341185,0.00096707257112793848,0.76865846775802182,0.76549774189521569,0.76692142072301861,0.77030710525361623,0.7651961175407197
-35.346500989818992,-35.246510888009055,-35.296505938914024,0.29943591444606377,0.00055087895540805809,0.30030061960480531,0.2984231231234305,0.29905752772823463,0.30111585972074484,0.29828244205310361
-35.246510888009055,-35.14652078619909,-35.196515837104073,0.086413836833011848,0.00021685642182107224,0.086783904822409011,0.086033634120490851,0.086215878547044919,0.08706477953479981,0.085970987140314634
-35.14652078619909,-35.046530684389126,-35.096525735294108,0.018414300670080493,6.0527172288438716e-05,0.018522423957954882,0.018315009035517794,0.01835005852580306,0.018593760789082949,0.018290251042043775
-35.046530684389126,-34.946540582579161,-34.996535633484143,0.0028924390668559063,1.2123543868688498e-05,0.0029144316948951621,0.0028739623314784166,0.002878877428821505,0.002928122699107305,0.002866801179977143
-34.946540582579161,-34.846550480769224,-34.896545531674192,0.00033426756719568724,1.7572625019879163e-06,0.000337444192187886,0.00033174466139415459,0.00033237174270238341,0.00033941288037733346,0.00033036435931667866
-34.846550480769224,-34.746560378959288,-34.796555429864256,2.8367605250960866e-05,1.8548929464679778e-07,2.870003976809629e-05,2.8105989297297057e-05,2.819251077300313e-05,2.8906094492665368e-05,2.7933391923742478e-05
-34.746560378959288,-34.646570277149323,-34.696565328054305,1.764443417961464e-06,1.4311510801906539e-08,1.7900541605142917e-06,1.7433331996654026e-06,1.7540482047742802e-06,1.8052682045396709e-06,1.7295133203136757e-06
-34.646570277149323,-34.546580175339358,-34.59657522624434,8.0259449298247386e-08,8.0731427002299332e-10,8.1720216160124348e-08,7.8938735815808369e-08,7.9894768999331808e-08,8.2492939593767092e-08,7.8250585922205289e-08
-34.546580175339358,-34.446590073529393,-34.496585124434375,2.6627828517201178e-09,3.314491232350909e-11,2.7240007456118696e-09,2.6005848245218263e-09,2.6575569103593824e-09,2.7504699034839866e-09,2.581301874623524e-09
-34.446590073529393,-34.346599971719428,-34.39659502262441,6.4232657637591795e-11,9.7998929293326107e-13,6.6083991525987417e-11,6.2104965453009444e-11,6.4345162456560816e-11,6.6683865677706708e-11,6.1945303074694616e-11
-34.346599971719428,-34.246609869909491,-34.29660492081446,1.1224048369918491e-12,2.0545987547930745e-14,1.1619007439377403e-12,1.0709399751813703e-12,1.129236241814134e-12,1.1706591026948339e-12,1.0792881213311667e-12
-34.246609869909491,-34.146619768099555,-34.196614819004523,1.4121310689834871e-14,3.0057806305347408e-16,1.4701905999148662e-14,1.3254609036898139e-14,1.4263332473845923e-14,1.4779923683232183e-14,1.3606782256049453e-14
-34.146619768099555,-34.04662966628959,-34.096624717194572,1.2240809765884146e-16,3.0236779582389007e-18,1.2808785568656033e-16,1.1236028604688896e-16,1.2400241344171794e-16,1.2844500661037999e-16,1.1914492650866012e-16
-34.04662966628959,-33.946639564479625,-33.996634615384608,5.3097843750926925e-19,2.0633567494759297e-20,5.6418263057968219e-19,4.5076105025263726e-19,5.4360176133077372e-19,5.5882359802549924e-19,5.3752314735775384e-19
-33.946639564479625,-33.84664946266966,-33.896644513574643,1.1554358172896249e-22,1.1554358172896249e-22,0,0,0,0,5.7771790864481241e-22
-33.84664946266966,-33.746659360859695,-33.796654411764678,0,0,0,0,0,0,0
-33.746659360859695,-33.646669259049759,-33.696664309954727,0,0,0,0,0,0,0
-33.646669259049759,-33.546679157239822,-33.59667420814479,0,0,0,0,0,0,0
-33.546679157239822,-33.446689055429857,-33.49668410633484,0,0,0,0,0,0,0
-33.446689055429857,-33.346698953619892,-33.396694004524875,0,0,0,0,0,0,0
-33.346698953619892,-33.246708851809927,-33.29670390271491,0,0,0,0,0,0,0
-33.246708851809927,-33.146718749999991,-33.196713800904959,0,0,0,0,0,0,0
-33.146718749999991,-33.046728648190054,-33.096723699095023,0,0,0,0,0,0,0
-33.046728648190054,-32.946738546380089,-32.996733597285072,0,0,0,0,0,0,0
-32.946738546380089,-32.846748444570125,-32.896743495475107,0,0,0,0,0,0,0
-32.846748444570125,-32.74675834276016,-32.796753393665142,0,0,0,0,0,0,0
-32.74675834276016,-32.646768240950195,-32.696763291855177,0,0,0,0,0,0,0
-32.646768240950195,-32.546778139140258,-32.596773190045226,0,0,0,0,0,0,0
-32.546778139140258,-32.446788037330322,-32.49678308823529,0,0,0,0,0,0,0
-32.446788037330322,-32.346797935520357,-32.396792986425339,0,0,0,0,0,0,0
-32.346797935520357,-32.246807833710392,-32.296802884615374,0,0,0,0,0,0,0
-32.246807833710392,-32.146817731900427,-32.196812782805409,0,0,0,0,0,0,0
-32.146817731900427,-32.04682763009049,-32.096822680995459,0,0,0,0,0,0,0
-32.04682763009049,-31.946837528280554,-31.996832579185522,0,0,0,0,0,0,0
-31.946837528280554,-31.846847426470589,-31.896842477375571,0,0,0,0,0,0,0
-31.846847426470589,-31.746857324660624,-31.796852375565607,0,0,0,0,0,0,0
-31.746857324660624,-31.646867222850659,-31.696862273755642,0,0,0,0,0,0,0
-31.646867222850659,-31.546877121040694,-31.596872171945677,0,0,0,0,0,0,0
-31.546877121040694,-31.446887019230758,-31.496882070135726,0,0,0,0,0,0,0
-31.446887019230758,-31.346896917420821,-31.396891968325789,0,0,0,0,0,0,0
-31.346896917420821,-31.246906815610856,-31.296901866515839,0,0,0,0,0,0,0
-31.246906815610856,-31.146916713800891,-31.196911764705874,0,0,0,0,0,0,0
-31.146916713800891,-31.046926611990926,-31.096921662895909,0,0,0,0,0,0,0
-31.046926611990926,-30.946936510180961,-30.996931561085944,0,0,0,0,0,0,0
-30.946936510180961,-30.846946408371025,-30.896941459275993,0,0,0,0,0,0,0
-30.846946408371025,-30.746956306561088,-30.796951357466057,0,0,0,0,0,0,0
-30.746956306561088,-30.646966204751124,-30.696961255656106,0,0,0,0,0,0,0
-30.646966204751124,-30.546976102941159,-30.596971153846141,0,0,0,0,0,0,0
-30.546976102941159,-30.446986001131194,-30.496981052036176,0,0,0,0,0,0,0
-30.446986001131194,-30.346995899321257,-30.396990950226225,0,0,0,0,0,0,0
-30.346995899321257,-30.247005797511321,-30.297000848416289,0,0,0,0,0,0,0
-30.247005797511321,-30.147015695701356,-30.197010746606338,0,0,0,0,0,0,0
-30.147015695701356,-30.047025593891391,-30.097020644796373,0,0,0,0,0,0,0
-30.047025593891391,-29.947035492081426,-29.997030542986408,0,0,0,0,0,0,0
-29.947035492081426,-29.847045390271461,-29.897040441176443,0,0,0,0,0,0,0
-29.847045390271461,-29.747055288461524,-29.797050339366493,0,0,0,0,0,0,0
-29.747055288461524,-29.647065186651588,-29.697060237556556,0,0,0,0,0,0,0
-29.647065186651588,-29.547075084841623,-29.597070135746606,0,0,0,0,0,0,0
-29.547075084841623,-29.447084983031658,-29.497080033936641,0,0,0,0,0,0,0
-29.447084983031658,-29.347094881221693,-29.397089932126676,0,0,0,0,0,0,0
-29.347094881221693,-29.247104779411757,-29.297099830316725,0,0,0,0,0,0,0
-29.247104779411757,-29.14711467760182,-29.197109728506788,0,0,0,0,0,0,0
-29.14711467760182,-29.047124575791855,-29.097119626696838,0,0,0,0,0,0,0
-29.047124575791855,-28.94713447398189,-28.997129524886873,0,0,0,0,0,0,0
-28.94713447398189,-28.847144372171925,-28.897139423076908,0,0,0,0,0,0,0
-28.847144372171925,-28.74715427036196,-28.797149321266943,0,0,0,0,0,0,0
-28.74715427036196,-28.647164168552024,-28.697159219456992,0,0,0,0,0,0,0
-28.647164168552024,-28.547174066742087,-28.597169117647056,0,0,0,0,0,0,0
-28.547174066742087,-28.447183964932123,-28.497179015837105,0,0,0,0,0,0,0
-28.447183964932123,-28.347193863122158,-28.39718891402714,0,0,0,0,0,0,0
-28.347193863122158,-28.247203761312193,-28.297198812217175,0,0,0,0,0,0,0
-28.247203761312193,-28.147213659502228,-28.19720871040721,0,0,0,0,0,0,0
-28.147213659502228,-28.047223557692291,-28.09721860859726,0,0,0,0,0,0,0
-28.047223557692291,-27.947233455882355,-27.997228506787323,0,0,0,0,0,0,0
-27.947233455882355,-27.84724335407239,-27.897238404977372,0,0,0,0,0,0,0
-27.84724335407239,-27.747253252262425,-27.797248303167407,0,0,0,0,0,0,0
-27.747253252262425,-27.64726315045246,-27.697258201357442,0,0,0,0,0,0,0
-27.64726315045246,-27.547273048642523,-27.597268099547492,0,0,0,0,0,0,0
-27.547273048642523,-27.447282946832587,-27.497277997737555,0,0,0,0,0,0,0
-27.447282946832587,-27.347292845022622,-27.397287895927604,0,0,0,0,0,0,0
-27.347292845022622,-27.247302743212657,-27.29729779411764,0,0,0,0,0,0,0
-27.247302743212657,-27.147312641402692,-27.197307692307675,4.6573579464374169e-20,3.028836512020815e-20,5.0735957574628769e-20,5.825952302197028e-21,1.6256248463079992e-19,1.253347810218049e-20,1.2100247120646578e-21
-27.147312641402692,-27.047322539592727,-27.09731759049771,9.9006490602243843e-18,4.0977271535042318e-18,1.0381080432039849e-17,4.5586297737016328e-18,2.5590039119079143e-17,5.5548683173784674e-18,3.4186276589228299e-18
-27.047322539592727,-26.947332437782791,-26.997327488687759,1.2215987740089063e-15,3.6758016313698676e-16,1.2599319073191584e-15,7.50984505777679e-16,2.6290982322731713e-15,8.4070463929605572e-16,6.2727458537846706e-16
-26.947332437782791,-26.847342335972854,-26.897337386877822,1.0240028464626141e-13,2.2387705205856307e-14,1.0434535029575878e-13,7.4467238588232198e-14,1.8810673121486901e-13,8.0004494523466197e-14,6.5077608608980879e-14
-26.847342335972854,-26.747352234162889,-26.797347285067872,6.3304853788337719e-12,9.2869435787631952e-13,6.3857805903785492e-12,5.2177026277839274e-12,9.884355900405349e-12,5.4443446542002608e-12,4.7202431214007763e-12
-26.747352234162889,-26.647362132352924,-26.697357183257907,2.9279222744090149e-10,2.6345649222828447e-11,2.9322136148123109e-10,2.6321005847087782e-10,3.93548799008628e-10,2.6905602663509011e-10,2.4492489160868052e-10
-26.647362132352924,-26.547372030542959,-26.597367081447942,1.0134832877964101e-08,5.1348313738556673e-10,1.010785354806634e-08,9.6174677595095251e-09,1.2097539933466979e-08,9.6965841021047053e-09,9.1547190466729544e-09
-26.547372030542959,-26.447381928733023,-26.497376979637991,2.615311195831343e-07,6.9073713686613604e-09,2.6041278619636779e-07,2.5579577171765884e-07,2.8794702027466872e-07,2.5568388046059509e-07,2.478161392663813e-07
-26.447381928733023,-26.347391826923086,-26.397386877828055,5.0083902256736392e-06,6.4429648586738183e-08,4.9869242479158171e-06,4.9726476605999747e-06,5.2555150052454566e-06,4.9464512533693818e-06,4.880412961237568e-06
-26.347391826923086,-26.247401725113122,-26.297396776018104,7.0947681088700531e-05,4.2237776854318863e-07,7.0699835102298926e-05,7.0896984821842694e-05,7.2566102956117315e-05,7.0370600812983517e-05,7.0204881750260257e-05
-26.247401725113122,-26.147411623303157,-26.197406674208139,0.00074232152555236118,2.0929943913449624e-06,0.00074049795562692482,0.00074339912438707578,0.00074984036376895494,0.00073758285472421911,0.00074028732925463089
-26.147411623303157,-26.047421521493192,-26.097416572398174,0.0057352231689242993,9.5638326037219359e-06,0.0057265798409777482,0.0057452947603286045,0.0057609955438036884,0.0057040296530573506,0.0057392160464541072
-26.047421521493192,-25.947431419683227,-25.997426470588209,0.032733902135573076,4.1456775476044162e-05,0.032707624408832903,0.032780382692204173,0.03280665087254276,0.032582760340542895,0.032792092363742635
-25.947431419683227,-25.84744131787329,-25.897436368778258,0.13811813579641205,0.00013792368937888118,0.13806626653497356,0.13825453109959546,0.13831797457967751,0.13760259191918645,0.13834931484862731
-25.84744131787329,-25.747451216063354,-25.797446266968322,0.43116541749338166,0.00031958157177193361,0.43109106094553523,0.43144643311610159,0.43170265667294244,0.42995895332694306,0.43162798340538616
-25.747451216063354,-25.647461114253389,-25.697456165158371,0.99640991008096447,0.00050929519061898869,0.99631225481878316,0.99684703486383297,0.99756745662170621,0.9945374414949697,0.99678536260553008
-25.647461114253389,-25.547471012443424,-25.597466063348406,1.7051927682204298,0.00055347330254347374,1.7050971648413655,1.7057101750204364,1.7068311082981065,1.7034403564188549,1.7048850365233859
-25.547471012443424,-25.447480910633459,-25.497475961538441,2.161111249978021,0.00037274758235150354,2.1611449867979391,2.1614918322535503,2.1622560534595978,2.1605628028874619,2.1601005744915569
-25.447480910633459,-25.347490808823522,-25.397485859728491,2.0280178944171974,0.00030628174698479974,2.0282675625311311,2.0279822659727631,2.0276769761874749,2.0290001079605733,2.0271625594340446
-25.347490808823522,-25.247500707013586,-25.297495757918554,1.4084924279518125,0.00054843041651625696,1.4087797235694925,1.4080061792291609,1.4069334182869946,1.4102989906425794,1.4084438280308349
-25.247500707013586,-25.147510605203621,-25.197505656108603,0.72339687251949591,0.00054224090827825907,0.72348219313277118,0.72277816609261247,0.72180733869988334,0.72505432526989111,0.72386233940232148
-25.147510605203621,-25.047520503393656,-25.097515554298639,0.27445077461246919,0.00033207742230500597,0.27435150676299475,0.27402356864438748,0.27355112162925349,0.27546949707688073,0.27485817894882952
-25.047520503393656,-24.947530401583691,-24.997525452488674,0.076816722231436846,0.00013695024678083014,0.076697999717854487,0.0766334453331316,0.076500694650801407,0.077260957456198417,0.07699051399919829
-24.947530401583691,-24.847540299773726,-24.897535350678709,0.015838157106420614,3.9937960742309134e-05,0.015778142537191172,0.01578817280630955,0.015767987927827781,0.015976442058880668,0.015880040201893892
-24.847540299773726,-24.74755019796379,-24.797545248868758,0.0024014558340424413,8.4559704338641665e-06,0.0023837021601953354,0.0023931172220428868,0.0023918415918159019,0.0024318675933572881,0.0024067506028007941
-24.74755019796379,-24.647560096153853,-24.697555147058821,0.0002672923635574504,1.2988736750355492e-06,0.00026396864720583591,0.00026659454481649594,0.00026654165189768175,0.00027194307051168375,0.00026741390335555457
-24.647560096153853,-24.547569994343888,-24.597565045248871,2.1803271000793489e-05,1.4234078227947841e-07,2.139819665209173e-05,2.1816931557904206e-05,2.1777539193801805e-05,2.228868199840873e-05,2.1735005601760979e-05
-24.547569994343888,-24.447579892533923,-24.497574943438906,1.3016015260083043e-06,1.1052909038598306e-08,1.2691374754392621e-06,1.3120082683177604e-06,1.3017186706147991e-06,1.3353797421956955e-06,1.2897634734740044e-06
-24.447579892533923,-24.347589790723958,-24.397584841628941,5.6792759841805203e-08,6.2337377454427327e-10,5.5081016172426918e-08,5.8025018595613131e-08,5.6781888163919221e-08,5.8303447174859354e-08,5.5772429102207369e-08
-24.347589790723958,-24.247599688913994,-24.297594739818976,1.8082873682611963e-09,2.6840574543752009e-11,1.7493588202835504e-09,1.8877496414529703e-09,1.8022193714843985e-09,1.8483834221303231e-09,1.7537255859547395e-09
-24.247599688913994,-24.147609587104057,-24.197604638009025,4.1918884781464122e-11,8.9440234402283899e-13,4.0619889458987004e-11,4.5113167329534738e-11,4.1481097332277129e-11,4.2384804421910296e-11,3.9995465364611446e-11
-24.147609587104057,-24.047619485294121,-24.097614536199089,7.0521997708001268e-13,2.1935320169826341e-14,6.8771789361407461e-13,7.8869890029039243e-13,6.8986353535807454e-13,7.0029456679350707e-13,6.5952498934401515e-13
-24.047619485294121,-23.947629383484156,-23.997624434389138,8.5512001190239682e-15,3.7489342485192991e-16,8.4263161984566085e-15,9.9941142942672399e-15,8.2364061510469967e-15,8.2851318891328946e-15,7.8140320622160981e-15
-23.947629383484156,-23.847639281674191,-23.897634332579173,7.0452455336038345e-17,4.3531421838674878e-18,7.0324054947754431e-17,8.7110190876945067e-17,6.6478265274812665e-17,6.6030991175250441e-17,6.2318774405429083e-17
-23.847639281674191,-23.747649179864226,-23.797644230769208,2.7572885195451595e-19,3.5650882723809668e-20,2.9531944179940487e-19,4.0704636254803078e-19,2.3691278939432429e-19,2.2082952178445139e-19,2.1853614424636843e-19
-23.747649179864226,-23.647659078054289,-23.697654128959257,0,0,0,0,0,0,0
-23.647659078054289,-23.547668976244353,-23.597664027149321,0,0,0,0,0,0,0
-23.547668976244353,-23.447678874434388,-23.49767392533937,0,0,0,0,0,0,0
-23.447678874434388,-23.347688772624423,-23.397683823529405,0,0,0,0,0,0,0
-23.347688772624423,-23.247698670814458,-23.29769372171944,0,0,0,0,0,0,0
-23.247698670814458,-23.147708569004493,-23.197703619909475,0,0,0,0,0,0,0
-23.147708569004493,-23.047718467194557,-23.097713518099525,0,0,0,0,0,0,0
-23.047718467194557,-22.94772836538462,-22.997723416289588,0,0,0,0,0,0,0
-22.94772836538462,-22.847738263574655,-22.897733314479638,0,0,0,0,0,0,0
-22.847738263574655,-22.74774816176469,-22.797743212669673,0,0,0,0,0,0,0
-22.74774816176469,-22.647758059954725,-22.697753110859708,0,0,0,0,0,0,0
-22.647758059954725,-22.547767958144789,-22.597763009049757,0,0,0,0,0,0,0
-22.547767958144789,-22.447777856334852,-22.49777290723982,0,0,0,0,0,0,0
-22.447777856334852,-22.347787754524887,-22.39778280542987,0,0,0,0,0,0,0
-22.347787754524887,-22.247797652714922,-22.297792703619905,0,0,0,0,0,0,0
-22.247797652714922,-22.147807550904957,-22.19780260180994,0,0,0,0,0,0,0
-22.147807550904957,-22.047817449094993,-22.097812499999975,0,0,0,0,0,0,0
-22.047817449094993,-21.947827347285056,-21.997822398190024,0,0,0,0,0,0,0
-21.947827347285056,-21.84783724547512,-21.897832296380088,0,0,0,0,0,0,0
-21.84783724547512,-21.747847143665155,-21.797842194570137,0,0,0,0,0,0,0
-21.747847143665155,-21.64785704185519,-21.697852092760172,0,0,0,0,0,0,0
-21.64785704185519,-21.547866940045225,-21.597861990950207,0,0,0,0,0,0,0
-21.547866940045225,-21.44787683823526,-21.497871889140242,0,0,0,0,0,0,0
-21.44787683823526,-21.347886736425323,-21.397881787330292,0,0,0,0,0,0,0
-21.347886736425323,-21.247896634615387,-21.297891685520355,0,0,0,0,0,0,0
-21.247896634615387,-21.147906532805422,-21.197901583710404,0,0,0,0,0,0,0
-21.147906532805422,-21.047916430995457,-21.097911481900439,0,0,0,0,0,0,0
-21.047916430995457,-20.947926329185492,-20.997921380090474,0,0,0,0,0,0,0
-20.947926329185492,-20.847936227375556,-20.897931278280524,0,0,0,0,0,0,0
-20.847936227375556,-20.747946125565619,-20.797941176470587,0,0,0,0,0,0,0
-20.747946125565619,-20.647956023755654,-20.697951074660637,0,0,0,0,0,0,0
-20.647956023755654,-20.547965921945689,-20.597960972850672,0,0,0,0,0,0,0
-20.547965921945689,-20.447975820135724,-20.497970871040707,0,0,0,0,0,0,0
-20.447975820135724,-20.347985718325759,-20.397980769230742,0,0,0,0,0,0,0
-20.347985718325759,-20.247995616515823,-20.297990667420791,0,0,0,0,0,0,0
-20.247995616515823,-20.148005514705886,-20.198000565610855,0,0,0,0,0,0,0
-20.148005514705886,-20.048015412895921,-20.098010463800904,0,0,0,0,0,0,0
-20.048015412895921,-19.948025311085956,-19.998020361990939,0,0,0,0,0,0,0
-19.948025311085956,-19.848035209275992,-19.898030260180974,0,0,0,0,0,0,0
-19.848035209275992,-19.748045107466055,-19.798040158371023,0,0,0,0,0,0,0
-19.748045107466055,-19.648055005656119,-19.698050056561087,0,0,0,0,0,0,0
-19.648055005656119,-19.548064903846154,-19.598059954751136,0,0,0,0,0,0,0
-19.548064903846154,-19.448074802036189,-19.498069852941171,0,0,0,0,0,0,0
-19.448074802036189,-19.348084700226224,-19.398079751131206,0,0,0,0,0,0,0
-19.348084700226224,-19.248094598416259,-19.298089649321241,0,0,0,0,0,0,0
-19.248094598416259,-19.148104496606322,-19.198099547511291,0,0,0,0,0,0,0
-19.148104496606322,-19.048114394796386,-19.098109445701354,0,0,0,0,0,0,0
-19.048114394796386,-18.948124292986421,-18.998119343891403,0,0,0,0,0,0,0
-18.948124292986421,-18.848134191176456,-18.898129242081438,0,0,0,0,0,0,0
-18.848134191176456,-18.748144089366491,-18.798139140271473,0,0,0,0,0,0,0
-18.748144089366491,-18.648153987556526,-18.698149038461509,0,0,0,0,0,0,0
-18.648153987556526,-18.54816388574659,-18.598158936651558,0,0,0,0,0,0,0
-18.54816388574659,-18.448173783936653,-18.498168834841621,0,0,0,0,0,0,0
-18.448173783936653,-18.348183682126688,-18.398178733031671,0,0,0,0,0,0,0
-18.348183682126688,-18.248193580316723,-18.298188631221706,0,0,0,0,0,0,0
-18.248193580316723,-18.148203478506758,-18.198198529411741,0,0,0,0,0,0,0
-18.148203478506758,-18.048213376696822,-18.09820842760179,0,0,0,0,0,0,0
-18.048213376696822,-17.948223274886885,-17.998218325791854,0,0,0,0,0,0,0
-17.948223274886885,-17.84823317307692,-17.898228223981903,0,0,0,0,0,0,0
-17.84823317307692,-17.748243071266955,-17.798238122171938,0,0,0,0,0,0,0
-17.748243071266955,-17.648252969456991,-17.698248020361973,0,0,0,0,0,0,0
-17.648252969456991,-17.548262867647026,-17.598257918552008,0,0,0,0,0,0,0
-17.548262867647026,-17.448272765837089,-17.498267816742057,0,0,0,0,0,0,0
-17.448272765837089,-17.348282664027153,-17.398277714932121,0,0,0,0,0,0,0
-17.348282664027153,-17.248292562217188,-17.29828761312217,0,0,0,0,0,0,0
-17.248292562217188,-17.148302460407223,-17.198297511312205,0,0,0,0,0,0,0
-17.148302460407223,-17.048312358597258,-17.09830740950224,0,0,0,0,0,0,0
-17.048312358597258,-16.948322256787321,-16.99831730769229,1.4607981571323694e-20,3.8573634583084907e-21,1.2840227841224496e-20,1.529628826838089e-20,2.8020612042682313e-20,4.0805427665879699e-21,1.2802236937742807e-20
-16.948322256787321,-16.848332154977385,-16.898327205882353,6.6105064000468739e-18,5.7358728914397534e-19,6.0751619153586614e-18,6.7455492303242462e-18,8.6607579078273208e-18,5.189495074481059e-18,6.3815678722430838e-18
-16.848332154977385,-16.74834205316742,-16.798337104072402,1.0109586978031729e-15,5.4126135915487055e-17,9.4829323837270605e-16,1.0251618418045128e-15,1.2063351779648588e-15,8.8506008715167434e-16,9.8994314372211209e-16
-16.74834205316742,-16.648351951357455,-16.698347002262437,9.6587336840193544e-14,3.5421343048345753e-15,9.1533595094692104e-14,9.7637423195322974e-14,1.0945006593567375e-13,8.9027310533394087e-14,9.5288289441884818e-14
-16.648351951357455,-16.54836184954749,-16.598356900452472,6.5957450359723824e-12,1.6323074164139724e-13,6.3090651648620683e-12,6.6510954178526449e-12,7.1887471207581714e-12,6.2912530037670504e-12,6.5385644726219795e-12
-16.54836184954749,-16.448371747737525,-16.498366798642508,3.2672709484164005e-10,5.377713194175074e-12,3.1529269327846107e-10,3.288397233885545e-10,3.4605400307890442e-10,3.1859351317145095e-10,3.2485554129082929e-10
-16.448371747737525,-16.348381645927589,-16.398376696832557,1.1781590893336467e-08,1.2847236220132049e-10,1.1460688878231691e-08,1.1840967003275044e-08,1.2230724993809864e-08,1.1641529506631613e-08,1.1734044084734126e-08
-16.348381645927589,-16.248391544117652,-16.29838659502262,3.1008715876746083e-07,2.2462545596490267e-09,3.0373535265070185e-07,3.113425451031648e-07,3.1757153868055188e-07,3.0864354330878568e-07,3.0914281409409987e-07
-16.248391544117652,-16.148401442307687,-16.19839649321267,5.9706019221773992e-06,2.8796664445294808e-08,5.881619881161443e-06,5.9909620563713607e-06,6.0600906175239415e-06,5.9638209893623092e-06,5.9565160664679418e-06
-16.148401442307687,-16.048411340497722,-16.098406391402705,8.4273974725080134e-05,2.6948453219887273e-07,8.338875996171523e-05,8.4528583042305639e-05,8.5036642495203298e-05,8.4290483342157416e-05,8.4125404784019114e-05
-16.048411340497722,-15.948421238687757,-15.99841628959274,0.00087355357471612853,1.8306659004097523e-06,0.00086729112614188466,0.00087596899266624356,0.00087811007428507774,0.00087389197996484529,0.00087250570052259163
-15.948421238687757,-15.848431136877821,-15.898426187782789,0.0066596172435066433,9.0408183894601968e-06,0.0066282035823603232,0.0066764674937459549,0.0066780912694369551,0.0066604044543884357,0.0066549194176015519
-15.848431136877821,-15.748441035067884,-15.798436085972853,0.037384787719768532,3.2924784450264591e-05,0.037274252617209368,0.037468324211607111,0.037432337788193985,0.037376990300955537,0.037372033680876666
-15.748441035067884,-15.648450933257919,-15.698445984162902,0.15469858391619642,8.9534562487907381e-05,0.15443275936959558,0.15498362528510382,0.15476289914098748,0.15463691517363998,0.1546767206116553
-15.648450933257919,-15.548460831447954,-15.598455882352937,0.47233033272092484,0.00017678383974693805,0.4719204468391956,0.47297672288872122,0.47233113403953936,0.47213729504871643,0.47228606478845153
-15.548460831447954,-15.44847072963799,-15.498465780542972,1.0649255261787591,0.00023273381169414565,1.0645987240975974,1.0658431240463342,1.0647946669693233,1.06461933409094,1.0647717816896007
-15.44847072963799,-15.348480627828025,-15.398475678733007,1.7739018721245674,0.00018308263280358565,1.7739593069684532,1.7745775900799725,1.7737610067414993,1.7736930389091878,1.7735184179237244
-15.348480627828025,-15.248490526018088,-15.298485576923056,2.183617400053306,0.00014925899980315781,2.1840461657216679,2.1835508023711458,2.1836849018901092,2.1836857833919554,2.1831193468916523
-15.248490526018088,-15.148500424208152,-15.19849547511312,1.9863496968700691,0.0002086485483852658,1.9867873477544979,1.9856340344732402,1.986586447637275,1.9866049239409271,1.9861357305444056
-15.148500424208152,-15.048510322398187,-15.098505373303169,1.3348975300740844,0.00021099391479478545,1.3350872614472784,1.3340583704453934,1.3350357379561721,1.3351388712130985,1.33516740930848
-15.048510322398187,-14.948520220588222,-14.998515271493204,0.66235641427314451,0.00017350427314473019,0.66237080909558055,0.66177328491618093,0.66229596570121052,0.66249745773859192,0.66284455391415886
-14.948520220588222,-14.848530118778257,-14.898525169683239,0.2424333080320499,0.00010789865775388501,0.24242578024307215,0.24214842088868113,0.24230521435029725,0.24249058633400825,0.24279653834419071
-14.848530118778257,-14.748540016968292,-14.798535067873274,0.065383049406237806,4.6400367794996278e-05,0.065394755537338603,0.065279668679121619,0.065301367316119699,0.065397143177162262,0.065542312321446791
-14.748540016968292,-14.648549915158355,-14.698544966063324,0.012976313848909921,1.3775059602557486e-05,0.01298894212317245,0.012948071528356463,0.012946979786312646,0.012976795974320714,0.013020779832387336
-14.648549915158355,-14.548559813348419,-14.598554864253387,0.0018922361718358874,2.9350681511746445e-06,0.0018976139376121256,0.0018864544014235544,0.0018855881929448707,0.0018912409686231652,0.0019002833585757221
-14.548559813348419,-14.448569711538454,-14.498564762443436,0.00020235132500074759,4.7264685653670916e-07,0.00020366612334194733,0.00020147306616515983,0.00020136633260579869,0.00020197468377240065,0.00020327641911843143
-14.448569711538454,-14.348579609728489,-14.398574660633471,1.5833558655742474e-05,5.9069933813886961e-08,1.6038498200332007e-05,1.5735510903891344e-05,1.5737926065059677e-05,1.5760986595020742e-05,1.5894871514408598e-05
-14.348579609728489,-14.248589507918524,-14.298584558823507,9.043546615461293e-07,5.6112397451172133e-09,9.2565925379664739e-07,8.9637334103943412e-07,8.9843914030634846e-07,8.9566569220026878e-07,9.0563588038794817e-07
-14.248589507918524,-14.148599406108588,-14.198594457013556,3.7603285033335065e-08,3.8952727119310607e-10,3.9113136206703466e-08,3.7132765331678429e-08,3.7390915098016194e-08,3.6919104372332974e-08,3.7460504157944263e-08
-14.148599406108588,-14.048609304298651,-14.098604355203619,1.1347350094202416e-09,1.9185066642550609e-11,1.2084081245355703e-09,1.1147819598338122e-09,1.1319619161816644e-09,1.0985377990129156e-09,1.119985247537245e-09
-14.048609304298651,-13.948619202488686,-13.998614253393669,2.4762591342519588e-11,6.587737094198954e-13,2.7244387414342983e-11,2.4158520341675843e-11,2.4862509700858064e-11,2.3465612165527592e-11,2.4081927090193461e-11
-13.948619202488686,-13.848629100678721,-13.898624151583704,3.8928339499716983e-13,1.560402372255287e-14,4.4691203140987201e-13,3.7633851463777068e-13,3.94958372780301e-13,3.5774497725631308e-13,3.7046307890159237e-13
-13.848629100678721,-13.748638998868756,-13.798634049773739,4.3732419674777889e-15,2.531400581256728e-16,5.2923301903241995e-15,4.1786796404369047e-15,4.502952780973578e-15,3.853024076893456e-15,4.0392231487608033e-15
-13.748638998868756,-13.648648897058791,-13.698643947963774,3.2166664814027721e-17,2.8033882014285988e-18,4.2203990767366581e-17,3.0141378936969038e-17,3.390400640375087e-17,2.6346871937139885e-17,2.8237076024912229e-17
-13.648648897058791,-13.548658795248855,-13.598653846153823,8.6070822926801132e-20,2.033045264541706e-20,1.5653639831222936e-19,7.3115232254455566e-20,1.0306622847659164e-19,4.2947393072661234e-20,5.4688862518067904e-20
-13.548658795248855,-13.448668693438918,-13.498663744343887,0,0,0,0,0,0,0
-13.448668693438918,-13.348678591628953,-13.398673642533936,0,0,0,0,0,0,0
-13.348678591628953,-13.248688489818989,-13.298683540723971,0,0,0,0,0,0,0
-13.248688489818989,-13.148698388009024,-13.198693438914006,0,0,0,0,0,0,0
-13.148698388009024,-13.048708286199087,-13.098703337104055,0,0,0,0,0,0,0
-13.048708286199087,-12.948718184389151,-12.998713235294119,0,0,0,0,0,0,0
-12.948718184389151,-12.848728082579186,-12.898723133484168,0,0,0,0,0,0,0
-12.848728082579186,-12.748737980769221,-12.798733031674203,0,0,0,0,0,0,0
-12.748737980769221,-12.648747878959256,-12.698742929864238,0,0,0,0,0,0,0
-12.648747878959256,-12.548757777149291,-12.598752828054273,0,0,0,0,0,0,0
-12.548757777149291,-12.448767675339354,-12.498762726244323,0,0,0,0,0,0,0
-12.448767675339354,-12.348777573529418,-12.398772624434386,0,0,0,0,0,0,0
-12.348777573529418,-12.248787471719453,-12.298782522624435,0,0,0,0,0,0,0
-12.248787471719453,-12.148797369909488,-12.19879242081447,0,0,0,0,0,0,0
-12.148797369909488,-12.048807268099523,-12.098802319004506,0,0,0,0,0,0,0
-12.048807268099523,-11.948817166289558,-11.998812217194541,0,0,0,0,0,0,0
-11.948817166289558,-11.848827064479622,-11.89882211538459,0,0,0,0,0,0,0
-11.848827064479622,-11.748836962669685,-11.798832013574653,0,0,0,0,0,0,0
-11.748836962669685,-11.64884686085972,-11.698841911764703,0,0,0,0,0,0,0
-11.64884686085972,-11.548856759049755,-11.598851809954738,0,0,0,0,0,0,0
-11.548856759049755,-11.44886665723979,-11.498861708144773,0,0,0,0,0,0,0
-11.44886665723979,-11.348876555429854,-11.398871606334822,0,0,0,0,0,0,0
-11.348876555429854,-11.248886453619917,-11.298881504524886,0,0,0,0,0,0,0
-11.248886453619917,-11.148896351809952,-11.198891402714935,0,0,0,0,0,0,0
-11.148896351809952,-11.048906249999987,-11.09890130090497,0,0,0,0,0,0,0
-11.048906249999987,-10.948916148190023,-10.998911199095005,0,0,0,0,0,0,0
-10.948916148190023,-10.848926046380058,-10.89892109728504,0,0,0,0,0,0,0
-10.848926046380058,-10.748935944570121,-10.798930995475089,0,0,0,0,0,0,0
-10.748935944570121,-10.648945842760185,-10.698940893665153,0,0,0,0,0,0,0
-10.648945842760185,-10.54895574095022,-10.598950791855202,0,0,0,0,0,0,0
-10.54895574095022,-10.448965639140255,-10.498960690045237,0,0,0,0,0,0,0
-10.448965639140255,-10.34897553733029,-10.398970588235272,0,0,0,0,0,0,0
-10.34897553733029,-10.248985435520353,-10.298980486425322,0,0,0,0,0,0,0
-10.248985435520353,-10.148995333710417,-10.198990384615385,0,0,0,0,0,0,0
-10.148995333710417,-10.049005231900452,-10.099000282805434,0,0,0,0,0,0,0
-10.049005231900452,-9.949015130090487,-9.9990101809954695,0,0,0,0,0,0,0
-9.949015130090487,-9.8490250282805221,-9.8990200791855045,0,0,0,0,0,0,0
-9.8490250282805221,-9.7490349264705571,-9.7990299773755396,0,0,0,0,0,0,0
-9.7490349264705571,-9.6490448246606206,-9.6990398755655889,0,0,0,0,0,0,0
-9.6490448246606206,-9.5490547228506841,-9.5990497737556524,0,0,0,0,0,0,0
-9.5490547228506841,-9.4490646210407192,-9.4990596719457017,0,0,0,0,0,0,0
-9.4490646210407192,-9.3490745192307543,-9.3990695701357367,0,0,0,0,0,0,0
-9.3490745192307543,-9.2490844174207894,-9.2990794683257718,0,0,0,0,0,0,0
-9.2490844174207894,-9.1490943156108528,-9.1990893665158211,0,0,0,0,0,0,0
-9.1490943156108528,-9.0491042138009163,-9.0990992647058846,0,0,0,0,0,0,0
-9.0491042138009163,-8.9491141119909514,-8.9991091628959339,0,0,0,0,0,0,0
-8.9491141119909514,-8.8491240101809865,-8.899119061085969,0,0,0,0,0,0,0
-8.8491240101809865,-8.7491339083710216,-8.799128959276004,0,0,0,0,0,0,0
-8.7491339083710216,-8.6491438065610566,-8.6991388574660391,0,0,0,0,0,0,0
-8.6491438065610566,-8.5491537047511201,-8.5991487556560884,0,0,0,0,0,0,0
-8.5491537047511201,-8.4491636029411836,-8.4991586538461519,0,0,0,0,0,0,0
-8.4491636029411836,-8.3491735011312187,-8.3991685520362012,0,0,0,0,0,0,0
-8.3491735011312187,-8.2491833993212538,-8.2991784502262362,0,0,0,0,0,0,0
-8.2491833993212538,-8.1491932975112888,-8.1991883484162713,0,0,0,0,0,0,0
-8.1491932975112888,-8.0492031957013239,-8.0991982466063064,0,0,0,0,0,0,0
-8.0492031957013239,-7.9492130938913874,-7.9992081447963557,0,0,0,0,0,0,0
-7.9492130938913874,-7.8492229920814509,-7.8992180429864192,0,0,0,0,0,0,0
-7.8492229920814509,-7.749232890271486,-7.7992279411764684,0,0,0,0,0,0,0
-7.749232890271486,-7.6492427884615211,-7.6992378393665035,0,0,0,0,0,0,0
-7.6492427884615211,-7.5492526866515561,-7.5992477375565386,0,0,0,0,0,0,0
-7.5492526866515561,-7.4492625848416196,-7.4992576357465879,0,0,0,0,0,0,0
-7.4492625848416196,-7.3492724830316831,-7.3992675339366514,0,0,0,0,0,0,0
-7.3492724830316831,-7.2492823812217182,-7.2992774321267007,0,0,0,0,0,0,0
-7.2492823812217182,-7.1492922794117533,-7.1992873303167357,0,0,0,0,0,0,0
-7.1492922794117533,-7.0493021776017883,-7.0992972285067708,0,0,0,0,0,0,0
-7.0493021776017883,-6.9493120757918234,-6.9993071266968059,0,0,0,0,0,0,0
-6.9493120757918234,-6.8493219739818869,-6.8993170248868552,0,0,0,0,0,0,0
-6.8493219739818869,-6.7493318721719504,-6.7993269230769187,2.3597993445865431e-20,7.8635799335407718e-21,9.9545176303966763e-21,1.0540636396955234e-20,4.988797078595603e-20,3.352019722478338e-20,1.4086645191235826e-20
-6.7493318721719504,-6.6493417703619855,-6.6993368212669679,1.0134985434364192e-17,1.153489520916727e-18,7.7565464567709539e-18,8.1036886503750151e-18,1.3961053047665582e-17,1.1431432684633156e-17,9.4222063323762602e-18
-6.6493417703619855,-6.5493516685520206,-6.599346719457003,1.5110862653833096e-15,1.0952790554495911e-16,1.2705356406310701e-15,1.3181055286665252e-15,1.8710791644946894e-15,1.6269827166424705e-15,1.4687282764817932e-15
-6.5493516685520206,-6.4493615667420556,-6.4993566176470381,1.4209249327097319e-13,7.2084406031547225e-15,1.251721901780989e-13,1.2940008404509409e-13,1.6538238354945516e-13,1.4908994270411263e-13,1.414178658781052e-13
-6.4493615667420556,-6.3493714649321191,-6.3993665158370874,9.5586222597881397e-12,3.3598200448191355e-13,8.7143080001220111e-12,8.9778960610813021e-12,1.0615743137173188e-11,9.8483688673557264e-12,9.6367952332084775e-12
-6.3493714649321191,-6.2493813631221826,-6.2993764140271509,4.6576279983991658e-10,1.124234196169987e-11,4.356796113973343e-10,4.4720207603866832e-10,4.999921429531002e-10,4.7414663215324331e-10,4.7179353665723683e-10
-6.2493813631221826,-6.1493912613122177,-6.1993863122172002,1.6490082910183049e-08,2.7232519206256235e-10,1.5721821404487266e-08,1.6075013087467667e-08,1.7295687146579582e-08,1.6665263582691933e-08,1.6692629329688785e-08
-6.1493912613122177,-6.0494011595022528,-6.0993962104072352,4.2521761251390718e-07,4.7849869241675981e-09,4.1115652316315726e-07,4.1873193389358213e-07,4.3922736261955871e-07,4.2798395758693439e-07,4.2898828530630358e-07
-6.0494011595022528,-5.9494110576922878,-5.9994061085972703,8.002717563224052e-06,6.0925328359086962e-08,7.8191868197191278e-06,7.9321890812879867e-06,8.1842090182970416e-06,8.0370110684226095e-06,8.0409918283934927e-06
-5.9494110576922878,-5.8494209558823229,-5.8994160067873054,0.00011014659434481894,5.6176268627128678e-07,0.00010845743710838312,0.00010961569075127326,0.0001118915816028987,0.00011048058717897569,0.00011028767508256393
-5.8494209558823229,-5.7494308540723864,-5.7994259049773547,0.0011108561667042968,3.7504495399829554e-06,0.0011001211041500873,0.0011081037229974001,0.0011231393004723473,0.0011133156748025651,0.0011096010310990845
-5.7494308540723864,-5.6494407522624499,-5.6994358031674182,0.0082235485919346044,1.8137885264251982e-05,0.0081782715333220558,0.0082137578994285788,0.0082856831455411766,0.0082365698779459009,0.0082034605034353048
-5.6494407522624499,-5.549450650452485,-5.5994457013574674,0.044752225814361536,6.3990991190300954e-05,0.044636651917327297,0.044728528828676485,0.044973572935039056,0.044799548501210533,0.044622826889554303
-5.549450650452485,-5.4494605486425201,-5.4994555995475025,0.17925527329509153,0.00016848950972522437,0.17913242817739661,0.17921821845491145,0.17979769358939879,0.17936727014168144,0.17876075611206932
-5.4494605486425201,-5.3494704468325551,-5.3994654977375376,0.5290872446273025,0.00033855112631723047,0.52928204189185113,0.52906149034219652,0.52996902097172527,0.52924157311269115,0.52788209681804821
-5.3494704468325551,-5.2494803450225902,-5.2994753959275727,1.1518772037860976,0.00049750208453406088,1.1527461646424164,1.1519159114246837,1.152751494674477,1.1519457815580487,1.1500266666308623
-5.2494803450225902,-5.1494902432126537,-5.1994852941176219,1.851016060680911,0.00044923644105956896,1.8522182105893605,1.8511540997873217,1.851378219843643,1.8508691218099955,1.8494606513742342
-5.1494902432126537,-5.0495001414027172,-5.0994951923076854,2.1963315091652325,0.00015412359280690953,2.1968390135461746,2.1965052331166293,2.1960339690778206,2.1960274097734818,2.1962519203120583
-5.0495001414027172,-4.9495100395927523,-4.9995050904977347,1.9244528869137472,0.00039160227422117068,1.9238406415522515,1.9245292028289918,1.9237685348999749,1.9242046870288754,1.9259213682586429
-4.9495100395927523,-4.8495199377827873,-4.8995149886877698,1.2449840380557478,0.00050636632535253274,1.2439738249815575,1.2449172194562572,1.2442360809980963,1.2449274064663169,1.2468656583765101
-4.8495199377827873,-4.7495298359728224,-4.7995248868778049,0.59436422368064201,0.00034860205463357538,0.59372632624693866,0.59424083204791822,0.59375455906527941,0.59445941191546703,0.59563998912760674
-4.7495298359728224,-4.6495397341628859,-4.6995347850678542,0.20922087485161422,0.00015810922299093702,0.20901803896049728,0.209132741131135,0.20884280831162924,0.20935006199723624,0.20976072385757336
-4.6495397341628859,-4.5495496323529494,-4.5995446832579177,0.054241859415422124,5.462539740042359e-05,0.054218390406226113,0.054204911142332612,0.054070938478552232,0.054327611480822123,0.054387445569177545
-4.5495496323529494,-4.4495595305429845,-4.4995545814479669,0.010343933549143876,1.5781770529517111e-05,0.010349691372965252,0.010334039767858879,0.010288935022832561,0.010379704205235339,0.010367297376827353
-4.4495595305429845,-4.3495694287330195,-4.399564479638002,0.0014489083956575493,3.6638834403435822e-06,0.0014519249526691643,0.001447176482181316,0.0014363578875077653,0.0014587488562903938,0.0014503337996391065
-4.3495694287330195,-4.2495793269230546,-4.2995743778280371,0.0001488405557569481,6.3269602644271181e-07,0.00014951797426917431,0.00014864371694344369,0.00014679839771558558,0.00015065060945994034,0.0001485920803965966
-4.2495793269230546,-4.1495892251130897,-4.1995842760180722,1.1196265449472117e-05,7.849743677710483e-08,1.1298946397476142e-05,1.1182471596642497e-05,1.0957432993148574e-05,1.1419933382650814e-05,1.1122542877442557e-05
-4.1495892251130897,-4.0495991233031532,-4.0995941742081214,6.1612764433428486e-07,6.9855435517595527e-09,6.276667534470167e-07,6.1565751768419027e-07,5.9588778581795614e-07,6.346930673312734e-07,6.067330973909877e-07
-4.0495991233031532,-3.9496090214932167,-3.9996040723981849,2.480661531353559e-08,4.534384015747623e-10,2.5769865086103012e-08,2.481545381020009e-08,2.3554145694858499e-08,2.583455945651712e-08,2.4059052519999248e-08
-3.9496090214932167,-3.8496189196832518,-3.8996139705882342,7.3208074518693778e-10,2.1988185453687562e-11,7.9044467816891564e-10,7.3399048563410358e-10,6.7511268962035103e-10,7.692144500165691e-10,6.9164142249474986e-10
-3.8496189196832518,-3.7496288178732868,-3.7996238687782693,1.5905082873495955e-11,8.0762543801429395e-13,1.8424537349014156e-11,1.6013522253102109e-11,1.3992635714817481e-11,1.6724725417175887e-11,1.4369993633370134e-11
-3.7496288178732868,-3.6496387160633219,-3.6996337669683044,2.56398866178604e-13,2.2282774980335894e-14,3.3311442287974531e-13,2.6004285889400937e-13,2.09016982921393e-13,2.6484073505407023e-13,2.1497933114380218e-13
-3.6496387160633219,-3.5496486142533854,-3.5996436651583537,3.0874446994529351e-15,4.5128946927442386e-16,4.7259954059751992e-15,3.1686134403950026e-15,2.2256252951511192e-15,3.0266508889756273e-15,2.2903384667677272e-15
-3.5496486142533854,-3.4496585124434489,-3.4996535633484172,2.6267199728152864e-17,6.5468552780318804e-18,5.0675474931312463e-17,2.7509480290729655e-17,1.4893059551951541e-17,2.2913171861065109e-17,1.5344812005705553e-17
-3.4496585124434489,-3.349668410633484,-3.3996634615384664,1.3510176411041582e-19,6.68215904552528e-20,3.8835760490062135e-19,1.4808870210481272e-19,3.1234815450407514e-20,7.6541480809972342e-20,3.1286217286265277e-20
-3.349668410633484,-3.249678308823519,-3.2996733597285015,5.4519181867519314e-22,4.06969836827892e-22,2.0989255596966433e-21,6.2703353367932211e-22,0,0,0
-3.249678308823519,-3.1496882070135541,-3.1996832579185366,0,0,0,0,0,0,0
-3.1496882070135541,-3.0496981052035892,-3.0996931561085717,0,0,0,0,0,0,0
-3.0496981052035892,-2.9497080033936527,-2.9997030542986209,0,0,0,0,0,0,0
-2.9497080033936527,-2.8497179015837162,-2.8997129524886844,0,0,0,0,0,0,0
-2.8497179015837162,-2.7497277997737513,-2.7997228506787337,0,0,0,0,0,0,0
-2.7497277997737513,-2.6497376979637863,-2.6997327488687688,0,0,0,0,0,0,0
-2.6497376979637863,-2.5497475961538214,-2.5997426470588039,0,0,0,0,0,0,0
-2.5497475961538214,-2.4497574943438565,-2.4997525452488389,0,0,0,0,0,0,0
-2.4497574943438565,-2.34976739253392,-2.3997624434388882,0,0,0,0,0,0,0
-2.34976739253392,-2.2497772907239835,-2.2997723416289517,0,0,0,0,0,0,0
-2.2497772907239835,-2.1497871889140185,-2.199782239819001,0,0,0,0,0,0,0
-2.1497871889140185,-2.0497970871040536,-2.0997921380090361,0,0,0,0,0,0,0
-2.0497970871040536,-1.9498069852940887,-1.9998020361990712,0,0,0,0,0,0,0
-1.9498069852940887,-1.8498168834841522,-1.8998119343891204,0,0,0,0,0,0,0
-1.8498168834841522,-1.7498267816742157,-1.7998218325791839,0,0,0,0,0,0,0
-1.7498267816742157,-1.6498366798642508,-1.6998317307692332,0,0,0,0,0,0,0
-1.6498366798642508,-1.5498465780542858,-1.5998416289592683,0,0,0,0,0,0,0
-1.5498465780542858,-1.4498564762443209,-1.4998515271493034,0,0,0,0,0,0,0
-1.4498564762443209,-1.349866374434356,-1.3998614253393384,0,0,0,0,0,0,0
-1.349866374434356,-1.2498762726244195,-1.2998713235293877,0,0,0,0,0,0,0
-1.2498762726244195,-1.149886170814483,-1.1998812217194512,0,0,0,0,0,0,0
-1.149886170814483,-1.049896069004518,-1.0998911199095005,0,0,0,0,0,0,0
-1.049896069004518,-0.94990596719455311,-0.99990101809953558,0,0,0,0,0,0,0
-0.94990596719455311,-0.84991586538458819,-0.89991091628957065,0,0,0,0,0,0,0
-0.84991586538458819,-0.74992576357465168,-0.79992081447961993,0,0,0,0,0,0,0
-0.74992576357465168,-0.64993566176471518,-0.69993071266968343,0,0,0,0,0,0,0
-0.64993566176471518,-0.54994555995475025,-0.59994061085973271,0,0,0,0,0,0,0
-0.54994555995475025,-0.44995545814478533,-0.49995050904976779,0,0,0,0,0,0,0
-0.44995545814478533,-0.3499653563348204,-0.39996040723980286,0,0,0,0,0,0,0
-0.3499653563348204,-0.24997525452485547,-0.29997030542983794,0,0,0,0,0,0,0
-0.24997525452485547,-0.14998515271491897,-0.19998020361988722,0,0,0,0,0,0,0
-0.14998515271491897,-0.049995050904982463,-0.099990101809950716,0,0,0,0,0,0,0
-0.049995050904982463,0.049995050904982463,0,0,0,0,0,0,0,0
0.049995050904982463,0.14998515271494739,0.099990101809964926,0,0,0,0,0,0,0
0.14998515271494739,0.24997525452491232,0.19998020361992985,0,0,0,0,0,0,0
0.24997525452491232,0.34996535633484882,0.29997030542988057,0,0,0,0,0,0,0
0.34996535633484882,0.44995545814478533,0.39996040723981707,0,0,0,0,0,0,0
0.44995545814478533,0.54994555995475025,0.49995050904976779,0,0,0,0,0,0,0
0.54994555995475025,0.64993566176471518,0.59994061085973271,0,0,0,0,0,0,0
0.64993566176471518,0.7499257635746801,0.69993071266969764,0,0,0,0,0,0,0
0.7499257635746801,0.84991586538464503,0.79992081447966257,0,0,0,0,0,0,0
0.84991586538464503,0.94990596719458154,0.89991091628961328,0,0,0,0,0,0,0
0.94990596719458154,1.049896069004518,0.99990101809954979,0,0,0,0,0,0,0
1.049896069004518,1.149886170814483,1.0998911199095005,0,0,0,0,0,0,0
1.149886170814483,1.2498762726244479,1.1998812217194654,0,0,0,0,0,0,0
1.2498762726244479,1.3498663744344128,1.2998713235294304,0,0,0,0,0,0,0
1.3498663744344128,1.4498564762443777,1.3998614253393953,0,0,0,0,0,0,0
1.4498564762443777,1.5498465780543143,1.499851527149346,0,0,0,0,0,0,0
1.5498465780543143,1.6498366798642508,1.5998416289592825,0,0,0,0,0,0,0
1.6498366798642508,1.7498267816742157,1.6998317307692332,0,0,0,0,0,0,0
1.7498267816742157,1.8498168834841806,1.7998218325791981,0,0,0,0,0,0,0
1.8498168834841806,1.9498069852941455,1.8998119343891631,0,0,0,0,0,0,0
1.9498069852941455,2.049797087104082,1.9998020361991138,0,0,0,0,0,0,0
2.049797087104082,2.1497871889140185,2.0997921380090503,0,0,0,0,0,0,0
2.1497871889140185,2.2497772907239835,2.199782239819001,0,0,0,0,0,0,0
2.2497772907239835,2.3497673925339484,2.2997723416289659,0,0,0,0,0,0,0
2.3497673925339484,2.4497574943439133,2.3997624434389309,0,0,0,0,0,0,0
2.4497574943439133,2.5497475961538782,2.4997525452488958,0,0,0,0,0,0,0
2.5497475961538782,2.6497376979638148,2.5997426470588465,0,0,0,0,0,0,0
2.6497376979638148,2.7497277997737513,2.699732748868783,0,0,0,0,0,0,0
2.7497277997737513,2.8497179015837162,2.7997228506787337,0,0,0,0,0,0,0
2.8497179015837162,2.9497080033936811,2.8997129524886986,0,0,0,0,0,0,0
2.9497080033936811,3.049698105203646,2.9997030542986636,0,0,0,0,0,0,0
3.049698105203646,3.1496882070135825,3.0996931561086143,0,0,0,0,0,0,0
3.1496882070135825,3.249678308823519,3.1996832579185508,0,0,0,0,0,0,0
3.249678308823519,3.349668410633484,3.2996733597285015,5.4519181867519314e-22,4.06969836827892e-22,2.0989255596966433e-21,6.2703353367932211e-22,0,0,0
3.349668410633484,3.4496585124434489,3.3996634615384664,1.3510176411041582e-19,6.68215904552528e-20,3.8835760490062135e-19,1.4808870210481272e-19,3.1234815450407514e-20,7.6541480809972342e-20,3.1286217286265277e-20
3.4496585124434489,3.5496486142534138,3.4996535633484314,2.6267199728152864e-17,6.5468552780318804e-18,5.0675474931312463e-17,2.7509480290729655e-17,1.4893059551951541e-17,2.2913171861065109e-17,1.5344812005705553e-17
3.5496486142534138,3.6496387160633788,3.5996436651583963,3.0874446994529351e-15,4.5128946927442386e-16,4.7259954059751992e-15,3.1686134403950026e-15,2.2256252951511192e-15,3.0266508889756273e-15,2.2903384667677272e-15
3.6496387160633788,3.7496288178733153,3.699633766968347,2.56398866178604e-13,2.2282774980335894e-14,3.3311442287974531e-13,2.6004285889400937e-13,2.09016982921393e-13,2.6484073505407023e-13,2.1497933114380218e-13
3.7496288178733153,3.8496189196832518,3.7996238687782835,1.5905082873495955e-11,8.0762543801429395e-13,1.8424537349014156e-11,1.6013522253102109e-11,1.3992635714817481e-11,1.6724725417175887e-11,1.4369993633370134e-11
3.8496189196832518,3.9496090214932167,3.8996139705882342,7.3208074518693778e-10,2.1988185453687562e-11,7.9044467816891564e-10,7.3399048563410358e-10,6.7511268962035103e-10,7.692144500165691e-10,6.9164142249474986e-10
3.9496090214932167,4.0495991233031816,3.9996040723981992,2.480661531353559e-08,4.534384015747623e-10,2.5769865086103012e-08,2.481545381020009e-08,2.3554145694858499e-08,2.583455945651712e-08,2.4059052519999248e-08
4.0495991233031816,4.1495892251131465,4.0995941742081641,6.1612764433428486e-07,6.9855435517595527e-09,6.276667534470167e-07,6.1565751768419027e-07,5.9588778581795614e-07,6.346930673312734e-07,6.067330973909877e-07
4.1495892251131465,4.2495793269231115,4.199584276018129,1.1196265449472117e-05,7.849743677710483e-08,1.1298946397476142e-05,1.1182471596642497e-05,1.0957432993148574e-05,1.1419933382650814e-05,1.1122542877442557e-05
4.2495793269231115,4.349569428733048,4.2995743778280797,0.0001488405557569481,6.3269602644271181e-07,0.00014951797426917431,0.00014864371694344369,0.00014679839771558558,0.00015065060945994034,0.0001485920803965966
4.349569428733048,4.4495595305429845,4.3995644796380162,0.0014489083956575493,3.6638834403435822e-06,0.0014519249526691643,0.001447176482181316,0.0014363578875077653,0.0014587488562903938,0.0014503337996391065
4.4495595305429845,4.5495496323529494,4.4995545814479669,0.010343933549143876,1.5781770529517111e-05,0.010349691372965252,0.010334039767858879,0.010288935022832561,0.010379704205235339,0.010367297376827353
4.5495496323529494,4.6495397341629143,4.5995446832579319,0.054241859415422124,5.462539740042359e-05,0.054218390406226113,0.054204911142332612,0.054070938478552232,0.054327611480822123,0.054387445569177545
4.6495397341629143,4.7495298359728793,4.6995347850678968,0.20922087485161422,0.00015810922299093702,0.20901803896049728,0.209132741131135,0.20884280831162924,0.20935006199723624,0.20976072385757336
4.7495298359728793,4.8495199377828158,4.7995248868778475,0.59436422368064201,0.00034860205463357538,0.59372632624693866,0.59424083204791822,0.59375455906527941,0.59445941191546703,0.59563998912760674
4.8495199377828158,4.9495100395927523,4.899514988687784,1.2449840380557478,0.00050636632535253274,1.2439738249815575,1.2449172194562572,1.2442360809980963,1.2449274064663169,1.2468656583765101
4.9495100395927523,5.0495001414027172,4.9995050904977347,1.9244528869137472,0.00039160227422117068,1.9238406415522515,1.9245292028289918,1.9237685348999749,1.9242046870288754,1.9259213682586429
5.0495001414027172,5.1494902432126821,5.0994951923076997,2.1963315091652325,0.00015412359280690953,2.1968390135461746,2.1965052331166293,2.1960339690778206,2.1960274097734818,2.1962519203120583
5.1494902432126821,5.249480345022647,5.1994852941176646,1.851016060680911,0.00044923644105956896,1.8522182105893605,1.8511540997873217,1.851378219843643,1.8508691218099955,1.8494606513742342
5.249480345022647,5.349470446832612,5.2994753959276295,1.1518772037860976,0.00049750208453406088,1.1527461646424164,1.1519159114246837,1.152751494674477,1.1519457815580487,1.1500266666308623
5.349470446832612,5.4494605486425485,5.3994654977375802,0.5290872446273025,0.00033855112631723047,0.52928204189185113,0.52906149034219652,0.52996902097172527,0.52924157311269115,0.52788209681804821
5.4494605486425485,5.549450650452485,5.4994555995475167,0.17925527329509153,0.00016848950972522437,0.17913242817739661,0.17921821845491145,0.17979769358939879,0.17936727014168144,0.17876075611206932
5.549450650452485,5.6494407522624499,5.5994457013574674,0.044752225814361536,6.3990991190300954e-05,0.044636651917327297,0.044728528828676485,0.044973572935039056,0.044799548501210533,0.044622826889554303
5.6494407522624499,5.7494308540724148,5.6994358031674324,0.0082235485919346044,1.8137885264251982e-05,0.0081782715333220558,0.0082137578994285788,0.0082856831455411766,0.0082365698779459009,0.0082034605034353048
5.7494308540724148,5.8494209558823798,5.7994259049773973,0.0011108561667042968,3.7504495399829554e-06,0.0011001211041500873,0.0011081037229974001,0.0011231393004723473,0.0011133156748025651,0.0011096010310990845
5.8494209558823798,5.9494110576923163,5.899416006787348,0.00011014659434481894,5.6176268627128678e-07,0.00010845743710838312,0.00010961569075127326,0.0001118915816028987,0.00011048058717897569,0.00011028767508256393
5.9494110576923163,6.0494011595022528,5.9994061085972845,8.002717563224052e-06,6.0925328359086962e-08,7.8191868197191278e-06,7.9321890812879867e-06,8.1842090182970416e-06,8.0370110684226095e-06,8.0409918283934927e-06
6.0494011595022528,6.1493912613122177,6.0993962104072352,4.2521761251390718e-07,4.7849869241675981e-09,4.1115652316315726e-07,4.1873193389358213e-07,4.3922736261955871e-07,4.2798395758693439e-07,4.2898828530630358e-07
6.1493912613122177,6.2493813631221826,6.1993863122172002,1.6490082910183049e-08,2.7232519206256235e-10,1.5721821404487266e-08,1.6075013087467667e-08,1.7295687146579582e-08,1.6665263582691933e-08,1.6692629329688785e-08
6.2493813631221826,6.3493714649321475,6.2993764140271651,4.6576279983991658e-10,1.124234196169987e-11,4.356796113973343e-10,4.4720207603866832e-10,4.999921429531002e-10,4.7414663215324331e-10,4.7179353665723683e-10
6.3493714649321475,6.4493615667421125,6.39936651583713,9.5586222597881397e-12,3.3598200448191355e-13,8.7143080001220111e-12,8.9778960610813021e-12,1.0615743137173188e-11,9.8483688673557264e-12,9.6367952332084775e-12
6.4493615667421125,6.549351668552049,6.4993566176470807,1.4209249327097319e-13,7.2084406031547225e-15,1.251721901780989e-13,1.2940008404509409e-13,1.6538238354945516e-13,1.4908994270411263e-13,1.414178658781052e-13
6.549351668552049,6.6493417703619855,6.5993467194570172,1.5110862653833096e-15,1.0952790554495911e-16,1.2705356406310701e-15,1.3181055286665252e-15,1.8710791644946894e-15,1.6269827166424705e-15,1.4687282764817932e-15
6.6493417703619855,6.7493318721719504,6.6993368212669679,1.0134985434364192e-17,1.153489520916727e-18,7.7565464567709539e-18,8.1036886503750151e-18,1.3961053047665582e-17,1.1431432684633156e-17,9.4222063323762602e-18
6.7493318721719504,6.8493219739819153,6.7993269230769329,2.3597993445865431e-20,7.8635799335407718e-21,9.9545176303966763e-21,1.0540636396955234e-20,4.988797078595603e-20,3.352019722478338e-20,1.4086645191235826e-20
6.8493219739819153,6.9493120757918803,6.8993170248868978,0,0,0,0,0,0,0
6.9493120757918803,7.0493021776018452,6.9993071266968627,0,0,0,0,0,0,0
7.0493021776018452,7.1492922794117817,7.0992972285068134,0,0,0,0,0,0,0
7.1492922794117817,7.2492823812217182,7.1992873303167499,0,0,0,0,0,0,0
7.2492823812217182,7.3492724830316831,7.2992774321267007,0,0,0,0,0,0,0
7.3492724830316831,7.449262584841648,7.3992675339366656,0,0,0,0,0,0,0
7.449262584841648,7.549252686651613,7.4992576357466305,0,0,0,0,0,0,0
7.549252686651613,7.6492427884615495,7.5992477375565812,0,0,0,0,0,0,0
7.6492427884615495,7.749232890271486,7.6992378393665177,0,0,0,0,0,0,0
7.749232890271486,7.8492229920814509,7.7992279411764684,0,0,0,0,0,0,0
7.8492229920814509,7.9492130938914158,7.8992180429864334,0,0,0,0,0,0,0
7.9492130938914158,8.0492031957013808,7.9992081447963983,0,0,0,0,0,0,0
8.0492031957013808,8.1491932975113457,8.0991982466063632,0,0,0,0,0,0,0
8.1491932975113457,8.2491833993212822,8.1991883484163139,0,0,0,0,0,0,0
8.2491833993212822,8.3491735011312187,8.2991784502262504,0,0,0,0,0,0,0
8.3491735011312187,8.4491636029411836,8.3991685520362012,0,0,0,0,0,0,0
8.4491636029411836,8.5491537047511486,8.4991586538461661,0,0,0,0,0,0,0
8.5491537047511486,8.6491438065611135,8.599148755656131,0,0,0,0,0,0,0
8.6491438065611135,8.74913390837105,8.6991388574660817,0,0,0,0,0,0,0
8.74913390837105,8.8491240101809865,8.7991289592760182,0,0,0,0,0,0,0
8.8491240101809865,8.9491141119909514,8.899119061085969,0,0,0,0,0,0,0
8.9491141119909514,9.0491042138009163,8.9991091628959339,0,0,0,0,0,0,0
9.0491042138009163,9.1490943156108813,9.0990992647058988,0,0,0,0,0,0,0
9.1490943156108813,9.2490844174208462,9.1990893665158637,0,0,0,0,0,0,0
9.2490844174208462,9.3490745192307827,9.2990794683258144,0,0,0,0,0,0,0
9.3490745192307827,9.4490646210407192,9.399069570135751,0,0,0,0,0,0,0
9.4490646210407192,9.5490547228506841,9.4990596719457017,0,0,0,0,0,0,0
9.5490547228506841,9.6490448246606491,9.5990497737556666,0,0,0,0,0,0,0
9.6490448246606491,9.749034926470614,9.6990398755656315,0,0,0,0,0,0,0
9.749034926470614,9.8490250282805505,9.7990299773755822,0,0,0,0,0,0,0
9.8490250282805505,9.949015130090487,9.8990200791855187,0,0,0,0,0,0,0
9.949015130090487,10.049005231900452,9.9990101809954695,0,0,0,0,0,0,0
10.049005231900452,10.148995333710417,10.099000282805434,0,0,0,0,0,0,0
10.148995333710417,10.248985435520382,10.198990384615399,0,0,0,0,0,0,0
10.248985435520382,10.348975537330347,10.298980486425364,0,0,0,0,0,0,0
10.348975537330347,10.448965639140283,10.398970588235315,0,0,0,0,0,0,0
10.448965639140283,10.54895574095022,10.498960690045251,0,0,0,0,0,0,0
10.54895574095022,10.648945842760185,10.598950791855202,0,0,0,0,0,0,0
10.648945842760185,10.74893594457015,10.698940893665167,0,0,0,0,0,0,0
10.74893594457015,10.848926046380114,10.798930995475132,0,0,0,0,0,0,0
10.848926046380114,10.948916148190079,10.898921097285097,0,0,0,0,0,0,0
10.948916148190079,11.048906250000016,10.998911199095048,0,0,0,0,0,0,0
11.048906250000016,11.148896351809952,11.098901300904984,0,0,0,0,0,0,0
11.148896351809952,11.248886453619917,11.198891402714935,0,0,0,0,0,0,0
11.248886453619917,11.348876555429882,11.2988815045249,0,0,0,0,0,0,0
11.348876555429882,11.448866657239847,11.398871606334865,0,0,0,0,0,0,0
11.448866657239847,11.548856759049784,11.498861708144815,0,0,0,0,0,0,0
11.548856759049784,11.64884686085972,11.598851809954752,0,0,0,0,0,0,0
11.64884686085972,11.748836962669685,11.698841911764703,0,0,0,0,0,0,0
11.748836962669685,11.84882706447965,11.798832013574668,0,0,0,0,0,0,0
11.84882706447965,11.948817166289615,11.898822115384633,0,0,0,0,0,0,0
11.948817166289615,12.04880726809958,11.998812217194597,0,0,0,0,0,0,0
12.04880726809958,12.148797369909516,12.098802319004548,0,0,0,0,0,0,0
12.148797369909516,12.248787471719453,12.198792420814485,0,0,0,0,0,0,0
12.248787471719453,12.348777573529418,12.298782522624435,0,0,0,0,0,0,0
12.348777573529418,12.448767675339383,12.3987726244344,0,0,0,0,0,0,0
12.448767675339383,12.548757777149348,12.498762726244365,0,0,0,0,0,0,0
12.548757777149348,12.648747878959284,12.598752828054316,0,0,0,0,0,0,0
12.648747878959284,12.748737980769221,12.698742929864252,0,0,0,0,0,0,0
12.748737980769221,12.848728082579186,12.798733031674203,0,0,0,0,0,0,0
12.848728082579186,12.948718184389151,12.898723133484168,0,0,0,0,0,0,0
12.948718184389151,13.048708286199115,12.998713235294133,0,0,0,0,0,0,0
13.048708286199115,13.14869838800908,13.098703337104098,0,0,0,0,0,0,0
13.14869838800908,13.248688489819017,13.198693438914049,0,0,0,0,0,0,0
13.248688489819017,13.348678591628953,13.298683540723985,0,0,0,0,0,0,0
13.348678591628953,13.448668693438918,13.398673642533936,0,0,0,0,0,0,0
13.448668693438918,13.548658795248883,13.498663744343901,0,0,0,0,0,0,0
13.548658795248883,13.648648897058848,13.598653846153866,8.6070822926801132e-20,2.033045264541706e-20,1.5653639831222936e-19,7.3115232254455566e-20,1.0306622847659164e-19,4.2947393072661234e-20,5.4688862518067904e-20
13.648648897058848,13.748638998868813,13.698643947963831,3.2166664814027721e-17,2.8033882014285988e-18,4.2203990767366581e-17,3.0141378936969038e-17,3.390400640375087e-17,2.6346871937139885e-17,2.8237076024912229e-17
13.748638998868813,13.84862910067875,13.798634049773781,4.3732419674777889e-15,2.531400581256728e-16,5.2923301903241995e-15,4.1786796404369047e-15,4.502952780973578e-15,3.853024076893456e-15,4.0392231487608033e-15
13.84862910067875,13.948619202488686,13.898624151583718,3.8928339499716983e-13,1.560402372255287e-14,4.4691203140987201e-13,3.7633851463777068e-13,3.94958372780301e-13,3.5774497725631308e-13,3.7046307890159237e-13
13.948619202488686,14.048609304298651,13.998614253393669,2.4762591342519588e-11,6.587737094198954e-13,2.7244387414342983e-11,2.4158520341675843e-11,2.4862509700858064e-11,2.3465612165527592e-11,2.4081927090193461e-11
14.048609304298651,14.148599406108616,14.098604355203634,1.1347350094202416e-09,1.9185066642550609e-11,1.2084081245355703e-09,1.1147819598338122e-09,1.1319619161816644e-09,1.0985377990129156e-09,1.119985247537245e-09
14.148599406108616,14.248589507918581,14.198594457013598,3.7603285033335065e-08,3.8952727119310607e-10,3.9113136206703466e-08,3.7132765331678429e-08,3.7390915098016194e-08,3.6919104372332974e-08,3.7460504157944263e-08
14.248589507918581,14.348579609728517,14.298584558823549,9.043546615461293e-07,5.6112397451172133e-09,9.2565925379664739e-07,8.9637334103943412e-07,8.9843914030634846e-07,8.9566569220026878e-07,9.0563588038794817e-07
14.348579609728517,14.448569711538454,14.398574660633486,1.5833558655742474e-05,5.9069933813886961e-08,1.6038498200332007e-05,1.5735510903891344e-05,1.5737926065059677e-05,1.5760986595020742e-05,1.5894871514408598e-05
14.448569711538454,14.548559813348419,14.498564762443436,0.00020235132500074759,4.7264685653670916e-07,0.00020366612334194733,0.00020147306616515983,0.00020136633260579869,0.00020197468377240065,0.00020327641911843143
14.548559813348419,14.648549915158384,14.598554864253401,0.0018922361718358874,2.9350681511746445e-06,0.0018976139376121256,0.0018864544014235544,0.0018855881929448707,0.0018912409686231652,0.0019002833585757221
14.648549915158384,14.748540016968349,14.698544966063366,0.012976313848909921,1.3775059602557486e-05,0.01298894212317245,0.012948071528356463,0.012946979786312646,0.012976795974320714,0.013020779832387336
14.748540016968349,14.848530118778314,14.798535067873331,0.065383049406237806,4.6400367794996278e-05,0.065394755537338603,0.065279668679121619,0.065301367316119699,0.065397143177162262,0.065542312321446791
14.848530118778314,14.94852022058825,14.898525169683282,0.2424333080320499,0.00010789865775388501,0.24242578024307215,0.24214842088868113,0.24230521435029725,0.24249058633400825,0.24279653834419071
14.94852022058825,15.048510322398187,14.998515271493218,0.66235641427314451,0.00017350427314473019,0.66237080909558055,0.66177328491618093,0.66229596570121052,0.66249745773859192,0.66284455391415886
15.048510322398187,15.148500424208152,15.098505373303169,1.3348975300740844,0.00021099391479478545,1.3350872614472784,1.3340583704453934,1.3350357379561721,1.3351388712130985,1.33516740930848
15.148500424208152,15.248490526018116,15.198495475113134,1.9863496968700691,0.0002086485483852658,1.9867873477544979,1.9856340344732402,1.986586447637275,1.9866049239409271,1.9861357305444056
15.248490526018116,15.348480627828081,15.298485576923099,2.183617400053306,0.00014925899980315781,2.1840461657216679,2.1835508023711458,2.1836849018901092,2.1836857833919554,2.1831193468916523
15.348480627828081,15.448470729638018,15.39847567873305,1.7739018721245674,0.00018308263280358565,1.7739593069684532,1.7745775900799725,1.7737610067414993,1.7736930389091878,1.7735184179237244
15.448470729638018,15.548460831447954,15.498465780542986,1.0649255261787591,0.00023273381169414565,1.0645987240975974,1.0658431240463342,1.0647946669693233,1.06461933409094,1.0647717816896007
15.548460831447954,15.648450933257919,15.598455882352937,0.47233033272092484,0.00017678383974693805,0.4719204468391956,0.47297672288872122,0.47233113403953936,0.47213729504871643,0.47228606478845153
15.648450933257919,15.748441035067884,15.698445984162902,0.15469858391619642,8.9534562487907381e-05,0.15443275936959558,0.15498362528510382,0.15476289914098748,0.15463691517363998,0.1546767206116553
15.748441035067884,15.848431136877849,15.798436085972867,0.037384787719768532,3.2924784450264591e-05,0.037274252617209368,0.037468324211607111,0.037432337788193985,0.037376990300955537,0.037372033680876666
15.848431136877849,15.948421238687814,15.898426187782832,0.0066596172435066433,9.0408183894601968e-06,0.0066282035823603232,0.0066764674937459549,0.0066780912694369551,0.0066604044543884357,0.0066549194176015519
15.948421238687814,16.048411340497751,15.998416289592782,0.00087355357471612853,1.8306659004097523e-06,0.00086729112614188466,0.00087596899266624356,0.00087811007428507774,0.00087389197996484529,0.00087250570052259163
16.048411340497751,16.148401442307687,16.098406391402719,8.4273974725080134e-05,2.6948453219887273e-07,8.338875996171523e-05,8.4528583042305639e-05,8.5036642495203298e-05,8.4290483342157416e-05,8.4125404784019114e-05
16.148401442307687,16.248391544117652,16.19839649321267,5.9706019221773992e-06,2.8796664445294808e-08,5.881619881161443e-06,5.9909620563713607e-06,6.0600906175239415e-06,5.9638209893623092e-06,5.9565160664679418e-06
16.248391544117652,16.348381645927617,16.298386595022635,3.1008715876746083e-07,2.2462545596490267e-09,3.0373535265070185e-07,3.113425451031648e-07,3.1757153868055188e-07,3.0864354330878568e-07,3.0914281409409987e-07
16.348381645927617,16.448371747737582,16.398376696832599,1.1781590893336467e-08,1.2847236220132049e-10,1.1460688878231691e-08,1.1840967003275044e-08,1.2230724993809864e-08,1.1641529506631613e-08,1.1734044084734126e-08
16.448371747737582,16.548361849547547,16.498366798642564,3.2672709484164005e-10,5.377713194175074e-12,3.1529269327846107e-10,3.288397233885545e-10,3.4605400307890442e-10,3.1859351317145095e-10,3.2485554129082929e-10
16.548361849547547,16.648351951357483,16.598356900452515,6.5957450359723824e-12,1.6323074164139724e-13,6.3090651648620683e-12,6.6510954178526449e-12,7.1887471207581714e-12,6.2912530037670504e-12,6.5385644726219795e-12
16.648351951357483,16.74834205316742,16.698347002262452,9.6587336840193544e-14,3.5421343048345753e-15,9.1533595094692104e-14,9.7637423195322974e-14,1.0945006593567375e-13,8.9027310533394087e-14,9.5288289441884818e-14
16.74834205316742,16.848332154977385,16.798337104072402,1.0109586978031729e-15,5.4126135915487055e-17,9.4829323837270605e-16,1.0251618418045128e-15,1.2063351779648588e-15,8.8506008715167434e-16,9.8994314372211209e-16
16.848332154977385,16.94832225678735,16.898327205882367,6.6105064000468739e-18,5.7358728914397534e-19,6.0751619153586614e-18,6.7455492303242462e-18,8.6607579078273208e-18,5.189495074481059e-18,6.3815678722430838e-18
16.94832225678735,17.048312358597315,16.998317307692332,1.4607981571323694e-20,3.8573634583084907e-21,1.2840227841224496e-20,1.529628826838089e-20,2.8020612042682313e-20,4.0805427665879699e-21,1.2802236937742807e-20
17.048312358597315,17.148302460407251,17.098307409502283,0,0,0,0,0,0,0
17.148302460407251,17.248292562217188,17.198297511312219,0,0,0,0,0,0,0
17.248292562217188,17.348282664027153,17.29828761312217,0,0,0,0,0,0,0
17.348282664027153,17.448272765837118,17.398277714932135,0,0,0,0,0,0,0
17.448272765837118,17.548262867647082,17.4982678167421,0,0,0,0,0,0,0
17.548262867647082,17.648252969457047,17.598257918552065,0,0,0,0,0,0,0
17.648252969457047,17.748243071266984,17.698248020362016,0,0,0,0,0,0,0
17.748243071266984,17.84823317307692,17.798238122171952,0,0,0,0,0,0,0
17.84823317307692,17.948223274886885,17.898228223981903,0,0,0,0,0,0,0
17.948223274886885,18.04821337669685,17.998218325791868,0,0,0,0,0,0,0
18.04821337669685,18.148203478506815,18.098208427601833,0,0,0,0,0,0,0
18.148203478506815,18.248193580316752,18.198198529411783,0,0,0,0,0,0,0
18.248193580316752,18.348183682126688,18.29818863122172,0,0,0,0,0,0,0
18.348183682126688,18.448173783936653,18.398178733031671,0,0,0,0,0,0,0
18.448173783936653,18.548163885746618,18.498168834841636,0,0,0,0,0,0,0
18.548163885746618,18.648153987556583,18.5981589366516,0,0,0,0,0,0,0
18.648153987556583,18.748144089366548,18.698149038461565,0,0,0,0,0,0,0
18.748144089366548,18.848134191176484,18.798139140271516,0,0,0,0,0,0,0
18.848134191176484,18.948124292986421,18.898129242081453,0,0,0,0,0,0,0
18.948124292986421,19.048114394796386,18.998119343891403,0,0,0,0,0,0,0
19.048114394796386,19.148104496606351,19.098109445701368,0,0,0,0,0,0,0
19.148104496606351,19.248094598416316,19.198099547511333,0,0,0,0,0,0,0
19.248094598416316,19.348084700226252,19.298089649321284,0,0,0,0,0,0,0
19.348084700226252,19.448074802036189,19.39807975113122,0,0,0,0,0,0,0
19.448074802036189,19.548064903846154,19.498069852941171,0,0,0,0,0,0,0
19.548064903846154,19.648055005656119,19.598059954751136,0,0,0,0,0,0,0
19.648055005656119,19.748045107466083,19.698050056561101,0,0,0,0,0,0,0
19.748045107466083,19.848035209276048,19.798040158371066,0,0,0,0,0,0,0
19.848035209276048,19.948025311085985,19.898030260181017,0,0,0,0,0,0,0
19.948025311085985,20.048015412895921,19.998020361990953,0,0,0,0,0,0,0
20.048015412895921,20.148005514705886,20.098010463800904,0,0,0,0,0,0,0
20.148005514705886,20.247995616515851,20.198000565610869,0,0,0,0,0,0,0
20.247995616515851,20.347985718325816,20.297990667420834,0,0,0,0,0,0,0
20.347985718325816,20.447975820135781,20.397980769230799,0,0,0,0,0,0,0
20.447975820135781,20.547965921945718,20.497970871040749,0,0,0,0,0,0,0
20.547965921945718,20.647956023755654,20.597960972850686,0,0,0,0,0,0,0
20.647956023755654,20.747946125565619,20.697951074660637,0,0,0,0,0,0,0
20.747946125565619,20.847936227375584,20.797941176470601,0,0,0,0,0,0,0
20.847936227375584,20.947926329185549,20.897931278280566,0,0,0,0,0,0,0
20.947926329185549,21.047916430995485,20.997921380090517,0,0,0,0,0,0,0
21.047916430995485,21.147906532805422,21.097911481900454,0,0,0,0,0,0,0
21.147906532805422,21.247896634615387,21.197901583710404,0,0,0,0,0,0,0
21.247896634615387,21.347886736425352,21.297891685520369,0,0,0,0,0,0,0
21.347886736425352,21.447876838235317,21.397881787330334,0,0,0,0,0,0,0
21.447876838235317,21.547866940045282,21.497871889140299,0,0,0,0,0,0,0
21.547866940045282,21.647857041855218,21.59786199095025,0,0,0,0,0,0,0
21.647857041855218,21.747847143665155,21.697852092760186,0,0,0,0,0,0,0
21.747847143665155,21.84783724547512,21.797842194570137,0,0,0,0,0,0,0
21.84783724547512,21.947827347285084,21.897832296380102,0,0,0,0,0,0,0
21.947827347285084,22.047817449095049,21.997822398190067,0,0,0,0,0,0,0
22.047817449095049,22.147807550904986,22.097812500000018,0,0,0,0,0,0,0
22.147807550904986,22.247797652714922,22.197802601809954,0,0,0,0,0,0,0
22.247797652714922,22.347787754524887,22.297792703619905,0,0,0,0,0,0,0
22.347787754524887,22.447777856334852,22.39778280542987,0,0,0,0,0,0,0
22.447777856334852,22.547767958144817,22.497772907239835,0,0,0,0,0,0,0
22.547767958144817,22.647758059954782,22.5977630090498,0,0,0,0,0,0,0
22.647758059954782,22.747748161764719,22.69775311085975,0,0,0,0,0,0,0
22.747748161764719,22.847738263574655,22.797743212669687,0,0,0,0,0,0,0
22.847738263574655,22.94772836538462,22.897733314479638,0,0,0,0,0,0,0
22.94772836538462,23.047718467194585,22.997723416289602,0,0,0,0,0,0,0
23.047718467194585,23.14770856900455,23.097713518099567,0,0,0,0,0,0,0
23.14770856900455,23.247698670814515,23.197703619909532,0,0,0,0,0,0,0
23.247698670814515,23.347688772624451,23.297693721719483,0,0,0,0,0,0,0
23.347688772624451,23.447678874434388,23.39768382352942,0,0,0,0,0,0,0
23.447678874434388,23.547668976244353,23.49767392533937,0,0,0,0,0,0,0
23.547668976244353,23.647659078054318,23.597664027149335,0,0,0,0,0,0,0
23.647659078054318,23.747649179864283,23.6976541289593,0,0,0,0,0,0,0
23.747649179864283,23.847639281674219,23.797644230769251,2.7572885195451595e-19,3.5650882723809668e-20,2.9531944179940487e-19,4.0704636254803078e-19,2.3691278939432429e-19,2.2082952178445139e-19,2.1853614424636843e-19
23.847639281674219,23.947629383484156,23.897634332579187,7.0452455336038345e-17,4.3531421838674878e-18,7.0324054947754431e-17,8.7110190876945067e-17,6.6478265274812665e-17,6.6030991175250441e-17,6.2318774405429083e-17
23.947629383484156,24.047619485294121,23.997624434389138,8.5512001190239682e-15,3.7489342485192991e-16,8.4263161984566085e-15,9.9941142942672399e-15,8.2364061510469967e-15,8.2851318891328946e-15,7.8140320622160981e-15
24.047619485294121,24.147609587104085,24.097614536199103,7.0521997708001268e-13,2.1935320169826341e-14,6.8771789361407461e-13,7.8869890029039243e-13,6.8986353535807454e-13,7.0029456679350707e-13,6.5952498934401515e-13
24.147609587104085,24.24759968891405,24.197604638009068,4.1918884781464122e-11,8.9440234402283899e-13,4.0619889458987004e-11,4.5113167329534738e-11,4.1481097332277129e-11,4.2384804421910296e-11,3.9995465364611446e-11
24.24759968891405,24.347589790724015,24.297594739819033,1.8082873682611963e-09,2.6840574543752009e-11,1.7493588202835504e-09,1.8877496414529703e-09,1.8022193714843985e-09,1.8483834221303231e-09,1.7537255859547395e-09
24.347589790724015,24.447579892533952,24.397584841628984,5.6792759841805203e-08,6.2337377454427327e-10,5.5081016172426918e-08,5.8025018595613131e-08,5.6781888163919221e-08,5.8303447174859354e-08,5.5772429102207369e-08
24.447579892533952,24.547569994343888,24.49757494343892,1.3016015260083043e-06,1.1052909038598306e-08,1.2691374754392621e-06,1.3120082683177604e-06,1.3017186706147991e-06,1.3353797421956955e-06,1.2897634734740044e-06
24.547569994343888,24.647560096153853,24.597565045248871,2.1803271000793489e-05,1.4234078227947841e-07,2.139819665209173e-05,2.1816931557904206e-05,2.1777539193801805e-05,2.228868199840873e-05,2.1735005601760979e-05
24.647560096153853,24.747550197963818,24.697555147058836,0.0002672923635574504,1.2988736750355492e-06,0.00026396864720583591,0.00026659454481649594,0.00026654165189768175,0.00027194307051168375,0.00026741390335555457
24.747550197963818,24.847540299773783,24.797545248868801,0.0024014558340424413,8.4559704338641665e-06,0.0023837021601953354,0.0023931172220428868,0.0023918415918159019,0.0024318675933572881,0.0024067506028007941
24.847540299773783,24.94753040158372,24.897535350678751,0.015838157106420614,3.9937960742309134e-05,0.015778142537191172,0.01578817280630955,0.015767987927827781,0.015976442058880668,0.015880040201893892
24.94753040158372,25.047520503393656,24.997525452488688,0.076816722231436846,0.00013695024678083014,0.076697999717854487,0.0766334453331316,0.076500694650801407,0.077260957456198417,0.07699051399919829
25.047520503393656,25.147510605203621,25.097515554298639,0.27445077461246919,0.00033207742230500597,0.27435150676299475,0.27402356864438748,0.27355112162925349,0.27546949707688073,0.27485817894882952
25.147510605203621,25.247500707013586,25.197505656108603,0.72339687251949591,0.00054224090827825907,0.72348219313277118,0.72277816609261247,0.72180733869988334,0.72505432526989111,0.72386233940232148
25.247500707013586,25.347490808823551,25.297495757918568,1.4084924279518125,0.00054843041651625696,1.4087797235694925,1.4080061792291609,1.4069334182869946,1.4102989906425794,1.4084438280308349
25.347490808823551,25.447480910633516,25.397485859728533,2.0280178944171974,0.00030628174698479974,2.0282675625311311,2.0279822659727631,2.0276769761874749,2.0290001079605733,2.0271625594340446
25.447480910633516,25.547471012443452,25.497475961538484,2.161111249978021,0.00037274758235150354,2.1611449867979391,2.1614918322535503,2.1622560534595978,2.1605628028874619,2.1601005744915569
25.547471012443452,25.647461114253389,25.597466063348421,1.7051927682204298,0.00055347330254347374,1.7050971648413655,1.7057101750204364,1.7068311082981065,1.7034403564188549,1.7048850365233859
25.647461114253389,25.747451216063354,25.697456165158371,0.99640991008096447,0.00050929519061898869,0.99631225481878316,0.99684703486383297,0.99756745662170621,0.9945374414949697,0.99678536260553008
25.747451216063354,25.847441317873319,25.797446266968336,0.43116541749338166,0.00031958157177193361,0.43109106094553523,0.43144643311610159,0.43170265667294244,0.42995895332694306,0.43162798340538616
25.847441317873319,25.947431419683284,25.897436368778301,0.13811813579641205,0.00013792368937888118,0.13806626653497356,0.13825453109959546,0.13831797457967751,0.13760259191918645,0.13834931484862731
25.947431419683284,26.047421521493249,25.997426470588266,0.032733902135573076,4.1456775476044162e-05,0.032707624408832903,0.032780382692204173,0.03280665087254276,0.032582760340542895,0.032792092363742635
26.047421521493249,26.147411623303185,26.097416572398217,0.0057352231689242993,9.5638326037219359e-06,0.0057265798409777482,0.0057452947603286045,0.0057609955438036884,0.0057040296530573506,0.0057392160464541072
26.147411623303185,26.247401725113122,26.197406674208153,0.00074232152555236118,2.0929943913449624e-06,0.00074049795562692482,0.00074339912438707578,0.00074984036376895494,0.00073758285472421911,0.00074028732925463089
26.247401725113122,26.347391826923086,26.297396776018104,7.0947681088700531e-05,4.2237776854318863e-07,7.0699835102298926e-05,7.0896984821842694e-05,7.2566102956117315e-05,7.0370600812983517e-05,7.0204881750260257e-05
26.347391826923086,26.447381928733051,26.397386877828069,5.0083902256736392e-06,6.4429648586738183e-08,4.9869242479158171e-06,4.9726476605999747e-06,5.2555150052454566e-06,4.9464512533693818e-06,4.880412961237568e-06
26.447381928733051,26.547372030543016,26.497376979638034,2.615311195831343e-07,6.9073713686613604e-09,2.6041278619636779e-07,2.5579577171765884e-07,2.8794702027466872e-07,2.5568388046059509e-07,2.478161392663813e-07
26.547372030543016,26.647362132352953,26.597367081447985,1.0134832877964101e-08,5.1348313738556673e-10,1.010785354806634e-08,9.6174677595095251e-09,1.2097539933466979e-08,9.6965841021047053e-09,9.1547190466729544e-09
26.647362132352953,26.747352234162889,26.697357183257921,2.9279222744090149e-10,2.6345649222828447e-11,2.9322136148123109e-10,2.6321005847087782e-10,3.93548799008628e-10,2.6905602663509011e-10,2.4492489160868052e-10
26.747352234162889,26.847342335972854,26.797347285067872,6.3304853788337719e-12,9.2869435787631952e-13,6.3857805903785492e-12,5.2177026277839274e-12,9.884355900405349e-12,5.4443446542002608e-12,4.7202431214007763e-12
26.847342335972854,26.947332437782819,26.897337386877837,1.0240028464626141e-13,2.2387705205856307e-14,1.0434535029575878e-13,7.4467238588232198e-14,1.8810673121486901e-13,8.0004494523466197e-14,6.5077608608980879e-14
26.947332437782819,27.047322539592784,26.997327488687802,1.2215987740089063e-15,3.6758016313698676e-16,1.2599319073191584e-15,7.50984505777679e-16,2.6290982322731713e-15,8.4070463929605572e-16,6.2727458537846706e-16
27.047322539592784,27.147312641402749,27.097317590497767,9.9006490602243843e-18,4.0977271535042318e-18,1.0381080432039849e-17,4.5586297737016328e-18,2.5590039119079143e-17,5.5548683173784674e-18,3.4186276589228299e-18
27.147312641402749,27.247302743212686,27.197307692307717,4.6573579464374169e-20,3.028836512020815e-20,5.0735957574628769e-20,5.825952302197028e-21,1.6256248463079992e-19,1.253347810218049e-20,1.2100247120646578e-21
27.247302743212686,27.347292845022622,27.297297794117654,0,0,0,0,0,0,0
27.347292845022622,27.447282946832587,27.397287895927604,0,0,0,0,0,0,0
27.447282946832587,27.547273048642552,27.497277997737569,0,0,0,0,0,0,0
27.547273048642552,27.647263150452517,27.597268099547534,0,0,0,0,0,0,0
27.647263150452517,27.747253252262453,27.697258201357485,0,0,0,0,0,0,0
27.747253252262453,27.84724335407239,27.797248303167422,0,0,0,0,0,0,0
27.84724335407239,27.947233455882355,27.897238404977372,0,0,0,0,0,0,0
27.947233455882355,28.04722355769232,27.997228506787337,0,0,0,0,0,0,0
28.04722355769232,28.147213659502285,28.097218608597302,0,0,0,0,0,0,0
28.147213659502285,28.24720376131225,28.197208710407267,0,0,0,0,0,0,0
28.24720376131225,28.347193863122186,28.297198812217218,0,0,0,0,0,0,0
28.347193863122186,28.447183964932123,28.397188914027154,0,0,0,0,0,0,0
28.447183964932123,28.547174066742087,28.497179015837105,0,0,0,0,0,0,0
28.547174066742087,28.647164168552052,28.59716911764707,0,0,0,0,0,0,0
28.647164168552052,28.747154270362017,28.697159219457035,0,0,0,0,0,0,0
28.747154270362017,28.847144372171954,28.797149321266986,0,0,0,0,0,0,0
28.847144372171954,28.94713447398189,28.897139423076922,0,0,0,0,0,0,0
28.94713447398189,29.047124575791855,28.997129524886873,0,0,0,0,0,0,0
29.047124575791855,29.14711467760182,29.097119626696838,0,0,0,0,0,0,0
29.14711467760182,29.247104779411785,29.197109728506803,0,0,0,0,0,0,0
29.247104779411785,29.34709488122175,29.297099830316768,0,0,0,0,0,0,0
29.34709488122175,29.447084983031687,29.397089932126718,0,0,0,0,0,0,0
29.447084983031687,29.547075084841623,29.497080033936655,0,0,0,0,0,0,0
29.547075084841623,29.647065186651588,29.597070135746606,0,0,0,0,0,0,0
29.647065186651588,29.747055288461553,29.69706023755657,0,0,0,0,0,0,0
29.747055288461553,29.847045390271518,29.797050339366535,0,0,0,0,0,0,0
29.847045390271518,29.947035492081483,29.8970404411765,0,0,0,0,0,0,0
29.947035492081483,30.047025593891419,29.997030542986451,0,0,0,0,0,0,0
30.047025593891419,30.147015695701356,30.097020644796388,0,0,0,0,0,0,0
30.147015695701356,30.247005797511321,30.197010746606338,0,0,0,0,0,0,0
30.247005797511321,30.346995899321286,30.297000848416303,0,0,0,0,0,0,0
30.346995899321286,30.446986001131251,30.396990950226268,0,0,0,0,0,0,0
30.446986001131251,30.546976102941187,30.496981052036219,0,0,0,0,0,0,0
30.546976102941187,30.646966204751124,30.596971153846155,0,0,0,0,0,0,0
30.646966204751124,30.746956306561088,30.696961255656106,0,0,0,0,0,0,0
30.746956306561088,30.846946408371053,30.796951357466071,0,0,0,0,0,0,0
30.846946408371053,30.946936510181018,30.896941459276036,0,0,0,0,0,0,0
30.946936510181018,31.046926611990983,30.996931561086001,0,0,0,0,0,0,0
31.046926611990983,31.14691671380092,31.096921662895951,0,0,0,0,0,0,0
31.14691671380092,31.246906815610856,31.196911764705888,0,0,0,0,0,0,0
31.246906815610856,31.346896917420821,31.296901866515839,0,0,0,0,0,0,0
31.346896917420821,31.446887019230786,31.396891968325804,0,0,0,0,0,0,0
31.446887019230786,31.546877121040751,31.496882070135769,0,0,0,0,0,0,0
31.546877121040751,31.646867222850688,31.596872171945719,0,0,0,0,0,0,0
31.646867222850688,31.746857324660624,31.696862273755656,0,0,0,0,0,0,0
31.746857324660624,31.846847426470589,31.796852375565607,0,0,0,0,0,0,0
31.846847426470589,31.946837528280554,31.896842477375571,0,0,0,0,0,0,0
31.946837528280554,32.046827630090519,31.996832579185536,0,0,0,0,0,0,0
32.046827630090519,32.146817731900484,32.096822680995501,0,0,0,0,0,0,0
32.146817731900484,32.24680783371042,32.196812782805452,0,0,0,0,0,0,0
32.24680783371042,32.346797935520357,32.296802884615389,0,0,0,0,0,0,0
32.346797935520357,32.446788037330322,32.396792986425339,0,0,0,0,0,0,0
32.446788037330322,32.546778139140287,32.496783088235304,0,0,0,0,0,0,0
32.546778139140287,32.646768240950252,32.596773190045269,0,0,0,0,0,0,0
32.646768240950252,32.746758342760216,32.696763291855234,0,0,0,0,0,0,0
32.746758342760216,32.846748444570153,32.796753393665185,0,0,0,0,0,0,0
32.846748444570153,32.946738546380089,32.896743495475121,0,0,0,0,0,0,0
32.946738546380089,33.046728648190054,32.996733597285072,0,0,0,0,0,0,0
33.046728648190054,33.146718750000019,33.096723699095037,0,0,0,0,0,0,0
33.146718750000019,33.246708851809984,33.196713800905002,0,0,0,0,0,0,0
33.246708851809984,33.346698953619921,33.296703902714953,0,0,0,0,0,0,0
33.346698953619921,33.446689055429857,33.396694004524889,0,0,0,0,0,0,0
33.446689055429857,33.546679157239822,33.49668410633484,0,0,0,0,0,0,0
33.546679157239822,33.646669259049787,33.596674208144805,0,0,0,0,0,0,0
33.646669259049787,33.746659360859752,33.69666430995477,0,0,0,0,0,0,0
33.746659360859752,33.846649462669717,33.796654411764735,0,0,0,0,0,0,0
33.846649462669717,33.946639564479653,33.896644513574685,1.1554358172896249e-22,1.1554358172896249e-22,0,0,0,0,5.7771790864481241e-22
33.946639564479653,34.04662966628959,33.996634615384622,5.3097843750926925e-19,2.0633567494759297e-20,5.6418263057968219e-19,4.5076105025263726e-19,5.4360176133077372e-19,5.5882359802549924e-19,5.3752314735775384e-19
34.04662966628959,34.146619768099555,34.096624717194572,1.2240809765884146e-16,3.0236779582389007e-18,1.2808785568656033e-16,1.1236028604688896e-16,1.2400241344171794e-16,1.2844500661037999e-16,1.1914492650866012e-16
34.146619768099555,34.24660986990952,34.196614819004537,1.4121310689834871e-14,3.0057806305347408e-16,1.4701905999148662e-14,1.3254609036898139e-14,1.4263332473845923e-14,1.4779923683232183e-14,1.3606782256049453e-14
34.24660986990952,34.346599971719485,34.296604920814502,1.1224048369918491e-12,2.0545987547930745e-14,1.1619007439377403e-12,1.0709399751813703e-12,1.129236241814134e-12,1.1706591026948339e-12,1.0792881213311667e-12
34.346599971719485,34.446590073529421,34.396595022624453,6.4232657637591795e-11,9.7998929293326107e-13,6.6083991525987417e-11,6.2104965453009444e-11,6.4345162456560816e-11,6.6683865677706708e-11,6.1945303074694616e-11
34.446590073529421,34.546580175339358,34.49658512443439,2.6627828517201178e-09,3.314491232350909e-11,2.7240007456118696e-09,2.6005848245218263e-09,2.6575569103593824e-09,2.7504699034839866e-09,2.581301874623524e-09
34.546580175339358,34.646570277149323,34.59657522624434,8.0259449298247386e-08,8.0731427002299332e-10,8.1720216160124348e-08,7.8938735815808369e-08,7.9894768999331808e-08,8.2492939593767092e-08,7.8250585922205289e-08
34.646570277149323,34.746560378959288,34.696565328054305,1.764443417961464e-06,1.4311510801906539e-08,1.7900541605142917e-06,1.7433331996654026e-06,1.7540482047742802e-06,1.8052682045396709e-06,1.7295133203136757e-06
34.746560378959288,34.846550480769253,34.79655542986427,2.8367605250960866e-05,1.8548929464679778e-07,2.870003976809629e-05,2.8105989297297057e-05,2.819251077300313e-05,2.8906094492665368e-05,2.7933391923742478e-05
34.846550480769253,34.946540582579217,34.896545531674235,0.00033426756719568724,1.7572625019879163e-06,0.000337444192187886,0.00033174466139415459,0.00033237174270238341,0.00033941288037733346,0.00033036435931667866
34.946540582579217,35.046530684389154,34.996535633484186,0.0028924390668559063,1.2123543868688498e-05,0.0029144316948951621,0.0028739623314784166,0.002878877428821505,0.002928122699107305,0.002866801179977143
35.046530684389154,35.14652078619909,35.096525735294122,0.018414300670080493,6.0527172288438716e-05,0.018522423957954882,0.018315009035517794,0.01835005852580306,0.018593760789082949,0.018290251042043775
35.14652078619909,35.246510888009055,35.196515837104073,0.086413836833011848,0.00021685642182107224,0.086783904822409011,0.086033634120490851,0.086215878547044919,0.08706477953479981,0.085970987140314634
35.246510888009055,35.34650098981902,35.296505938914038,0.29943591444606377,0.00055087895540805809,0.30030061960480531,0.2984231231234305,0.29905752772823463,0.30111585972074484,0.29828244205310361
35.34650098981902,35.446491091628985,35.396496040724003,0.7673161706341185,0.00096707257112793848,0.76865846775802182,0.76549774189521569,0.76692142072301861,0.77030710525361623,0.7651961175407197
35.446491091628985,35.54648119343895,35.496486142533968,1.4560113119969242,0.0010882809669048505,1.4572967827976084,1.4539790315809074,1.455899509594847,1.4594006351774105,1.4534806008338481
35.54648119343895,35.646471295248887,35.596476244343918,2.0481874534687288,0.00056126881135452064,2.0486722295523334,2.0472192643007108,2.0483720438097262,2.0499257849683388,2.0467479447125352
35.646471295248887,35.746461397058823,35.696466346153855,2.1378829246481366,0.00040574151643709382,2.1372624729906966,2.1387439137633133,2.1380683695229226,2.1366597006443215,2.1386801663194301
35.746461397058823,35.846451498868788,35.796456447963806,1.6568072081589968,0.0010573851259875193,1.6554753215549554,1.6588422720047331,1.6568918498847081,1.6535735481821596,1.6592530491684279
35.846451498868788,35.946441600678753,35.896446549773771,0.95360890438375789,0.001027821664450206,0.95230559541179172,0.95549135804917851,0.95374626098954218,0.95045686173164945,0.95604444573662739
35.946441600678753,36.046431702488718,35.996436651583736,0.40766433311921874,0.00061256339221833528,0.406863605179967,0.40871471610585558,0.40789029673785354,0.40575379511369092,0.40909925245872653
36.046431702488718,36.146421804298654,36.096426753393686,0.1294120089196123,0.00025054830227796081,0.12908879190037126,0.12979633722471048,0.12960929645162236,0.1286005323664636,0.12996508665489365
36.146421804298654,36.246411906108591,36.196416855203623,0.030490254518520537,7.5905416661043449e-05,0.030404778159563908,0.030587018153161644,0.030593476969875744,0.030231316582603474,0.030634682727397906
36.246411906108591,36.346402007918556,36.296406957013573,0.0053275733434621064,1.8290682398050474e-05,0.0053131853122551182,0.0053460793528890228,0.0053625505813373851,0.0052624523424386919,0.0053535991283903137
36.346402007918556,36.446392109728521,36.396397058823538,0.00068974954470556638,3.5854207970563493e-06,0.00068831225961060608,0.00069302513809939693,0.00069769182604599784,0.00067669225087842785,0.00069302624889340308
36.446392109728521,36.546382211538486,36.496387160633503,6.6108157477717388e-05,5.5081513938375108e-07,6.6035391921992947e-05,6.6705201212216748e-05,6.7328864067296693e-05,6.4075152316845089e-05,6.6396177870235446e-05
36.546382211538486,36.646372313348451,36.596377262443468,4.6869476393408627e-06,6.3726994446603459e-08,4.684830427061968e-06,4.782308766478326e-06,4.813314864524248e-06,4.4505696251399312e-06,4.7037145134998409e-06
36.646372313348451,36.746362415158387,36.696367364253419,2.4571971360969074e-07,5.4689681273401182e-09,2.4528487272352636e-07,2.5694349222064841e-07,2.5437372604127526e-07,2.2579716338974705e-07,2.4619931367325674e-07
36.746362415158387,36.846352516968324,36.796357466063355,9.528486610304398e-09,3.4708999081553726e-10,9.4533874480819987e-09,1.04377139872644e-08,9.9058210804258597e-09,8.3307701723860888e-09,9.5147403633636391e-09
36.846352516968324,36.946342618778289,36.896347567873306,2.7350527117074397e-10,1.6148477085864227e-11,2.6733354497763026e-10,3.2332208931983366e-10,2.8301889516746547e-10,2.2251047661494184e-10,2.713413497738487e-10
36.946342618778289,37.046332720588254,36.996337669683271,5.8133066940904283e-12,5.4020117027489365e-13,5.5259070435658056e-12,7.6535053992047466e-12,5.9016359025207089e-12,4.2810673497909957e-12,5.7044177753698842e-12
37.046332720588254,37.146322822398218,37.096327771493236,9.1340221735263042e-14,1.2708187265503933e-14,8.3103579369686802e-14,1.371598981805749e-13,8.9288301458737233e-14,5.8959004677145981e-14,8.8190324990170313e-14
37.146322822398218,37.246312924208155,37.196317873303187,1.0475332837808751e-15,2.0658734189513107e-16,8.9650858350332271e-16,1.8165519053496771e-15,9.6619314511347e-16,5.6854833203482454e-16,9.8986445290308156e-16
37.246312924208155,37.346303026018091,37.296307975113123,8.0230291834720499e-18,2.295992737817259e-18,6.2170008048565971e-18,1.6727292801961675e-17,6.7403935071198934e-18,3.0947252292912224e-18,7.3357335741308586e-18
37.346303026018091,37.446293127828056,37.396298076923074,3.1469921419075324e-20,1.7032128868276533e-20,1.6026927596649054e-20,9.7813931268665984e-20,1.6343417101967306e-20,1.4761467066808326e-21,2.5689184421413435e-20
37.446293127828056,37.546283229638021,37.496288178733039,0,0,0,0,0,0,0
37.546283229638021,37.646273331447986,37.596278280543004,0,0,0,0,0,0,0
37.646273331447986,37.746263433257951,37.696268382352969,0,0,0,0,0,0,0
37.746263433257951,37.846253535067888,37.796258484162919,0,0,0,0,0,0,0
37.846253535067888,37.946243636877824,37.896248585972856,0,0,0,0,0,0,0
37.946243636877824,38.046233738687789,37.996238687782807,0,0,0,0,0,0,0
38.046233738687789,38.146223840497754,38.096228789592772,0,0,0,0,0,0,0
38.146223840497754,38.246213942307719,38.196218891402737,0,0,0,0,0,0,0
38.246213942307719,38.346204044117655,38.296208993212687,0,0,0,0,0,0,0
38.346204044117655,38.446194145927592,38.396199095022624,0,0,0,0,0,0,0
38.446194145927592,38.546184247737557,38.496189196832574,0,0,0,0,0,0,0
38.546184247737557,38.646174349547522,38.596179298642539,0,0,0,0,0,0,0
38.646174349547522,38.746164451357487,38.696169400452504,0,0,0,0,0,0,0
38.746164451357487,38.846154553167452,38.796159502262469,0,0,0,0,0,0,0
38.846154553167452,38.946144654977388,38.89614960407242,0,0,0,0,0,0,0
38.946144654977388,39.046134756787325,38.996139705882356,0,0,0,0,0,0,0
39.046134756787325,39.14612485859729,39.096129807692307,0,0,0,0,0,0,0
39.14612485859729,39.246114960407255,39.196119909502272,0,0,0,0,0,0,0
39.246114960407255,39.346105062217219,39.296110011312237,0,0,0,0,0,0,0
39.346105062217219,39.446095164027184,39.396100113122202,0,0,0,0,0,0,0
39.446095164027184,39.546085265837121,39.496090214932153,0,0,0,0,0,0,0
39.546085265837121,39.646075367647057,39.596080316742089,0,0,0,0,0,0,0
39.646075367647057,39.746065469457022,39.69607041855204,0,0,0,0,0,0,0
39.746065469457022,39.846055571266987,39.796060520362005,0,0,0,0,0,0,0
39.846055571266987,39.946045673076952,39.89605062217197,0,0,0,0,0,0,0
39.946045673076952,40.046035774886889,39.99604072398192,0,0,0,0,0,0,0
40.046035774886889,40.146025876696825,40.096030825791857,0,0,0,0,0,0,0
40.146025876696825,40.24601597850679,40.196020927601808,0,0,0,0,0,0,0
40.24601597850679,40.346006080316755,40.296011029411773,0,0,0,0,0,0,0
40.346006080316755,40.44599618212672,40.396001131221738,0,0,0,0,0,0,0
40.44599618212672,40.545986283936685,40.495991233031702,0,0,0,0,0,0,0
40.545986283936685,40.645976385746621,40.595981334841653,0,0,0,0,0,0,0
40.645976385746621,40.745966487556558,40.69597143665159,0,0,0,0,0,0,0
40.745966487556558,40.845956589366523,40.79596153846154,0,0,0,0,0,0,0
40.845956589366523,40.945946691176488,40.895951640271505,0,0,0,0,0,0,0
40.945946691176488,41.045936792986453,40.99594174208147,0,0,0,0,0,0,0
41.045936792986453,41.145926894796389,41.095931843891421,0,0,0,0,0,0,0
41.145926894796389,41.245916996606326,41.195921945701357,0,0,0,0,0,0,0
41.245916996606326,41.345907098416291,41.295912047511308,0,0,0,0,0,0,0
41.345907098416291,41.445897200226256,41.395902149321273,0,0,0,0,0,0,0
41.445897200226256,41.54588730203622,41.495892251131238,0,0,0,0,0,0,0
41.54588730203622,41.645877403846185,41.595882352941203,0,0,0,0,0,0,0
41.645877403846185,41.745867505656122,41.695872454751154,0,0,0,0,0,0,0
41.745867505656122,41.845857607466058,41.79586255656109,0,0,0,0,0,0,0
41.845857607466058,41.945847709276023,41.895852658371041,0,0,0,0,0,0,0
41.945847709276023,42.045837811085988,41.995842760181006,0,0,0,0,0,0,0
42.045837811085988,42.145827912895953,42.095832861990971,0,0,0,0,0,0,0
42.145827912895953,42.245818014705918,42.195822963800936,0,0,0,0,0,0,0
42.245818014705918,42.345808116515855,42.295813065610886,0,0,0,0,0,0,0
42.345808116515855,42.445798218325791,42.395803167420823,0,0,0,0,0,0,0
42.445798218325791,42.545788320135756,42.495793269230774,0,0,0,0,0,0,0
42.545788320135756,42.645778421945721,42.595783371040739,0,0,0,0,0,0,0
42.645778421945721,42.745768523755686,42.695773472850703,0,0,0,0,0,0,0
42.745768523755686,42.845758625565622,42.795763574660654,0,0,0,0,0,0,0
42.845758625565622,42.945748727375559,42.895753676470591,0,0,0,0,0,0,0
42.945748727375559,43.045738829185524,42.995743778280541,0,0,0,0,0,0,0
43.045738829185524,43.145728930995489,43.095733880090506,0,0,0,0,0,0,0
43.145728930995489,43.245719032805454,43.195723981900471,0,0,0,0,0,0,0
43.245719032805454,43.345709134615419,43.295714083710436,0,0,0,0,0,0,0
43.345709134615419,43.445699236425355,43.395704185520387,0,0,0,0,0,0,0
43.445699236425355,43.545689338235292,43.495694287330323,0,0,0,0,0,0,0
43.545689338235292,43.645679440045257,43.595684389140274,0,0,0,0,0,0,0
43.645679440045257,43.745669541855221,43.695674490950239,0,0,0,0,0,0,0
43.745669541855221,43.845659643665186,43.795664592760204,0,0,0,0,0,0,0
43.845659643665186,43.945649745475123,43.895654694570155,0,0,0,0,0,0,0
43.945649745475123,44.045639847285059,43.995644796380091,0,0,0,0,0,0,0
44.045639847285059,44.145629949095024,44.095634898190042,6.2248555538212941e-23,6.2248555538212941e-23,0,0,3.112427776910647e-22,0,0
44.145629949095024,44.245620050904989,44.195625000000007,8.1480283179628593e-19,4.3201146735246182e-20,7.0441713329169685e-19,7.6190348296301561e-19,9.5286054807788011e-19,7.8891132947336867e-19,8.6592166517546822e-19
44.245620050904989,44.345610152714954,44.295615101809972,1.7616468202458699e-16,5.6505130101100043e-18,1.6203115834299509e-16,1.6773167560491066e-16,1.9451315677457315e-16,1.7494719985566816e-16,1.8160021954478791e-16
44.345610152714954,44.445600254524919,44.395605203619937,1.9700527976010418e-14,4.9596629780762945e-16,1.8472166789941563e-14,1.8893043606496945e-14,2.130492205363539e-14,1.9702251827687616e-14,2.0130255602290577e-14
44.445600254524919,44.545590356334856,44.495595305429887,1.5252812906693321e-12,3.0266409691300536e-14,1.4529281999035383e-12,1.4707498488384079e-12,1.6234274265790361e-12,1.5338689881508569e-12,1.5454319898748205e-12
44.545590356334856,44.645580458144792,44.595585407239824,8.4834197811211056e-11,1.2966703018166261e-12,8.1951192228971376e-11,8.2225738811377694e-11,8.90285959549202e-11,8.5679112585677477e-11,8.5286349475108507e-11
44.645580458144792,44.745570559954757,44.695575509049775,3.4124905101388001e-09,3.9630937043811467e-11,3.33495597495e-09,3.3240902905522139e-09,3.537635250805922e-09,3.4562618054718018e-09,3.4095092289140614e-09
44.745570559954757,44.845560661764722,44.79556561085974,9.9732218064075388e-08,8.7858160443504287e-10,9.8331253904903099e-08,9.7613285234667027e-08,1.0233080291738692e-07,1.0114379067301262e-07,9.9241957590407321e-08
44.845560661764722,44.945550763574687,44.895555712669704,2.1259711859069089e-06,1.4243138138070771e-08,2.1091672071489683e-06,2.0901846026394457e-06,2.1631981866982502e-06,2.1559062510178299e-06,2.1113996820300499e-06
44.945550763574687,45.045540865384652,44.995545814479669,3.316659448753733e-05,1.6822638438097634e-07,3.3037652003036185e-05,3.2743289375040214e-05,3.3527430422024248e-05,3.359521709636111e-05,3.2929383541224885e-05
45.045540865384652,45.145530967194588,45.09553591628962,0.00037975669683539291,1.435093044226269e-06,0.00037920908947713933,0.00037628237765769757,0.00038202253768691223,0.0003839621350639778,0.00037730734429123757
45.145530967194588,45.245521069004525,45.195526018099557,0.0031991642519847928,8.7992091609128361e-06,0.003199056007360106,0.0031797001967584526,0.0032073324109697259,0.0032276469549677388,0.0031820856898679404
45.245521069004525,45.34551117081449,45.295516119909507,0.019873454760620645,3.8872092452564427e-05,0.019888190419720782,0.019801523198051601,0.019881344428251405,0.020006624473557454,0.019789591283521979
45.34551117081449,45.445501272624455,45.395506221719472,0.091233586929816327,0.00012487629504686853,0.091336908828028709,0.091072971389666968,0.091163824646214961,0.091659379046611603,0.090934850738559406
45.445501272624455,45.54549137443442,45.495496323529437,0.31013853906698663,0.00029522100088581098,0.31052917285137521,0.30999003732531177,0.30976747398159871,0.31104635015140381,0.30935966102524354
45.54549137443442,45.645481476244356,45.595486425339388,0.7820820536953994,0.00051202857026814096,0.78299459600168275,0.78229933406655405,0.78119043318720138,0.78329339683125931,0.78063250839029974
45.645481476244356,45.745471578054293,45.695476527149324,1.4652852973277675,0.00061359467355912663,1.4665651785034886,1.4661382761988062,1.4641202964875564,1.4660934004273409,1.4635093350216455
45.745471578054293,45.845461679864258,45.795466628959275,2.042478085278975,0.00041659277483947359,2.0433159606153311,2.0435498696658154,2.0418360962899187,2.0422940218222423,2.0413944780015694
45.845461679864258,45.945451781674223,45.89545673076924,2.1205599753997633,0.00027795661247999456,2.1202179280829063,2.120998737001333,2.120960833443156,2.1196215468730881,2.1210008315983311
45.945451781674223,46.045441883484187,45.995446832579205,1.6412289312508352,0.00056776070518292372,1.6400087577475908,1.6407809828685656,1.6422677640834131,1.6402244117947589,1.6428627397598474
46.045441883484187,46.145431985294152,46.09543693438917,0.94744094940487089,0.00055854959215117432,0.94629307634323034,0.94665170509989649,0.94835802064676111,0.94673899740802525,0.94916294752644148
46.145431985294152,46.245422087104089,46.195427036199121,0.40805747188565589,0.00033606586442605041,0.40746702510694927,0.40747933462847569,0.40854683091108418,0.40765351541128764,0.40914065337048267
46.245422087104089,46.345412188914025,46.295417138009057,0.13112410388630075,0.00013821809486933419,0.13093893660538883,0.13086277203047661,0.13131259684331598,0.13092853773473034,0.13157767621759198
46.345412188914025,46.44540229072399,46.395407239819008,0.031428775202087214,4.09888807837348e-05,0.031388595306414531,0.031348814962483346,0.031490699930489037,0.031357721749785822,0.031558044061263363
46.44540229072399,46.545392392533955,46.495397341628973,0.0056164689689668333,8.9994678451969971e-06,0.0056075163716403824,0.0055994418762628151,0.0056350840344063348,0.0055992216606721825,0.0056410809018524527
46.545392392533955,46.64538249434392,46.595387443438938,0.00074793204134692955,1.5613782837302895e-06,0.00074534733832095355,0.00074545288223603191,0.00075254850523055522,0.00074546136653132406,0.0007508501144157829
46.64538249434392,46.745372596153857,46.695377545248888,7.4183166685045708e-05,2.447055223333444e-07,7.3541918803683831e-05,7.396041917139836e-05,7.5014971740571253e-05,7.4050294083699922e-05,7.4348229625875186e-05
46.745372596153857,46.845362697963793,46.795367647058825,5.4781207207809626e-06,3.3528933745973735e-08,5.3703203717765204e-06,5.4712572046277537e-06,5.580351516798098e-06,5.4963234683676295e-06,5.472351042334813e-06
46.845362697963793,46.945352799773758,46.895357748868776,3.0114827996934278e-07,3.4434861463743885e-09,2.8918860051501516e-07,3.0216995960405919e-07,3.0953090011812783e-07,3.0555173944512713e-07,2.9930020016438461e-07
46.945352799773758,47.045342901583723,46.995347850678741,1.2323846471850877e-08,2.4845274153863293e-10,1.143535636904363e-08,1.2483250530393812e-08,1.2778753724872069e-08,1.2756928574527701e-08,1.2164943160417174e-08
47.045342901583723,47.145333003393688,47.095337952488705,3.7525408948535086e-10,1.2439849136427745e-11,3.3046193684889379e-10,3.8628425975195918e-10,3.9149046611000665e-10,4.0059703081572209e-10,3.6743675390017243e-10
47.145333003393688,47.245323105203653,47.19532805429867,8.4850559756980026e-12,4.3058788216020036e-13,6.942194587784478e-12,8.9420472415891656e-12,8.8621451999044136e-12,9.4417232472888248e-12,8.2371696019231318e-12
47.245323105203653,47.345313207013589,47.295318156108621,1.4178960722849519e-13,1.0253421463817806e-14,1.0541854179143234e-13,1.5392634811473055e-13,1.4736272879061145e-13,1.6573729156259351e-13,1.3650312588310814e-13
47.345313207013589,47.445303308823526,47.395308257918558,1.7285419639744204e-15,1.6704444003648535e-16,1.1425713826329352e-15,1.9403715595359184e-15,1.778207330642559e-15,2.1302946340748875e-15,1.6512649129858007e-15
47.445303308823526,47.545293410633491,47.495298359728508,1.440980795478022e-17,1.8582102827756394e-18,7.9589541773308161e-18,1.6869618504065582e-17,1.4640652453838734e-17,1.8961226308140262e-17,1.3618588330525703e-17
47.545293410633491,47.645283512443456,47.595288461538473,6.4224355333080799e-20,1.3596854717473726e-20,1.8332875840517318e-20,8.3843896313978174e-20,6.0526100644968055e-20,9.8493532905239588e-20,5.9925370960700846e-20
47.645283512443456,47.745273614253421,47.695278563348438,0,0,0,0,0,0,0
47.745273614253421,47.845263716063357,47.795268665158389,0,0,0,0,0,0,0
47.845263716063357,47.945253817873294,47.895258766968325,0,0,0,0,0,0,0
47.945253817873294,48.045243919683259,47.995248868778276,0,0,0,0,0,0,0
48.045243919683259,48.145234021493224,48.095238970588241,0,0,0,0,0,0,0
48.145234021493224,48.245224123303188,48.195229072398206,0,0,0,0,0,0,0
48.245224123303188,48.345214225113153,48.295219174208171,0,0,0,0,0,0,0
48.345214225113153,48.44520432692309,48.395209276018122,0,0,0,0,0,0,0
48.44520432692309,48.545194428733026,48.495199377828058,0,0,0,0,0,0,0
48.545194428733026,48.645184530542991,48.595189479638009,0,0,0,0,0,0,0
48.645184530542991,48.745174632352956,48.695179581447974,0,0,0,0,0,0,0
48.745174632352956,48.845164734162921,48.795169683257939,0,0,0,0,0,0,0
48.845164734162921,48.945154835972886,48.895159785067904,0,0,0,0,0,0,0
48.945154835972886,49.045144937782823,48.995149886877854,0,0,0,0,0,0,0
49.045144937782823,49.145135039592759,49.095139988687791,0,0,0,0,0,0,0
49.145135039592759,49.245125141402724,49.195130090497742,0,0,0,0,0,0,0
49.245125141402724,49.345115243212689,49.295120192307706,0,0,0,0,0,0,0
49.345115243212689,49.445105345022654,49.395110294117671,0,0,0,0,0,0,0
49.445105345022654,49.54509544683259,49.495100395927622,0,0,0,0,0,0,0
49.54509544683259,49.645085548642527,49.595090497737559,0,0,0,0,0,0,0
49.645085548642527,49.745075650452492,49.695080599547509,0,0,0,0,0,0,0
49.745075650452492,49.845065752262457,49.795070701357474,0,0,0,0,0,0,0
49.845065752262457,49.945055854072422,49.895060803167439,0,0,0,0,0,0,0
49.945055854072422,50.045045955882387,49.995050904977404,0,0,0,0,0,0,0
50.045045955882387,50.145036057692323,50.095041006787355,0,0,0,0,0,0,0
50.145036057692323,50.24502615950226,50.195031108597291,0,0,0,0,0,0,0
50.24502615950226,50.345016261312225,50.295021210407242,0,0,0,0,0,0,0
50.345016261312225,50.445006363122189,50.395011312217207,0,0,0,0,0,0,0
50.445006363122189,50.544996464932154,50.495001414027172,0,0,0,0,0,0,0
50.544996464932154,50.644986566742091,50.594991515837123,0,0,0,0,0,0,0
50.644986566742091,50.744976668552027,50.694981617647059,0,0,0,0,0,0,0
50.744976668552027,50.844966770361992,50.79497171945701,0,0,0,0,0,0,0
50.844966770361992,50.944956872171957,50.894961821266975,0,0,0,0,0,0,0
50.944956872171957,51.044946973981922,50.99495192307694,0,0,0,0,0,0,0
51.044946973981922,51.144937075791887,51.094942024886905,0,0,0,0,0,0,0
51.144937075791887,51.244927177601824,51.194932126696855,0,0,0,0,0,0,0
51.244927177601824,51.34491727941176,51.294922228506792,0,0,0,0,0,0,0
51.34491727941176,51.444907381221725,51.394912330316743,0,0,0,0,0,0,0
51.444907381221725,51.54489748303169,51.494902432126707,0,0,0,0,0,0,0
51.54489748303169,51.644887584841655,51.594892533936672,0,0,0,0,0,0,0
51.644887584841655,51.74487768665162,51.694882635746637,0,0,0,0,0,0,0
51.74487768665162,51.844867788461556,51.794872737556588,0,0,0,0,0,0,0
51.844867788461556,51.944857890271493,51.894862839366525,0,0,0,0,0,0,0
51.944857890271493,52.044847992081458,51.994852941176475,0,0,0,0,0,0,0
52.044847992081458,52.144838093891423,52.09484304298644,0,0,0,0,0,0,0
52.144838093891423,52.244828195701388,52.194833144796405,0,0,0,0,0,0,0
52.244828195701388,52.344818297511324,52.294823246606356,0,0,0,0,0,0,0
52.344818297511324,52.444808399321261,52.394813348416292,0,0,0,0,0,0,0
52.444808399321261,52.544798501131226,52.494803450226243,0,0,0,0,0,0,0
52.544798501131226,52.64478860294119,52.594793552036208,0,0,0,0,0,0,0
52.64478860294119,52.744778704751155,52.694783653846173,0,0,0,0,0,0,0
52.744778704751155,52.84476880656112,52.794773755656138,0,0,0,0,0,0,0
52.84476880656112,52.944758908371057,52.894763857466089,0,0,0,0,0,0,0
52.944758908371057,53.044749010180993,52.994753959276025,0,0,0,0,0,0,0
53.044749010180993,53.144739111990958,53.094744061085976,0,0,0,0,0,0,0
53.144739111990958,53.244729213800923,53.194734162895941,0,0,0,0,0,0,0
53.244729213800923,53.344719315610888,53.294724264705906,0,0,0,0,0,0,0
53.344719315610888,53.444709417420825,53.394714366515856,0,0,0,0,0,0,0
53.444709417420825,53.544699519230761,53.494704468325793,0,0,0,0,0,0,0
53.544699519230761,53.644689621040726,53.594694570135744,0,0,0,0,0,0,0
53.644689621040726,53.744679722850691,53.694684671945708,0,0,0,0,0,0,0
53.744679722850691,53.844669824660656,53.794674773755673,0,0,0,0,0,0,0
53.844669824660656,53.944659926470621,53.894664875565638,0,0,0,0,0,0,0
53.944659926470621,54.044650028280557,53.994654977375589,0,0,0,0,0,0,0
54.044650028280557,54.144640130090494,54.094645079185526,0,0,0,0,0,0,0
54.144640130090494,54.244630231900459,54.194635180995476,0,0,0,0,0,0,0
54.244630231900459,54.344620333710424,54.294625282805441,1.3987771242453648e-21,1.3987771242453646e-21,0,0,6.9938856212268236e-21,0,0
54.344620333710424,54.444610435520389,54.394615384615406,1.2792884471008986e-18,1.986517724398046e-19,7.8227574633900127e-19,9.1133900004631201e-19,1.8899828741419012e-18,1.4344258200360819e-18,1.3784187949411962e-18
54.444610435520389,54.544600537330354,54.494605486425371,2.3471928487435756e-16,2.0632875807921195e-17,1.7929447834986547e-16,1.9224825031562331e-16,2.8383698639016904e-16,2.6337516115179972e-16,2.5484154816433052e-16
54.544600537330354,54.64459063914029,54.594595588235322,2.461644843624907e-14,1.5895963682155005e-15,2.0271369836764311e-14,2.1237161574050505e-14,2.7108303822585577e-14,2.7643872802443405e-14,2.6821534145401549e-14
54.64459063914029,54.744580740950227,54.694585690045258,1.8170541800335873e-12,8.8953792580388168e-14,1.584458972509702e-12,1.6263237910781671e-12,1.8921161423883688e-12,2.0185616690982735e-12,1.9638103250934246e-12
54.744580740950227,54.844570842760191,54.794575791855209,9.6993453486394675e-11,3.4987867094646498e-12,8.86173446004782e-11,8.934511569084434e-11,9.8072350527189569e-11,1.0575563743641509e-10,1.0317681917704612e-10
54.844570842760191,54.944560944570156,54.894565893665174,3.7647197113583033e-09,9.4716388527633613e-11,3.5662740082217149e-09,3.54638588356287e-09,3.7606781050090142e-09,4.0187879155735119e-09,3.9314726444244072e-09
54.944560944570156,55.044551046380121,54.994555995475139,1.0667229478977912e-07,1.757753689826542e-09,1.0371103827421768e-07,1.0222098428196211e-07,1.0624888887223884e-07,1.1166969007009826e-07,1.0951087245037873e-07
55.044551046380121,55.144541148190058,55.09454609728509,2.2140512819514978e-06,2.2745994167349324e-08,2.189392099692294e-06,2.1489346774641942e-06,2.2071390190177311e-06,2.2821093716847532e-06,2.2426812418985158e-06
55.144541148190058,55.244531249999994,55.194536199095026,3.3764104227557876e-05,2.1580285086173972e-07,3.371341896262621e-05,3.307638041862542e-05,3.3714096208118542e-05,3.4425317284314344e-05,3.3891308264104873e-05
55.244531249999994,55.344521351809959,55.294526300904977,0.00037932192605024545,1.6196392914993967e-06,0.00038046960820846957,0.00037403511776318217,0.00037923553490212884,0.0003841050920482387,0.00037876427732920791
55.344521351809959,55.444511453619924,55.394516402714942,0.0031468988573073961,9.8900369533251352e-06,0.0031605244954441927,0.0031170081478273364,0.0031482108681292003,0.0031739154196693113,0.0031348353554669396
55.444511453619924,55.544501555429889,55.494506504524907,0.01932333434132345,4.6824771124057387e-05,0.019399438714364472,0.019197785199226589,0.019335182456333245,0.019445693252335191,0.019238572084357759
55.544501555429889,55.644491657239854,55.594496606334872,0.088028517233424267,0.00016362623795260081,0.088282511483349937,0.087636512112912276,0.088079902794593448,0.088466099702736375,0.087677560073529295
55.644491657239854,55.744481759049791,55.694486708144822,0.29820515123196117,0.00041207989890188368,0.2987307425377595,0.29731869923062149,0.29835053170167336,0.29938289184612205,0.29724289084362959
55.744481759049791,55.844471860859727,55.794476809954759,0.75283542600035935,0.00073070471072431554,0.75347334802566579,0.75149852189669131,0.75313345091020689,0.75507491515598868,0.75099689401324365
55.844471860859727,55.944461962669692,55.894466911764709,1.4191320024255734,0.00086352798173606809,1.4194527109179687,1.418106633258853,1.4195714042876595,1.4218657008931102,1.4166635627702748
55.944461962669692,56.044452064479657,55.994457013574674,2.0008770579456705,0.00059902314941604287,2.0006388767857657,2.0012452385821939,2.0012564185535662,2.0024541324047065,1.9987906234021213
56.044452064479657,56.144442166289622,56.094447115384639,2.1130475511363191,0.00045788990842164667,2.1125076528771474,2.1147988701223452,2.1130372916927365,2.1122091096391222,2.1126848313502431
56.144442166289622,56.244432268099558,56.19443721719459,1.6733019683179993,0.0008181232765554023,1.6728457557440459,1.6750508364000154,1.6728453483789412,1.6706974161835675,1.6750704848834259
56.244432268099558,56.344422369909495,56.294427319004527,0.99443625740265928,0.00086372146877692821,0.99416938695065848,0.99511062127796635,0.99390087314448505,0.99184506678767137,0.99715533885251528
56.344422369909495,56.44441247171946,56.394417420814477,0.44378337070452883,0.00059346362439918841,0.44362850524626746,0.44361710286003814,0.44349642276818901,0.44225368115736702,0.44592114149078271
56.44441247171946,56.544402573529425,56.494407522624442,0.14876943315457564,0.00028282659694998534,0.14867373234477735,0.14844775291333312,0.14870857379427369,0.14818117193400301,0.1498359347864911
56.544402573529425,56.64439267533939,56.594397624434407,0.037470226118376943,9.7007347358806257e-05,0.037419882368687811,0.037292755615210497,0.037481369802591057,0.037323041357643125,0.037834081447752223
56.64439267533939,56.744382777149355,56.694387726244372,0.007091536569857124,2.5038017092618963e-05,0.0070717056576291197,0.0070326975939966063,0.0071013305224186295,0.0070702300890882544,0.0071817189861530127
56.744382777149355,56.844372878959291,56.794377828054323,0.0010086835676061299,5.134340977676377e-06,0.001002972553698989,0.00099509936877353769,0.0010110436728966367,0.0010081757667809407,0.0010261264758805444
56.844372878959291,56.944362980769228,56.894367929864259,0.00010786521181491629,8.6752308121181047e-07,0.00010666687743581439,0.00010552894064885672,0.00010808631489733207,0.0001083775807183844,0.00011066634537419384
56.944362980769228,57.044353082579192,56.99435803167421,8.6763236067994616e-06,1.1884227713265558e-07,8.4948728141925353e-06,8.3698988699464866e-06,8.6646541132975933e-06,8.8021194367493596e-06,9.0500727998113365e-06
57.044353082579192,57.144343184389157,57.094348133484175,5.2510184154350808e-07,1.246177556490501e-08,5.0557300881980603e-07,4.9484749751566936e-07,5.1974378287853164e-07,5.4126567069825848e-07,5.6407924780527499e-07
57.144343184389157,57.244333286199122,57.19433823529414,2.3890787963378045e-08,9.4557149053848599e-10,2.2419227425173005e-08,2.1710207622943218e-08,2.3255241690451634e-08,2.5208302846749261e-08,2.6860960231573105e-08
57.244333286199122,57.344323388009059,57.294328337104091,8.1434907511642422e-10,5.0113292291097074e-11,7.3763979480124335e-10,7.0294894763448763e-10,7.7268152888242249e-10,8.8566215491909657e-10,9.7281294934487066e-10
57.344323388009059,57.444313489818995,57.394318438914027,2.0647534099152285e-11,1.8214579874753266e-12,1.7904951081789334e-11,1.6696144647176287e-11,1.894824646516121e-11,2.3246046860014183e-11,2.644228144162041e-11
57.444313489818995,57.54430359162896,57.494308540723978,3.8508665649081853e-13,4.5004288358836672e-14,3.1822717428346659e-13,2.8899255207935502e-13,3.4019951589303295e-13,4.4907136676765425e-13,5.2894267343058372e-13
57.54430359162896,57.644293693438925,57.594298642533943,5.1999604510720479e-15,7.5261034343188006e-16,4.0930263914941389e-15,3.6093791189640131e-15,4.4182349569962811e-15,6.2652140517064544e-15,7.6139477361993496e-15
57.644293693438925,57.74428379524889,57.694288744343908,4.8846568195544265e-17,8.4929830592082619e-18,3.6440113431047048e-17,3.1030354199933911e-17,3.9779760851756344e-17,6.0834963705180462e-17,7.6147648789803549e-17
57.74428379524889,57.844273897058855,57.794278846153873,2.6829751033884137e-19,6.4700706036582912e-20,1.7532415532262855e-19,1.3424624156325198e-19,1.9596952136890679e-19,3.5850740411033815e-19,4.7744022932908149e-19
57.844273897058855,57.944263998868792,57.894268947963823,0,0,0,0,0,0,0
57.944263998868792,58.044254100678728,57.99425904977376,0,0,0,0,0,0,0
58.044254100678728,58.144244202488693,58.09424915158371,0,0,0,0,0,0,0
58.144244202488693,58.244234304298658,58.194239253393675,0,0,0,0,0,0,0
58.244234304298658,58.344224406108623,58.29422935520364,0,0,0,0,0,0,0
58.344224406108623,58.444214507918588,58.394219457013605,0,0,0,0,0,0,0
58.444214507918588,58.544204609728524,58.494209558823556,0,0,0,0,0,0,0
58.544204609728524,58.644194711538461,58.594199660633492,0,0,0,0,0,0,0
58.644194711538461,58.744184813348426,58.694189762443443,0,0,0,0,0,0,0
58.744184813348426,58.844174915158391,58.794179864253408,0,0,0,0,0,0,0
58.844174915158391,58.944165016968356,58.894169966063373,0,0,0,0,0,0,0
58.944165016968356,59.044155118778292,58.994160067873324,0,0,0,0,0,0,0
59.044155118778292,59.144145220588229,59.09415016968326,0,0,0,0,0,0,0
59.144145220588229,59.244135322398193,59.194140271493211,0,0,0,0,0,0,0
59.244135322398193,59.344125424208158,59.294130373303176,0,0,0,0,0,0,0
59.344125424208158,59.444115526018123,59.394120475113141,0,0,0,0,0,0,0
59.444115526018123,59.544105627828088,59.494110576923106,0,0,0,0,0,0,0
59.544105627828088,59.644095729638025,59.594100678733056,0,0,0,0,0,0,0
59.644095729638025,59.744085831447961,59.694090780542993,0,0,0,0,0,0,0
59.744085831447961,59.844075933257926,59.794080882352944,0,0,0,0,0,0,0
59.844075933257926,59.944066035067891,59.894070984162909,0,0,0,0,0,0,0
59.944066035067891,60.044056136877856,59.994061085972874,0,0,0,0,0,0,0
60.044056136877856,60.144046238687793,60.094051187782824,0,0,0,0,0,0,0
60.144046238687793,60.244036340497729,60.194041289592761,0,0,0,0,0,0,0
60.244036340497729,60.344026442307694,60.294031391402712,0,0,0,0,0,0,0
60.344026442307694,60.444016544117659,60.394021493212676,0,0,0,0,0,0,0
60.444016544117659,60.544006645927624,60.494011595022641,0,0,0,0,0,0,0
60.544006645927624,60.643996747737589,60.594001696832606,0,0,0,0,0,0,0
60.643996747737589,60.743986849547525,60.693991798642557,0,0,0,0,0,0,0
60.743986849547525,60.843976951357462,60.793981900452494,0,0,0,0,0,0,0
60.843976951357462,60.943967053167427,60.893972002262444,0,0,0,0,0,0,0
60.943967053167427,61.043957154977392,60.993962104072409,0,0,0,0,0,0,0
61.043957154977392,61.143947256787357,61.093952205882374,0,0,0,0,0,0,0
61.143947256787357,61.243937358597321,61.193942307692339,0,0,0,0,0,0,0
61.243937358597321,61.343927460407258,61.29393240950229,0,0,0,0,0,0,0
61.343927460407258,61.443917562217194,61.393922511312226,0,0,0,0,0,0,0
61.443917562217194,61.543907664027159,61.493912613122177,0,0,0,0,0,0,0
61.543907664027159,61.643897765837124,61.593902714932142,0,0,0,0,0,0,0
61.643897765837124,61.743887867647089,61.693892816742107,0,0,0,0,0,0,0
61.743887867647089,61.843877969457026,61.793882918552058,0,0,0,0,0,0,0
61.843877969457026,61.943868071266962,61.893873020361994,0,0,0,0,0,0,0
61.943868071266962,62.043858173076927,61.993863122171945,0,0,0,0,0,0,0
62.043858173076927,62.143848274886892,62.09385322398191,0,0,0,0,0,0,0
62.143848274886892,62.243838376696857,62.193843325791875,0,0,0,0,0,0,0
62.243838376696857,62.343828478506822,62.29383342760184,0,0,0,0,0,0,0
62.343828478506822,62.443818580316758,62.39382352941179,0,0,0,0,0,0,0
62.443818580316758,62.543808682126695,62.493813631221727,0,0,0,0,0,0,0
62.543808682126695,62.64379878393666,62.593803733031677,0,0,0,0,0,0,0
62.64379878393666,62.743788885746625,62.693793834841642,0,0,0,0,0,0,0
62.743788885746625,62.84377898755659,62.793783936651607,0,0,0,0,0,0,0
62.84377898755659,62.943769089366526,62.893774038461558,0,0,0,0,0,0,0
62.943769089366526,63.043759191176463,62.993764140271495,0,0,0,0,0,0,0
63.043759191176463,63.143749292986428,63.093754242081445,0,0,0,0,0,0,0
63.143749292986428,63.243739394796393,63.19374434389141,0,0,0,0,0,0,0
63.243739394796393,63.343729496606358,63.293734445701375,0,0,0,0,0,0,0
63.343729496606358,63.443719598416322,63.39372454751134,0,0,0,0,0,0,0
63.443719598416322,63.543709700226259,63.493714649321291,0,0,0,0,0,0,0
63.543709700226259,63.643699802036195,63.593704751131227,0,0,0,0,0,0,0
63.643699802036195,63.74368990384616,63.693694852941178,0,0,0,0,0,0,0
63.74368990384616,63.843680005656125,63.793684954751143,0,0,0,0,0,0,0
63.843680005656125,63.94367010746609,63.893675056561108,0,0,0,0,0,0,0
63.94367010746609,64.043660209276055,63.993665158371073,0,0,0,0,0,0,0
64.043660209276055,64.143650311085992,64.093655260181023,0,0,0,0,0,0,0
64.143650311085992,64.243640412895928,64.19364536199096,0,0,0,0,0,0,0
64.243640412895928,64.343630514705893,64.293635463800911,0,0,0,0,0,0,0
64.343630514705893,64.443620616515858,64.393625565610876,0,0,0,0,0,0,0
64.443620616515858,64.543610718325823,64.493615667420841,7.4740663472488399e-22,4.1840629099485422e-22,0,7.003847586509747e-22,0,7.4592396577121731e-22,2.2907244492022277e-21
64.543610718325823,64.643600820135759,64.593605769230791,1.0036586556094712e-18,1.0033122993278349e-19,8.2987781881470709e-19,9.1960289858902747e-19,9.1295141403679608e-19,9.5987925112906614e-19,1.3959818954777595e-18
64.643600820135759,64.743590921945696,64.693595871040728,1.90396072264508e-16,1.0726954267548953e-17,1.7099495871619885e-16,1.7813414637868517e-16,1.8140164756841137e-16,1.8990199768097647e-16,2.3154761097826806e-16
64.743590921945696,64.843581023755661,64.793585972850678,2.0186299200414737e-14,8.1192825052362711e-16,1.8684956379171162e-14,1.9050275136730575e-14,1.9588513134479373e-14,2.0380936244346759e-14,2.3226815107345827e-14
64.843581023755661,64.943571125565626,64.893576074660643,1.5003364000815235e-12,4.3400919157618853e-14,1.4177362050041836e-12,1.4273243193408138e-12,1.4700688551295646e-12,1.5327475513868278e-12,1.6538050695462278e-12
64.943571125565626,65.043561227375591,64.993566176470608,8.0356584330511258e-11,1.6732526351475505e-12,7.7117558814150088e-11,7.7077737241753744e-11,7.9139933756672026e-11,8.2927369913322508e-11,8.5520321926657925e-11
65.043561227375591,65.143551329185556,65.093556278280573,3.1208308426877959e-09,4.8793801978460751e-11,3.0301329636101563e-09,3.0172674104926709e-09,3.0822592021173965e-09,3.2432410355177657e-09,3.2312536017009901e-09
65.143551329185556,65.243541430995492,65.193546380090524,8.8309923889471667e-08,1.1224942151069046e-09,8.6492423727682118e-08,8.59949897409314e-08,8.7394352233453836e-08,9.2050106286494966e-08,8.9617747458796002e-08
65.243541430995492,65.343531532805429,65.29353648190046,1.8288957252303714e-06,1.9994307724550711e-08,1.8027758918861293e-06,1.7920936910707362e-06,1.813551596720322e-06,1.904501905643753e-06,1.8315555408309161e-06
65.343531532805429,65.443521634615394,65.393526583710411,2.7842039261627866e-05,2.6138300546883514e-07,2.7572613910083345e-05,2.742453970874268e-05,2.7668713934601779e-05,2.8871942967710418e-05,2.7672385787001119e-05
65.443521634615394,65.543511736425359,65.493516685520376,0.00031285641717705378,2.4237626453421131e-06,0.00031086715331016436,0.00030947035807724559,0.00031159282043084589,0.00032243829014848784,0.00030991346391852511
65.543511736425359,65.643501838235323,65.593506787330341,0.0026048204880795237,1.5793872786683339e-05,0.002594415172429258,0.0025851796781125934,0.002599292528149754,0.0026663772705133211,0.0025788377911926917
65.643501838235323,65.74349194004526,65.693496889140292,0.016125395879047322,7.2503801075144201e-05,0.016087882457937797,0.016044112015837751,0.01611403186887005,0.01640085900917547,0.015980094043415549
65.74349194004526,65.843482041855196,65.793486990950228,0.07446044877342009,0.00023559594926213259,0.074374112737560547,0.074222841757796532,0.074470585390622221,0.075323347044051261,0.073911356937069864
65.843482041855196,65.943472143665161,65.893477092760179,0.25720399860890036,0.00054194674578138355,0.25711184138791826,0.25672832647725408,0.25732447668044167,0.25908971998061214,0.25576562851827567
65.943472143665161,66.043462245475126,65.993467194570144,0.66632393695686354,0.00087007654231049611,0.6664310828685448,0.66573087753294791,0.66661990543342087,0.66912739864446891,0.66371042030493499
66.043462245475126,66.143452347285091,66.093457296380109,1.2976033592556391,0.00092132474266225326,1.2981711995054745,1.2973147060354397,1.2979054146614504,1.3001685096976778,1.2944569663781527
66.143452347285091,66.243442449095056,66.193447398190074,1.9034037297972397,0.00052191686426513741,1.9043227448618818,1.9037884556709936,1.903362967859854,1.9041242983692799,1.9014201822241876
66.243442449095056,66.343432550904993,66.293437500000024,2.106852501751479,0.00047884403208646258,2.1074861133229819,2.1076927263604737,2.1064049586624995,2.105166440555617,2.1075122698558224
66.343432550904993,66.443422652714929,66.393427601809961,1.7625442194916361,0.00095260777737509914,1.7623922271456769,1.7631958717411849,1.7620731208428804,1.7595736627088809,1.7654862150195569
66.443422652714929,66.543412754524894,66.493417703619912,1.1159805709466191,0.0009444096569222977,1.1152850693890521,1.1161285752374399,1.1158316058135667,1.1134075144367015,1.1192500898563347
66.543412754524894,66.643402856334859,66.593407805429877,0.5354477982006034,0.00057777540410985906,0.53479030139060046,0.5353144527368231,0.53557076726371333,0.53405137984513551,0.53751208976674458
66.643402856334859,66.743392958144824,66.693397907239842,0.194884627235789,0.0002274158215000201,0.19453289402756943,0.19475786803323433,0.19504770147290995,0.19440271242796123,0.19568196021727013
66.743392958144824,66.84338305995476,66.793388009049792,0.053855034756353413,5.5877380422150311e-05,0.053735510586059722,0.053805437656884454,0.053941327302766982,0.053764496416228526,0.054028401819827411
66.84338305995476,66.943373161764697,66.893378110859729,0.011308931208354816,8.3163890539103865e-06,0.011284977330423532,0.011297278255862303,0.011333197558188199,0.011311399263151521,0.011317803634148518
66.943373161764697,67.043363263574662,66.993368212669679,0.0018062369759743618,2.3969455020341159e-06,0.0018055576360891015,0.0018037279557815769,0.0018087661758417698,0.0018136917287697272,0.0017994413833896331
67.043363263574662,67.143353365384627,67.093358314479644,0.00021973929140896401,8.7893913739591585e-07,0.00022108955041105796,0.00021899995280643533,0.00021907410097893529,0.00022228007996801359,0.00021725277288037797
67.143353365384627,67.243343467194592,67.193348416289609,2.0411874873839638e-05,2.0964343737353895e-07,2.0915548520128667e-05,2.0209734571524843e-05,2.0092505610277045e-05,2.0911865020978797e-05,1.992972064628884e-05
67.243343467194592,67.343333569004557,67.293338518099574,1.4534150355523633e-06,3.4359565282301935e-08,1.5531329582926913e-06,1.4158101321806727e-06,1.3902002516092403e-06,1.5182196562638047e-06,1.3897121794154077e-06
67.343333569004557,67.443323670814493,67.393328619909525,7.9721397307382328e-08,3.8977573651656435e-09,9.2207327716863552e-08,7.5154879467648516e-08,7.2154168571709506e-08,8.5451816150453801e-08,7.3638794630236289e-08
67.443323670814493,67.54331377262443,67.493318721719461,3.3813157802196006e-09,3.0410326195421281e-10,4.4121363796638388e-09,3.0145747051580755e-09,2.7878742563366451e-09,3.7318841005842792e-09,2.9601094593551653e-09
67.54331377262443,67.643303874434395,67.593308823529412,1.1074000039088358e-10,1.6218461596542528e-11,1.6762351369876769e-10,9.1009886527986932e-11,7.9451413673781599e-11,1.2569033401497407e-10,8.9924854038907586e-11
67.643303874434395,67.74329397624436,67.693298925339377,2.7720416162574474e-12,5.8863778339909797e-13,4.8809465050189342e-12,2.0561082098944e-12,1.6535008335890865e-12,3.2183752111013559e-12,2.0512773216834611e-12
67.74329397624436,67.843284078054324,67.793289027149342,5.2039487304439999e-14,1.4493407025284439e-14,1.0467271945543836e-13,3.4471085948566853e-14,2.4877942350346266e-14,6.1378642014495115e-14,3.4797046753353407e-14
67.843284078054324,67.943274179864289,67.893279128959307,7.1365188823876304e-16,2.4154758111233173e-16,1.598560846984589e-15,4.220152196603076e-16,2.6597906472175225e-16,8.5034953894985247e-16,4.3135477087731339e-16
67.943274179864289,68.043264281674226,67.993269230769258,6.831996893848944e-18,2.7208662140744437e-18,1.6856633044981802e-17,3.5546961880332518e-18,1.8273636399374139e-18,8.2259680432995592e-18,3.6953235529926904e-18
68.043264281674226,68.143254383484162,68.093259332579194,4.0586892541612779e-20,2.0562510997797399e-20,1.1721929239610037e-19,1.6071508784065155e-20,3.5251487722166759e-21,4.8805763272962927e-20,1.7312749482718769e-20
68.143254383484162,68.243244485294127,68.193249434389145,0,0,0,0,0,0,0
68.243244485294127,68.343234587104092,68.29323953619911,0,0,0,0,0,0,0
68.343234587104092,68.443224688914057,68.393229638009075,0,0,0,0,0,0,0
68.443224688914057,68.543214790723994,68.493219739819025,0,0,0,0,0,0,0
68.543214790723994,68.64320489253393,68.593209841628962,0,0,0,0,0,0,0
68.64320489253393,68.743194994343895,68.693199943438913,0,0,0,0,0,0,0
68.743194994343895,68.84318509615386,68.793190045248878,0,0,0,0,0,0,0
68.84318509615386,68.943175197963825,68.893180147058843,0,0,0,0,0,0,0
68.943175197963825,69.04316529977379,68.993170248868807,0,0,0,0,0,0,0
69.04316529977379,69.143155401583726,69.093160350678758,0,0,0,0,0,0,0
69.143155401583726,69.243145503393663,69.193150452488695,0,0,0,0,0,0,0
69.243145503393663,69.343135605203628,69.293140554298645,0,0,0,0,0,0,0
69.343135605203628,69.443125707013593,69.39313065610861,0,0,0,0,0,0,0
69.443125707013593,69.543115808823558,69.493120757918575,0,0,0,0,0,0,0
69.543115808823558,69.643105910633494,69.593110859728526,0,0,0,0,0,0,0
69.643105910633494,69.743096012443431,69.693100961538462,0,0,0,0,0,0,0
69.743096012443431,69.843086114253396,69.793091063348413,0,0,0,0,0,0,0
69.843086114253396,69.943076216063361,69.893081165158378,0,0,0,0,0,0,0
69.943076216063361,70.043066317873325,69.993071266968343,0,0,0,0,0,0,0
70.043066317873325,70.14305641968329,70.093061368778308,0,0,0,0,0,0,0
70.14305641968329,70.243046521493227,70.193051470588259,0,0,0,0,0,0,0
70.243046521493227,70.343036623303163,70.293041572398195,0,0,0,0,0,0,0
70.343036623303163,70.443026725113128,70.393031674208146,0,0,0,0,0,0,0
70.443026725113128,70.543016826923093,70.493021776018111,0,0,0,0,0,0,0
70.543016826923093,70.643006928733058,70.593011877828076,0,0,0,0,0,0,0
70.643006928733058,70.742997030543023,70.693001979638041,0,0,0,0,0,0,0
70.742997030543023,70.84298713235296,70.792992081447991,0,0,0,0,0,0,0
70.84298713235296,70.942977234162896,70.892982183257928,0,0,0,0,0,0,0
70.942977234162896,71.042967335972861,70.992972285067879,0,0,0,0,0,0,0
71.042967335972861,71.142957437782826,71.092962386877844,0,0,0,0,0,0,0
71.142957437782826,71.242947539592791,71.192952488687808,0,0,0,0,0,0,0
71.242947539592791,71.342937641402727,71.292942590497759,0,0,0,0,0,0,0
71.342937641402727,71.442927743212664,71.392932692307696,0,0,0,0,0,0,0
71.442927743212664,71.542917845022629,71.492922794117646,0,0,0,0,0,0,0
71.542917845022629,71.642907946832594,71.592912895927611,0,0,0,0,0,0,0
71.642907946832594,71.742898048642559,71.692902997737576,0,0,0,0,0,0,0
71.742898048642559,71.842888150452524,71.792893099547541,0,0,0,0,0,0,0
71.842888150452524,71.94287825226246,71.892883201357492,0,0,0,0,0,0,0
71.94287825226246,72.042868354072397,71.992873303167428,0,0,0,0,0,0,0
72.042868354072397,72.142858455882362,72.092863404977379,0,0,0,0,0,0,0
72.142858455882362,72.242848557692326,72.192853506787344,0,0,0,0,0,0,0
72.242848557692326,72.342838659502291,72.292843608597309,0,0,0,0,0,0,0
72.342838659502291,72.442828761312228,72.39283371040726,0,0,0,0,0,0,0
72.442828761312228,72.542818863122164,72.492823812217196,0,0,0,0,0,0,0
72.542818863122164,72.642808964932129,72.592813914027147,0,0,0,0,0,0,0
72.642808964932129,72.742799066742094,72.692804015837112,0,0,0,0,0,0,0
72.742799066742094,72.842789168552059,72.792794117647077,0,0,0,0,0,0,0
72.842789168552059,72.942779270362024,72.892784219457042,0,0,0,0,0,0,0
72.942779270362024,73.042769372171961,72.992774321266992,0,0,0,0,0,0,0
73.042769372171961,73.142759473981897,73.092764423076929,0,0,0,0,0,0,0
73.142759473981897,73.242749575791862,73.19275452488688,0,0,0,0,0,0,0
73.242749575791862,73.342739677601827,73.292744626696845,0,0,0,0,0,0,0
73.342739677601827,73.442729779411792,73.392734728506809,0,0,0,0,0,0,0
73.442729779411792,73.542719881221757,73.492724830316774,0,0,0,0,0,0,0
73.542719881221757,73.642709983031693,73.592714932126725,0,0,0,0,0,0,0
73.642709983031693,73.74270008484163,73.692705033936662,0,0,0,0,0,0,0
73.74270008484163,73.842690186651595,73.792695135746612,0,0,0,0,0,0,0
73.842690186651595,73.94268028846156,73.892685237556577,0,0,0,0,0,0,0
73.94268028846156,74.042670390271525,73.992675339366542,0,0,0,0,0,0,0
74.042670390271525,74.142660492081461,74.092665441176493,0,0,0,0,0,0,0
74.142660492081461,74.242650593891398,74.192655542986429,0,0,0,0,0,0,0
74.242650593891398,74.342640695701363,74.29264564479638,0,0,0,0,0,0,0
74.342640695701363,74.442630797511328,74.392635746606345,0,0,0,0,0,0,0
74.442630797511328,74.542620899321292,74.49262584841631,0,0,0,0,0,0,0
74.542620899321292,74.642611001131257,74.592615950226275,0,0,0,0,0,0,0
74.642611001131257,74.742601102941194,74.692606052036226,5.9085792921829278e-22,3.9758198825504421e-22,1.9982400896696553e-21,9.5604955642180842e-22,0,0,0
74.742601102941194,74.84259120475113,74.792596153846162,5.5075018196683441e-19,8.9879166678817004e-20,8.1146169967226706e-19,6.6484587419616909e-19,2.7951252239796817e-19,5.2763399375740378e-19,4.7029681981036383e-19
74.84259120475113,74.942581306561095,74.892586255656113,1.0537714752283375e-16,9.9986025727269292e-18,1.3027885339365334e-16,1.1875364352926451e-16,7.1255501337956026e-17,1.0700631161699423e-16,9.9591427736300606e-17
74.942581306561095,75.04257140837106,74.992576357466078,1.1233680460022452e-14,7.9610301156896744e-16,1.291338992817671e-14,1.2315419229178383e-14,8.3247510626397124e-15,1.163243784980544e-14,1.0982404230312017e-14
75.04257140837106,75.142561510181025,75.092566459276043,8.4207281582740103e-13,4.5276273240470716e-14,9.1862254706024235e-13,9.0349849598942962e-13,6.6883819673420772e-13,8.7885971227764148e-13,8.4054512707548401e-13
75.142561510181025,75.242551611990962,75.192556561085993,4.562841531926381e-11,1.8420007726179449e-12,4.7931553205277168e-11,4.8078173228824765e-11,3.8394469113269826e-11,4.7625840685762762e-11,4.6112040363184554e-11
75.242551611990962,75.342541713800898,75.29254666289593,1.7966896200121584e-09,5.3792965767434929e-11,1.8402655557184e-09,1.8654296322540556e-09,1.5836687829263184e-09,1.8670545292539011e-09,1.8270295999081173e-09
75.342541713800898,75.442531815610863,75.392536764705881,5.1631375154388634e-08,1.1342781803121096e-09,5.2096782811219722e-08,5.2994746931896534e-08,4.7166873754820021e-08,5.3303541817280963e-08,5.2594930456725968e-08
75.442531815610863,75.542521917420828,75.492526866515846,1.0879484111222592e-06,1.7347846144724769e-08,1.089944146743203e-06,1.1072073916271576e-06,1.0205477156703436e-06,1.1152924998874571e-06,1.1067503016831356e-06
75.542521917420828,75.642512019230793,75.59251696832581,1.6897459558353412e-05,1.9268809539904478e-07,1.6896768705325677e-05,1.70931767797303e-05,1.6154857642479684e-05,1.7209268632501667e-05,1.7133226031729734e-05
75.642512019230793,75.742502121040758,75.692507070135775,0.00019448289927550774,1.557562333766046e-06,0.00019465688593258736,0.00019593060330400298,0.00018844539641823261,0.00019700124927005819,0.0001963803614526575
75.742502121040758,75.842492222850694,75.792497171945726,0.0016672613743915186,9.2654921998101453e-06,0.0016716870274384244,0.0016751626038592768,0.0016308075764593247,0.0016820668819391409,0.0016765827822614258
75.842492222850694,75.942482324660631,75.892487273755663,0.010695092987058598,4.1556202885290646e-05,0.010737612335841062,0.010727537229098749,0.010531443504906516,0.010761391449493932,0.010717480415952732
75.942482324660631,76.042472426470596,75.992477375565613,0.051543568694993679,0.00014409009981441765,0.051767621320735389,0.051647263254517968,0.050998255303105922,0.051781295146349084,0.051523408450260016
76.042472426470596,76.142462528280561,76.092467477375578,0.18728435422252726,0.00038684634942215141,0.1880013776304903,0.18755544015009437,0.18593748828802892,0.1879770505615197,0.18695041448250305
76.142462528280561,76.242452630090526,76.192457579185543,0.5146655395417874,0.00078070934789509607,0.51609232772892266,0.51526317666274135,0.51220795796163443,0.51623558131925984,0.51352865403637848
76.242452630090526,76.342442731900462,76.292447680995494,1.0727423397923512,0.0011222928447661401,1.0744313328507411,1.0738045716080806,1.0695075570096355,1.0752894448439501,1.0706787926493486
76.342442731900462,76.442432833710399,76.39243778280543,1.7005502641618446,0.0010261506496546807,1.7014519807183168,1.7018845401353395,1.6978085415571684,1.7031292196637819,1.698477038734616
76.442432833710399,76.542422935520364,76.492427884615381,2.0555132465870063,0.00036350650650203469,2.0550616922188527,2.0563928952333548,2.0548804033640327,2.056404165575231,2.0548270765435608
76.542422935520364,76.642413037330329,76.592417986425346,1.8990384776830767,0.00069773610069530183,1.8977371595370469,1.8987749639184344,1.9010623185401343,1.8974355525747899,1.9001823938449764
76.642413037330329,76.742403139140293,76.692408088235311,1.343999542968314,0.0011886467795508609,1.3426658481030451,1.3427736519388815,1.3474454440996506,1.3410355659827318,1.3460772047172609
76.742403139140293,76.842393240950258,76.792398190045276,0.73012185625770631,0.0010319534000356955,0.72915174658894788,0.72876956693371264,0.73314907696169795,0.72763446235780893,0.73190442844636416
76.842393240950258,76.942383342760195,76.892388291855227,0.30500460914431093,0.00057206361396846801,0.30443279278987251,0.3041125722230224,0.30674660300535656,0.30378174734682545,0.30594933035647781
76.942383342760195,77.042373444570131,76.992378393665163,0.098138277559143103,0.00021456487435270429,0.097872011226449271,0.097735374914972292,0.098834892312577027,0.097806840447470331,0.098442268894246565
77.042373444570131,77.142363546380096,77.092368495475114,0.024359413491074716,5.6668920289045125e-05,0.024269509924250504,0.024232097351541197,0.024553475630604681,0.02433931397457012,0.024402670574407075
77.142363546380096,77.242353648190061,77.192358597285079,0.0046721128830957571,1.1559877086150821e-05,0.0046525517047618647,0.0046464181956014832,0.0047069343574019677,0.00469079828522627,0.0046638618724872015
77.242353648190061,77.342343750000026,77.292348699095044,0.0006937925603551073,2.2464693280010242e-06,0.0006918882334823194,0.00069194447791389899,0.00069626594614738099,0.00070102582034527953,0.0006878383238866577
77.342343750000026,77.442333851809991,77.392338800905009,7.9950355426414312e-05,4.942536537158793e-07,8.0222763248506801e-05,8.0579386371623459e-05,7.9352820892001749e-05,8.1214846235304661e-05,7.8381960384634903e-05
77.442333851809991,77.542323953619928,77.492328902714959,7.1662775499126264e-06,9.9560709286865208e-08,7.3005027783645168e-06,7.4020718895592033e-06,6.9417984844919595e-06,7.2719021476301875e-06,6.9151124495172617e-06
77.542323953619928,77.642314055429864,77.592319004524896,5.0030896314792965e-07,1.4626727579923397e-08,5.2489627950591372e-07,5.4004978686656371e-07,4.6311355765923601e-07,4.9984532774172638e-07,4.7363986396620866e-07
77.642314055429864,77.742304157239829,77.692309106334847,2.7175188067919562e-08,1.4809441918971173e-09,2.9909493856251036e-08,3.1278875276508891e-08,2.3342389293837029e-08,2.6085685702977887e-08,2.5259496210022948e-08
77.742304157239829,77.842294259049794,77.792299208144811,1.1426764306133429e-09,1.0319427043421241e-10,1.3444423192838036e-09,1.4224909747192183e-09,8.7830966905518119e-10,1.0183402913636086e-09,1.0497988986449037e-09
77.842294259049794,77.942284360859759,77.892289309954776,3.6842977759599115e-11,4.9742463922326873e-12,4.6986018082756105e-11,4.9822154027560907e-11,2.4329443408469528e-11,2.9229778866878399e-11,3.3847494412330626e-11
77.942284360859759,78.042274462669695,77.992279411764727,8.9858529258399423e-13,1.6614072713612679e-13,1.2484016620723823e-12,1.3135967137896623e-12,4.8873042359156145e-13,6.0606633422544284e-13,8.3613132924092254e-13
78.042274462669695,78.142264564479632,78.092269513574664,1.6303250911862375e-14,3.8364950051311253e-15,2.4577433971023778e-14,2.549316761535415e-14,7.0086255023695911e-15,8.9248085975968648e-15,1.5512218872967494e-14
78.142264564479632,78.242254666289597,78.192259615384614,2.1543509606280669e-16,6.0982580429203723e-17,3.492752445060822e-16,3.5628450251843565e-16,6.9937078721755345e-17,9.1211892560394475e-17,2.104667620073657e-16
78.242254666289597,78.342244768099562,78.292249717194579,1.9880131966508537e-18,6.6540468282388568e-19,3.4642172214904217e-18,3.4813090786529647e-18,4.2119865371534239e-19,5.76921968623313e-19,1.996419060772226e-18
78.342244768099562,78.442234869909527,78.392239819004544,1.0630390949267119e-20,4.6534364767862415e-21,2.1253019051860649e-20,2.0288454566629504e-20,0,0,1.161048112784544e-20
78.442234869909527,78.542224971719492,78.492229920814509,0,0,0,0,0,0,0
78.542224971719492,78.642215073529428,78.59222002262446,0,0,0,0,0,0,0
78.642215073529428,78.742205175339365,78.692210124434396,0,0,0,0,0,0,0
78.742205175339365,78.84219527714933,78.792200226244347,0,0,0,0,0,0,0
78.84219527714933,78.942185378959294,78.892190328054312,0,0,0,0,0,0,0
78.942185378959294,79.042175480769259,78.992180429864277,0,0,0,0,0,0,0
79.042175480769259,79.142165582579196,79.092170531674228,0,0,0,0,0,0,0
79.142165582579196,79.242155684389132,79.192160633484164,0,0,0,0,0,0,0
79.242155684389132,79.342145786199097,79.292150735294115,0,0,0,0,0,0,0
79.342145786199097,79.442135888009062,79.39214083710408,0,0,0,0,0,0,0
79.442135888009062,79.542125989819027,79.492130938914045,0,0,0,0,0,0,0
79.542125989819027,79.642116091628992,79.59212104072401,0,0,0,0,0,0,0
79.642116091628992,79.742106193438929,79.69211114253396,0,0,0,0,0,0,0
79.742106193438929,79.842096295248865,79.792101244343897,0,0,0,0,0,0,0
79.842096295248865,79.94208639705883,79.892091346153848,0,0,0,0,0,0,0
79.94208639705883,80.042076498868795,79.992081447963812,0,0,0,0,0,0,0
80.042076498868795,80.14206660067876,80.092071549773777,0,0,0,0,0,0,0
80.14206660067876,80.242056702488725,80.192061651583742,0,0,0,0,0,0,0
80.242056702488725,80.342046804298661,80.292051753393693,0,0,0,0,0,0,0
80.342046804298661,80.442036906108598,80.39204185520363,0,0,0,0,0,0,0
80.442036906108598,80.542027007918563,80.49203195701358,0,0,0,0,0,0,0
80.542027007918563,80.642017109728528,80.592022058823545,0,0,0,0,0,0,0
80.642017109728528,80.742007211538493,80.69201216063351,0,0,0,0,0,0,0
80.742007211538493,80.841997313348429,80.792002262443461,0,0,0,0,0,0,0
80.841997313348429,80.941987415158366,80.891992364253397,0,0,0,0,0,0,0
80.941987415158366,81.041977516968331,80.991982466063348,0,0,0,0,0,0,0
81.041977516968331,81.141967618778295,81.091972567873313,0,0,0,0,0,0,0
81.141967618778295,81.24195772058826,81.191962669683278,0,0,0,0,0,0,0
81.24195772058826,81.341947822398225,81.291952771493243,0,0,0,0,0,0,0
81.341947822398225,81.441937924208162,81.391942873303194,0,0,0,0,0,0,0
81.441937924208162,81.541928026018098,81.49193297511313,0,0,0,0,0,0,0
81.541928026018098,81.641918127828063,81.591923076923081,0,0,0,0,0,0,0
81.641918127828063,81.741908229638028,81.691913178733046,0,0,0,0,0,0,0
81.741908229638028,81.841898331447993,81.791903280543011,0,0,0,0,0,0,0
81.841898331447993,81.94188843325793,81.891893382352961,0,0,0,0,0,0,0
81.94188843325793,82.041878535067866,81.991883484162898,0,0,0,0,0,0,0
82.041878535067866,82.141868636877831,82.091873585972849,0,0,0,0,0,0,0
82.141868636877831,82.241858738687796,82.191863687782813,0,0,0,0,0,0,0
82.241858738687796,82.341848840497761,82.291853789592778,0,0,0,0,0,0,0
82.341848840497761,82.441838942307726,82.391843891402743,0,0,0,0,0,0,0
82.441838942307726,82.541829044117662,82.491833993212694,0,0,0,0,0,0,0
82.541829044117662,82.641819145927599,82.591824095022631,0,0,0,0,0,0,0
82.641819145927599,82.741809247737564,82.691814196832581,0,0,0,0,0,0,0
82.741809247737564,82.841799349547529,82.791804298642546,0,0,0,0,0,0,0
82.841799349547529,82.941789451357494,82.891794400452511,0,0,0,0,0,0,0
82.941789451357494,83.041779553167459,82.991784502262476,0,0,0,0,0,0,0
83.041779553167459,83.141769654977395,83.091774604072427,0,0,0,0,0,0,0
83.141769654977395,83.241759756787332,83.191764705882363,0,0,0,0,0,0,0
83.241759756787332,83.341749858597296,83.291754807692314,0,0,0,0,0,0,0
83.341749858597296,83.441739960407261,83.391744909502279,0,0,0,0,0,0,0
83.441739960407261,83.541730062217226,83.491735011312244,0,0,0,0,0,0,0
83.541730062217226,83.641720164027163,83.591725113122195,0,0,0,0,0,0,0
83.641720164027163,83.741710265837099,83.691715214932131,0,0,0,0,0,0,0
83.741710265837099,83.841700367647064,83.791705316742082,0,0,0,0,0,0,0
83.841700367647064,83.941690469457029,83.891695418552047,0,0,0,0,0,0,0
83.941690469457029,84.041680571266994,83.991685520362012,0,0,0,0,0,0,0
84.041680571266994,84.141670673076959,84.091675622171977,0,0,0,0,0,0,0
84.141670673076959,84.241660774886896,84.191665723981927,0,0,0,0,0,0,0
84.241660774886896,84.341650876696832,84.291655825791864,0,0,0,0,0,0,0
84.341650876696832,84.441640978506797,84.391645927601814,0,0,0,0,0,0,0
84.441640978506797,84.541631080316762,84.491636029411779,0,0,0,0,0,0,0
84.541631080316762,84.641621182126727,84.591626131221744,0,0,0,0,0,0,0
84.641621182126727,84.741611283936663,84.691616233031695,0,0,0,0,0,0,0
84.741611283936663,84.8416013857466,84.791606334841632,0,0,0,0,0,0,0
84.8416013857466,84.941591487556565,84.891596436651582,0,0,0,0,0,0,0
84.941591487556565,85.04158158936653,84.991586538461547,2.1273292151936629e-19,5.7313038364049748e-20,1.0545361927461053e-19,4.0389422628078134e-19,9.2749781772670432e-20,1.947515992316966e-19,2.6681538103707244e-19
85.04158158936653,85.141571691176495,85.091576640271512,3.9999381514284221e-17,7.7378564858731066e-18,2.5134268653743978e-17,6.5353312281569875e-17,2.3848212160029971e-17,3.7501219064160813e-17,4.8159895411916457e-17
85.141571691176495,85.24156179298646,85.191566742081477,4.2689915777229921e-15,6.9392311810367549e-16,2.9256277217381889e-15,6.5252512378208394e-15,2.8200853626142125e-15,4.0408773556156823e-15,5.0331162108260398e-15
85.24156179298646,85.341551894796396,85.291556843891428,3.170128705732e-13,4.2244423116041455e-14,2.3427738579266235e-13,4.5277139355691416e-13,2.2882545850762075e-13,3.0280667564749607e-13,3.6638343936130654e-13
85.341551894796396,85.441541996606333,85.391546945701364,1.6964441397442426e-11,1.75232089486724e-12,1.3489348140260377e-11,2.2504114239252079e-11,1.3302883133252811e-11,1.6354715082959522e-11,1.9171146391487335e-11
85.441541996606333,85.541532098416297,85.491537047511315,6.6265942114559848e-10,4.9768590303907049e-11,5.6300826120223682e-10,8.1655360252015344e-10,5.5819625182701257e-10,6.444630665436287e-10,7.3107592363496129e-10
85.541532098416297,85.641522200226262,85.59152714932128,1.9080603803089023e-08,9.7382721430882095e-10,1.7134535463813667e-08,2.2009717613571849e-08,1.7008638552918998e-08,1.8699324520271126e-08,2.0550802864869482e-08
85.641522200226262,85.741512302036227,85.691517251131245,4.0821067234148899e-07,1.3228621214191268e-08,3.8260424385482272e-07,4.4681795683146456e-07,3.7908553161326485e-07,4.0257159782998864e-07,4.2997403157790399e-07
85.741512302036227,85.841502403846164,85.791507352941196,6.5292882573655434e-06,1.260982064092179e-07,6.308937603843522e-06,6.8880329589938207e-06,6.2302001297782683e-06,6.4710748769192193e-06,6.7481957172928842e-06
85.841502403846164,85.9414925056561,85.891497454751132,7.846327430393014e-05,8.6321875627576408e-07,7.7324588730064421e-05,8.0880275229743955e-05,7.6122532701510467e-05,7.8066859245552687e-05,7.9922115612779114e-05
85.9414925056561,86.041482607466065,85.991487556561083,0.00071131520194454281,4.5232842705151742e-06,0.0007089273620399522,0.00072358395900581126,0.00069671290046165657,0.000709894036824219,0.00071745775139107502
86.041482607466065,86.14147270927603,86.091477658371048,0.0048827385792757621,2.0310213863519268e-05,0.0048920285465119092,0.0049316535648676598,0.0048082219493327423,0.0048843616965887392,0.0048974271390777617
86.14147270927603,86.241462811085995,86.191467760181013,0.025470420066117126,8.0798198388458989e-05,0.025558794745152449,0.025628811861895234,0.025161933384841285,0.025518603678296309,0.025483956660400365
86.241462811085995,86.34145291289596,86.291457861990978,0.10133541101398258,0.00026048613624435069,0.10165912868221895,0.10176015379401393,0.10033462810423847,0.10160024675729325,0.10132289773214831
86.34145291289596,86.441443014705897,86.391447963800928,0.30864693725424458,0.00063006411045095812,0.30937356745671629,0.30959161327007351,0.30621670014587599,0.30942962161543902,0.30862318378311815
86.441443014705897,86.541433116515833,86.491438065610865,0.72243991429994292,0.0010801982549768069,0.72360237950608397,0.72412697468088616,0.71827576682479199,0.72378090198321932,0.72241354850473305
86.541433116515833,86.641423218325798,86.591428167420815,1.3045478420011647,0.0011962913052438111,1.3059986645024093,1.3067647424362383,1.3000611524832903,1.3057113108058072,1.3042033397780777
86.641423218325798,86.741413320135763,86.69141826923078,1.8243298187844417,0.00068529249675953639,1.8256269062430066,1.8260707255821476,1.8225394282081091,1.8242957490370006,1.8231162848519444
86.741413320135763,86.841403421945728,86.791408371040745,1.9832001432445359,0.00078937875633034729,1.9835482958430539,1.9832397755808329,1.9859103763058039,1.9819636838158148,1.9813385846771752
86.841403421945728,86.941393523755693,86.89139847285071,1.6820833424287547,0.0013639222159006019,1.6810563622583505,1.6802944225818386,1.6875159431295466,1.6806912003100785,1.6808587838639593
86.941393523755693,87.041383625565629,86.991388574660661,1.1171498834016242,0.0012406019602937018,1.1154033444865097,1.1147409991392434,1.1217565871267001,1.1163741537581879,1.1174743324974807
87.041383625565629,87.141373727375566,87.091378676470597,0.58302960291289219,0.00075541379303163258,0.58159139081446465,0.58124462776483421,0.58505750699092796,0.58281125927093458,0.58444322972329987
87.141373727375566,87.241363829185531,87.191368778280548,0.23991735630458741,0.00041658044721498672,0.23915733666784667,0.23905157421351811,0.24009144389024931,0.23991536262178034,0.24137106412954268
87.241363829185531,87.341353930995496,87.291358880090513,0.07808945474362973,0.00023816820592674452,0.077794046048670309,0.077789961735123134,0.077742333144809855,0.078117001530497457,0.07900393125904788
87.341353930995496,87.441344032805461,87.391348981900478,0.020159315056884626,0.00010801286201571424,0.020062869840298283,0.02007162441226043,0.019924893902678834,0.020176505078286042,0.020560682050899535
87.441344032805461,87.541334134615397,87.491339083710429,0.0041370202210301837,3.4845048999901876e-05,0.0041081313284580838,0.0041088793909676282,0.0040577044737209189,0.0041457327045432155,0.004264653207461072
87.541334134615397,87.641324236425334,87.591329185520365,0.00067601949639073562,8.0920109624507396e-06,0.00066809841217442057,0.00066659884397191266,0.00065984725473866015,0.00067983458090636786,0.0007057183901623172
87.641324236425334,87.741314338235298,87.691319287330316,8.8033313567759583e-05,1.426068959130799e-06,8.6129173895846685e-05,8.554000699669299e-05,8.6123575222922546e-05,8.9277228046129959e-05,9.3096583677205775e-05
87.741314338235298,87.841304440045263,87.791309389140281,9.1270798336036213e-06,2.0434979393364658e-07,8.7465426968121334e-06,8.674028314476242e-06,9.0476391478114603e-06,9.4075398791554802e-06,9.7596491297627908e-06
87.841304440045263,87.941294541855228,87.891299490950246,7.5011914897336889e-07,2.4320384660206942e-08,6.9101716333503915e-07,6.9572316678603518e-07,7.6248054081285743e-07,7.9325281839596412e-07,8.0812205553694912e-07
87.941294541855228,88.041284643665193,87.991289592760211,4.8417887209097975e-08,2.2948570506495386e-09,4.1718090883073093e-08,4.4152711237692641e-08,5.0925778843915347e-08,5.2960874405622466e-08,5.2331980675186342e-08
88.041284643665193,88.14127474547513,88.091279694570161,2.4183982608201222e-09,1.6214635140970051e-10,1.8864491846845206e-09,2.2027386189359519e-09,2.6418932308798174e-09,2.7477317010326524e-09,2.6131785685676688e-09
88.14127474547513,88.241264847285066,88.191269796380098,9.1690996619238188e-11,8.2321282404264275e-12,6.2740821496167136e-11,8.4852700013413733e-11,1.0387248126119671e-10,1.0815551362687945e-10,9.8833466698533897e-11
88.241264847285066,88.341254949095031,88.291259898190049,2.5827502738394057e-12,2.9222899592844238e-13,1.5135291412267445e-12,2.4565597704304779e-12,3.0191491262237402e-12,3.1497449138578338e-12,2.7747684174582319e-12
88.341254949095031,88.441245050904996,88.391250000000014,5.2916771661083372e-14,7.1321601603810067e-15,2.6234192706201654e-14,5.1926162239085063e-14,6.343190642195584e-14,6.6325155743708086e-14,5.6666441194466276e-14
88.441245050904996,88.541235152714961,88.491240101809979,7.731287880547349e-16,1.1853421652928834e-16,3.2405576318647081e-16,7.8110402882603217e-16,9.4481048794157709e-16,9.9002534621574498e-16,8.2564831410384881e-16
88.541235152714961,88.641225254524898,88.591230203619929,7.8507559374680189e-18,1.3342396481362154e-18,2.7616706608012727e-18,8.1275617617851933e-18,9.758905621949509e-18,1.0243692301179004e-17,8.3619493416251137e-18
88.641225254524898,88.741215356334834,88.691220305429866,4.9345417349503704e-20,1.0121034888383278e-20,1.0263848653166543e-20,5.4483005018012827e-20,6.3106436194116917e-20,6.6574878005839257e-20,5.2298918876382958e-20
88.741215356334834,88.841205458144799,88.791210407239817,0,0,0,0,0,0,0
88.841205458144799,88.941195559954764,88.891200509049781,0,0,0,0,0,0,0
88.941195559954764,89.041185661764729,88.991190610859746,0,0,0,0,0,0,0
89.041185661764729,89.141175763574694,89.091180712669711,0,0,0,0,0,0,0
89.141175763574694,89.24116586538463,89.191170814479662,0,0,0,0,0,0,0
89.24116586538463,89.341155967194567,89.291160916289599,0,0,0,0,0,0,0
89.341155967194567,89.441146069004532,89.391151018099549,0,0,0,0,0,0,0
89.441146069004532,89.541136170814497,89.491141119909514,0,0,0,0,0,0,0
89.541136170814497,89.641126272624462,89.591131221719479,0,0,0,0,0,0,0
89.641126272624462,89.741116374434426,89.691121323529444,0,0,0,0,0,0,0
89.741116374434426,89.841106476244363,89.791111425339395,0,0,0,0,0,0,0
89.841106476244363,89.941096578054299,89.891101527149331,0,0,0,0,0,0,0
89.941096578054299,90.041086679864264,89.991091628959282,0,0,0,0,0,0,0
90.041086679864264,90.141076781674229,90.091081730769247,0,0,0,0,0,0,0
90.141076781674229,90.241066883484194,90.191071832579212,0,0,0,0,0,0,0
90.241066883484194,90.341056985294131,90.291061934389163,0,0,0,0,0,0,0
90.341056985294131,90.441047087104067,90.391052036199099,0,0,0,0,0,0,0
90.441047087104067,90.541037188914032,90.49104213800905,0,0,0,0,0,0,0
90.541037188914032,90.641027290723997,90.591032239819015,0,0,0,0,0,0,0
90.641027290723997,90.741017392533962,90.69102234162898,0,0,0,0,0,0,0
90.741017392533962,90.841007494343927,90.791012443438945,0,0,0,0,0,0,0
90.841007494343927,90.940997596153863,90.891002545248895,0,0,0,0,0,0,0
90.940997596153863,91.0409876979638,90.990992647058832,0,0,0,0,0,0,0
91.0409876979638,91.140977799773765,91.090982748868782,0,0,0,0,0,0,0
91.140977799773765,91.24096790158373,91.190972850678747,0,0,0,0,0,0,0
91.24096790158373,91.340958003393695,91.290962952488712,0,0,0,0,0,0,0
91.340958003393695,91.440948105203631,91.390953054298663,0,0,0,0,0,0,0
91.440948105203631,91.540938207013568,91.4909431561086,0,0,0,0,0,0,0
91.540938207013568,91.640928308823533,91.59093325791855,0,0,0,0,0,0,0
91.640928308823533,91.740918410633498,91.690923359728515,0,0,0,0,0,0,0
91.740918410633498,91.840908512443463,91.79091346153848,0,0,0,0,0,0,0
91.840908512443463,91.940898614253427,91.890903563348445,0,0,0,0,0,0,0
91.940898614253427,92.040888716063364,91.990893665158396,0,0,0,0,0,0,0
92.040888716063364,92.1408788178733,92.090883766968332,0,0,0,0,0,0,0
92.1408788178733,92.240868919683265,92.190873868778283,0,0,0,0,0,0,0
92.240868919683265,92.34085902149323,92.290863970588248,0,0,0,0,0,0,0
92.34085902149323,92.440849123303195,92.390854072398213,0,0,0,0,0,0,0
92.440849123303195,92.54083922511316,92.490844174208178,0,0,0,0,0,0,0
92.54083922511316,92.640829326923097,92.590834276018128,0,0,0,0,0,0,0
92.640829326923097,92.740819428733033,92.690824377828065,0,0,0,0,0,0,0
92.740819428733033,92.840809530542998,92.790814479638016,0,0,0,0,0,0,0
92.840809530542998,92.940799632352963,92.890804581447981,0,0,0,0,0,0,0
92.940799632352963,93.040789734162928,92.990794683257946,0,0,0,0,0,0,0
93.040789734162928,93.140779835972864,93.090784785067896,0,0,0,0,0,0,0
93.140779835972864,93.240769937782801,93.190774886877833,0,0,0,0,0,0,0
93.240769937782801,93.340760039592766,93.290764988687783,0,0,0,0,0,0,0
93.340760039592766,93.440750141402731,93.390755090497748,0,0,0,0,0,0,0
93.440750141402731,93.540740243212696,93.490745192307713,0,0,0,0,0,0,0
93.540740243212696,93.640730345022661,93.590735294117678,0,0,0,0,0,0,0
93.640730345022661,93.740720446832597,93.690725395927629,0,0,0,0,0,0,0
93.740720446832597,93.840710548642534,93.790715497737565,0,0,0,0,0,0,0
93.840710548642534,93.940700650452499,93.890705599547516,0,0,0,0,0,0,0
93.940700650452499,94.040690752262464,93.990695701357481,0,0,0,0,0,0,0
94.040690752262464,94.140680854072428,94.090685803167446,0,0,0,0,0,0,0
94.140680854072428,94.240670955882365,94.190675904977397,0,0,0,0,0,0,0
94.240670955882365,94.340661057692301,94.290666006787333,0,0,0,0,0,0,0
94.340661057692301,94.440651159502266,94.390656108597284,0,0,0,0,0,0,0
94.440651159502266,94.540641261312231,94.490646210407249,0,0,0,0,0,0,0
94.540641261312231,94.640631363122196,94.590636312217214,0,0,0,0,0,0,0
94.640631363122196,94.740621464932161,94.690626414027179,0,0,0,0,0,0,0
94.740621464932161,94.840611566742098,94.790616515837129,0,0,0,0,0,0,0
94.840611566742098,94.940601668552034,94.890606617647066,0,0,0,0,0,0,0
94.940601668552034,95.040591770361999,94.990596719457017,0,0,0,0,0,0,0
95.040591770361999,95.140581872171964,95.090586821266982,0,0,0,0,0,0,0
95.140581872171964,95.240571973981929,95.190576923076947,2.0199539954049725e-20,1.4803581960027348e-20,9.2499666072217343e-21,8.0089341190374308e-22,7.8648415775116823e-20,1.2298423976006322e-20,0
95.240571973981929,95.340562075791865,95.290567024886897,4.002312532798999e-18,2.0154795299280317e-18,2.5749513281600562e-18,1.219380289573529e-18,1.1966668714867427e-17,2.8265728066228136e-18,1.4239895247711709e-18
95.340562075791865,95.440552177601802,95.390557126696834,4.4448726926625725e-16,1.8136027497593338e-16,3.2205430420023895e-16,1.8660202648809394e-16,1.1608584826009683e-15,3.3426574409671475e-16,2.1865578894527052e-16
95.440552177601802,95.540542279411767,95.490547228506784,3.4263679230441705e-14,1.1096671131834895e-14,2.7247114063217192e-14,1.7865756855629607e-14,7.8059156783943927e-14,2.7144171699662091e-14,2.1002196749755689e-14
95.540542279411767,95.640532381221732,95.590537330316749,1.9190875999498351e-12,4.635521257683797e-13,1.6609269162681012e-12,1.1950788543562091e-12,3.7441404299076469e-12,1.5994590080047675e-12,1.3958327912124519e-12
95.640532381221732,95.740522483031697,95.690527432126714,7.9293442367412394e-11,1.3300745176949781e-11,7.3697346845422576e-11,5.6823857732810298e-11,1.3132549274853265e-10,6.9242899069771468e-11,6.5377615440524959e-11
95.740522483031697,95.840512584841662,95.790517533936679,2.4417848047804502e-09,2.6462412733318967e-10,2.3960227897130891e-09,1.9440618000156984e-09,3.4603278723895163e-09,2.2188531931395644e-09,2.1896583686443809e-09
95.840512584841662,95.940502686651598,95.89050763574663,5.6477896683422e-08,3.7155965096137123e-09,5.7479219647799583e-08,4.8465627773087536e-08,7.0201535424697068e-08,5.297044586593052e-08,5.3272654705595318e-08
95.940502686651598,96.040492788461535,95.990497737556566,9.8703144666354271e-07,3.8231151987249489e-08,1.0251846382409016e-06,8.9148211344916683e-07,1.1142085947933972e-06,9.4776161126637008e-07,9.5652027556787782e-07
96.040492788461535,96.1404828902715,96.090487839366517,1.3098272324142668e-05,3.0887068631125098e-07,1.3705472406144082e-05,1.2239162826031483e-05,1.3902125197736567e-05,1.2785147429954353e-05,1.2859453760846856e-05
96.1404828902715,96.240472992081465,96.190477941176482,0.00013260844597281531,2.0849662045923841e-06,0.00013852639401645351,0.00012670668768111735,0.00013597697200940371,0.00013083331319924235,0.00013099886295785961
96.240472992081465,96.340463093891429,96.290468042986447,0.0010292293538571302,1.1560255476707951e-05,0.0010679411274060549,0.00099799874115683225,0.0010376527538265496,0.0010221156312408713,0.0010204385156553431
96.340463093891429,96.440453195701394,96.390458144796412,0.0061551890290763656,4.9789920143380063e-05,0.0063327987579145754,0.0060271290658396046,0.0061603207163810911,0.00613542418986313,0.0061202724153834294
96.440453195701394,96.540443297511331,96.490448246606363,0.028512558594181357,0.00016254229257137398,0.029102151064527459,0.02810193178086581,0.028457818547111654,0.028477406897731542,0.028423484680670338
96.540443297511331,96.640433399321267,96.590438348416299,0.10286076816063724,0.0004050982463653036,0.10431008991186279,0.10181533729979808,0.1025816294255744,0.10283668423134218,0.10276009993460877
96.640433399321267,96.740423501131232,96.69042845022625,0.29063793316427333,0.0007834338273137861,0.29329765791955281,0.28849950203063179,0.28986964908384366,0.29069984439896351,0.29082301238837505
96.740423501131232,96.840413602941197,96.790418552036215,0.64710601199454842,0.0011775120557255239,0.65066852586788937,0.64365196873231334,0.64572278923773363,0.64730579741338057,0.64818097872142533
96.840413602941197,96.940403704751162,96.89040865384618,1.1426659279328559,0.0013242793813313266,1.1458383050181358,1.1385942685485173,1.1409947302930707,1.1428705787171849,1.1450317570873711
96.940403704751162,97.040393806561099,96.99039875565613,1.6110683188567183,0.00099557673944692293,1.6122356567662237,1.6083063018821464,1.6096821452344845,1.6110641170464299,1.6140533733543074
97.040393806561099,97.140383908371035,97.090388857466067,1.8262692535092717,0.00056712088464512718,1.824843639332552,1.8267067370453445,1.8254490567316368,1.8261984793868262,1.8281483550499991
97.140383908371035,97.240374010181,97.190378959276018,1.6761718837878015,0.001058028050612688,1.673061311380466,1.6796914846014668,1.6760325295550309,1.6764040854228905,1.6756700079791533
97.240374010181,97.340364111990965,97.290369061085983,1.2545002034779793,0.0013805696276774347,1.2511499655397713,1.2590049696837955,1.255308282042126,1.2549372676752013,1.2521005324490027
97.340364111990965,97.44035421380093,97.390359162895948,0.7712739312519743,0.0012062783195087821,0.76864024807888676,0.77473693166549162,0.77297074357730267,0.77144328599619394,0.7685784469419964
97.44035421380093,97.540344315610895,97.490349264705912,0.39251671030274815,0.00080279854667005999,0.3909030923176276,0.39432771091758773,0.39440519027337567,0.39226890663655367,0.39067865136859597
97.540344315610895,97.640334417420831,97.590339366515863,0.16667684085173248,0.00042061412621824829,0.16596570355878945,0.16727090441082273,0.16802907596722105,0.16626943327400345,0.16584908704782575
97.640334417420831,97.740324519230768,97.6903294683258,0.059523943785041909,0.00016491763446484358,0.05937752704771624,0.059538628744356899,0.060150986145741429,0.059219479139815269,0.059333097847579758
97.740324519230768,97.840314621040733,97.79031957013575,0.018002179743989374,5.8211131795679481e-05,0.018067430769789544,0.017869030862896425,0.018154933556112657,0.017862668289710833,0.018056835241437409
97.840314621040733,97.940304722850698,97.890309671945715,0.0046322559849311488,3.4141539804142531e-05,0.0047032693910468151,0.004532162517099968,0.0046192946148383941,0.0045932785735961316,0.0047132748280744345
97.940304722850698,98.040294824660663,97.99029977375568,0.0010154741441982071,1.6255767975311002e-05,0.0010439487159141466,0.00097143763627649017,0.00099211966599535638,0.0010101098890180407,0.0010597548137870011
98.040294824660663,98.140284926470599,98.090289875565631,0.00018950431865995826,4.9560918427797477e-06,0.00019415839268792002,0.00017549145190312492,0.00018318681761760047,0.00018991103988632991,0.000204773891204816
98.140284926470599,98.240275028280536,98.190279977375567,3.0223905057507846e-05,1.1660635839448581e-06,2.9359771799406586e-05,2.6480168847060486e-05,3.0745498251097977e-05,3.0886660607145716e-05,3.3647425782828454e-05
98.240275028280536,98.340265130090501,98.290270079185518,4.2127461668774011e-06,3.5053366895247565e-07,3.4837460591498817e-06,3.2732858605667853e-06,5.0451323671005474e-06,4.6539501182031892e-06,4.6076164293666009e-06
98.340265130090501,98.440255231900466,98.390260180995483,5.3719156744407431e-07,1.0184683055870888e-07,3.1364249529907049e-07,3.2217352728910215e-07,8.0228271719964494e-07,7.3778981434706111e-07,5.1006928308549237e-07
98.440255231900466,98.54024533371043,98.490250282805448,6.4511079795857887e-08,2.17352852582697e-08,2.0833451005843366e-08,2.4483117811092855e-08,1.1018264415474852e-07,1.2308371292123296e-07,4.3972473086371731e-08
98.54024533371043,98.640235435520395,98.590240384615413,6.9770293258961187e-09,3.3727951972911559e-09,9.9923155750665739e-10,1.3979029685209848e-09,1.1622430350623466e-08,1.8021924730731128e-08,2.8436570220983554e-09
98.640235435520395,98.740225537330332,98.690230486425364,6.1871862758556475e-10,3.7627375354423234e-10,3.4071372593476384e-11,5.8661041474953298e-11,8.8008373564814886e-10,1.9871316024962996e-09,1.3364538571494561e-10
98.740225537330332,98.840215639140268,98.7902205882353,4.1538316984627447e-11,2.9454528780570021e-11,8.1740449624053551e-13,1.7772455087003186e-12,4.6344942427152173e-11,1.5429517337348613e-10,4.4568191175580708e-12
98.840215639140268,98.940205740950233,98.890210690045251,2.0125586339159618e-12,1.5869067523438236e-12,1.3715712385133971e-14,3.8298753570775362e-14,1.6725477938222863e-12,8.2345369396266046e-12,1.0369397017501002e-13
98.940205740950233,99.040195842760198,98.990200791855216,6.8551880278891724e-14,5.8208628230386657e-14,1.604233649166006e-16,5.7945753202947198e-16,4.1070382714595554e-14,2.9928545533625712e-13,1.6636824466598785e-15
99.040195842760198,99.140185944570163,99.090190893665181,1.6172297275554304e-15,1.445882793802165e-15,1.2703527981392472e-18,6.0660811507353149e-18,6.835164180342005e-16,7.3770682305424445e-15,1.8227555251632123e-17
99.140185944570163,99.240176046380128,99.190180995475146,2.6178469852415843e-17,2.4257991383255271e-17,2.5828989781427528e-21,3.9591752638896135e-20,7.6888971546942776e-18,1.2303018507351995e-16,1.3109238224791905e-19
99.240176046380128,99.340166148190065,99.290171097285096,2.8885395383130816e-19,2.7456369016800604e-19,0,0,5.8082985498232212e-20,1.3861867836583085e-18,0
99.340166148190065,99.440156250000001,99.390161199095033,2.0973858645054745e-21,2.0973858645054745e-21,0,0,0,1.0486929322527373e-20,0
99.440156250000001,99.540146351809966,99.490151300904984,0,0,0,0,0,0,0
99.540146351809966,99.640136453619931,99.590141402714949,0,0,0,0,0,0,0
99.640136453619931,99.740126555429896,99.690131504524913,0,0,0,0,0,0,0
99.740126555429896,99.840116657239832,99.790121606334864,0,0,0,0,0,0,0
99.840116657239832,99.940106759049769,99.890111708144801,0,0,0,0,0,0,0
99.940106759049769,100.04009686085973,99.990101809954751,0,0,0,0,0,0,0
100.04009686085973,100.1400869626697,100.09009191176472,0,0,0,0,0,0,0
100.1400869626697,100.24007706447966,100.19008201357468,0,0,0,0,0,0,0
100.24007706447966,100.34006716628963,100.29007211538465,0,0,0,0,0,0,0
100.34006716628963,100.44005726809957,100.3900622171946,0,0,0,0,0,0,0
100.44005726809957,100.5400473699095,100.49005231900453,0,0,0,0,0,0,0
100.5400473699095,100.64003747171947,100.59004242081448,0,0,0,0,0,0,0
100.64003747171947,100.74002757352943,100.69003252262445,0,0,0,0,0,0,0
100.74002757352943,100.8400176753394,100.79002262443441,0,0,0,0,0,0,0
100.8400176753394,100.94000777714933,100.89001272624436,0,0,0,0,0,0,0
100.94000777714933,101.03999787895927,100.9900028280543,0,0,0,0,0,0,0
101.03999787895927,101.13998798076923,101.08999292986425,0,0,0,0,0,0,0
101.13998798076923,101.2399780825792,101.18998303167422,0,0,0,0,0,0,0
101.2399780825792,101.33996818438916,101.28997313348418,0,0,0,0,0,0,0
101.33996818438916,101.43995828619913,101.38996323529415,0,0,0,0,0,0,0
101.43995828619913,101.53994838800907,101.4899533371041,0,0,0,0,0,0,0
101.53994838800907,101.639938489819,101.58994343891403,0,0,0,0,0,0,0
101.639938489819,101.73992859162897,101.68993354072398,0,0,0,0,0,0,0
101.73992859162897,101.83991869343893,101.78992364253395,0,0,0,0,0,0,0
101.83991869343893,101.9399087952489,101.88991374434391,0,0,0,0,0,0,0
101.9399087952489,102.03989889705886,101.98990384615388,0,0,0,0,0,0,0
102.03989889705886,102.1398889988688,102.08989394796383,0,0,0,0,0,0,0
102.1398889988688,102.23987910067873,102.18988404977377,0,0,0,0,0,0,0
102.23987910067873,102.3398692024887,102.28987415158372,0,0,0,0,0,0,0
102.3398692024887,102.43985930429866,102.38986425339368,0,0,0,0,0,0,0
102.43985930429866,102.53984940610863,102.48985435520365,0,0,0,0,0,0,0
102.53984940610863,102.63983950791857,102.5898444570136,0,0,0,0,0,0,0
102.63983950791857,102.7398296097285,102.68983455882353,0,0,0,0,0,0,0
102.7398296097285,102.83981971153847,102.78982466063349,0,0,0,0,0,0,0
102.83981971153847,102.93980981334843,102.88981476244345,0,0,0,0,0,0,0
102.93980981334843,103.0397999151584,102.98980486425341,0,0,0,0,0,0,0
103.0397999151584,103.13979001696836,103.08979496606338,0,0,0,0,0,0,0
103.13979001696836,103.2397801187783,103.18978506787333,0,0,0,0,0,0,0
103.2397801187783,103.33977022058824,103.28977516968327,0,0,0,0,0,0,0
103.33977022058824,103.4397603223982,103.38976527149322,0,0,0,0,0,0,0
103.4397603223982,103.53975042420817,103.48975537330318,0,0,0,0,0,0,0
103.53975042420817,103.63974052601813,103.58974547511315,0,0,0,0,0,0,0
103.63974052601813,103.73973062782807,103.6897355769231,0,0,0,0,0,0,0
103.73973062782807,103.839720729638,103.78972567873303,0,0,0,0,0,0,0
103.839720729638,103.93971083144797,103.88971578054299,0,0,0,0,0,0,0
103.93971083144797,104.03970093325793,103.98970588235295,0,0,0,0,0,0,0
104.03970093325793,104.1396910350679,104.08969598416292,0,0,0,0,0,0,0
104.1396910350679,104.23968113687786,104.18968608597288,0,0,0,0,0,0,0
104.23968113687786,104.3396712386878,104.28967618778283,0,0,0,0,0,0,0
104.3396712386878,104.43966134049774,104.38966628959277,0,0,0,0,0,0,0
104.43966134049774,104.5396514423077,104.48965639140272,0,0,0,0,0,0,0
104.5396514423077,104.63964154411767,104.58964649321268,0,0,0,0,0,0,0
104.63964154411767,104.73963164592763,104.68963659502265,0,0,0,0,0,0,0
104.73963164592763,104.83962174773757,104.7896266968326,0,0,0,0,0,0,0
104.83962174773757,104.9396118495475,104.88961679864254,0,0,0,0,0,0,0
104.9396118495475,105.03960195135747,104.98960690045249,0,0,0,0,0,0,0
105.03960195135747,105.13959205316743,105.08959700226245,0,0,0,0,0,0,0
105.13959205316743,105.2395821549774,105.18958710407242,0,0,0,0,0,0,0
105.2395821549774,105.33957225678736,105.28957720588238,0,0,0,0,0,0,0
105.33957225678736,105.4395623585973,105.38956730769233,0,0,0,0,0,0,0
105.4395623585973,105.53955246040724,105.48955740950227,0,0,0,0,0,0,0
105.53955246040724,105.6395425622172,105.58954751131222,0,0,0,0,0,0,0
105.6395425622172,105.73953266402717,105.68953761312218,0,0,0,0,0,0,0
105.73953266402717,105.83952276583713,105.78952771493215,0,0,0,0,0,0,0
105.83952276583713,105.9395128676471,105.88951781674211,0,0,0,0,0,0,0
105.9395128676471,106.03950296945703,105.98950791855206,0,0,0,0,0,0,0
106.03950296945703,106.13949307126697,106.089498020362,0,0,0,0,0,0,0
106.13949307126697,106.23948317307693,106.18948812217195,0,0,0,0,0,0,0
106.23948317307693,106.3394732748869,106.28947822398192,0,0,0,0,0,0,0
106.3394732748869,106.43946337669686,106.38946832579188,0,0,0,0,0,0,0
106.43946337669686,106.5394534785068,106.48945842760183,0,0,0,0,0,0,0
106.5394534785068,106.63944358031674,106.58944852941177,0,0,0,0,0,0,0
106.63944358031674,106.7394336821267,106.68943863122172,0,0,0,0,0,0,0
106.7394336821267,106.83942378393667,106.78942873303168,0,0,0,0,0,0,0
106.83942378393667,106.93941388574663,106.88941883484165,0,0,0,0,0,0,0
106.93941388574663,107.0394039875566,106.98940893665161,0,0,0,0,0,0,0
107.0394039875566,107.13939408936653,107.08939903846156,0,0,0,0,0,0,0
107.13939408936653,107.23938419117647,107.1893891402715,0,0,0,0,0,0,0
107.23938419117647,107.33937429298643,107.28937924208145,0,0,0,0,0,0,0
107.33937429298643,107.4393643947964,107.38936934389142,0,0,0,0,0,0,0
107.4393643947964,107.53935449660636,107.48935944570138,0,0,0,0,0,0,0
107.53935449660636,107.6393445984163,107.58934954751133,0,0,0,0,0,0,0
107.6393445984163,107.73933470022624,107.68933964932127,0,0,0,0,0,0,0
107.73933470022624,107.8393248020362,107.78932975113122,0,0,0,0,0,0,0
107.8393248020362,107.93931490384617,107.88931985294118,0,0,0,0,0,0,0
107.93931490384617,108.03930500565613,107.98930995475115,0,0,0,0,0,0,0
108.03930500565613,108.1392951074661,108.08930005656111,0,0,0,0,0,0,0
108.1392951074661,108.23928520927603,108.18929015837107,0,0,0,0,0,0,0
108.23928520927603,108.33927531108597,108.289280260181,0,0,0,0,0,0,0
108.33927531108597,108.43926541289594,108.38927036199095,0,0,0,0,0,0,0
108.43926541289594,108.5392555147059,108.48926046380092,0,0,0,0,0,0,0
108.5392555147059,108.63924561651586,108.58925056561088,0,0,0,0,0,0,0
108.63924561651586,108.73923571832583,108.68924066742085,0,0,0,0,0,0,0
108.73923571832583,108.83922582013577,108.7892307692308,0,0,0,0,0,0,0
108.83922582013577,108.9392159219457,108.88922087104073,0,0,0,0,0,0,0
108.9392159219457,109.03920602375567,108.98921097285069,0,0,0,0,0,0,0
109.03920602375567,109.13919612556563,109.08920107466065,0,0,0,0,0,0,0
109.13919612556563,109.2391862273756,109.18919117647062,0,0,0,0,0,0,0
109.2391862273756,109.33917632918553,109.28918127828057,0,0,0,0,0,0,0
109.33917632918553,109.43916643099547,109.3891713800905,0,0,0,0,0,0,0
109.43916643099547,109.53915653280544,109.48916148190045,0,0,0,0,0,0,0
109.53915653280544,109.6391466346154,109.58915158371042,0,0,0,0,0,0,0
109.6391466346154,109.73913673642537,109.68914168552038,0,0,0,0,0,0,0
109.73913673642537,109.83912683823533,109.78913178733035,0,0,0,0,0,0,0
109.83912683823533,109.93911694004527,109.8891218891403,0,0,0,0,0,0,0
109.93911694004527,110.0391070418552,109.98911199095024,0,0,0,0,0,0,0
110.0391070418552,110.13909714366517,110.08910209276019,0,0,0,0,0,0,0
110.13909714366517,110.23908724547513,110.18909219457015,0,0,0,0,0,0,0
110.23908724547513,110.3390773472851,110.28908229638012,0,0,0,0,0,0,0
110.3390773472851,110.43906744909503,110.38907239819007,0,0,0,0,0,0,0
110.43906744909503,110.53905755090497,110.4890625,0,0,0,0,0,0,0
110.53905755090497,110.63904765271494,110.58905260180995,0,0,0,0,0,0,0
110.63904765271494,110.7390377545249,110.68904270361992,0,0,0,0,0,0,0
110.7390377545249,110.83902785633487,110.78903280542988,0,0,0,0,0,0,0
110.83902785633487,110.93901795814483,110.88902290723985,0,0,0,0,0,0,0
110.93901795814483,111.03900805995477,110.9890130090498,0,0,0,0,0,0,0
111.03900805995477,111.1389981617647,111.08900311085974,0,0,0,0,0,0,0
111.1389981617647,111.23898826357467,111.18899321266969,0,0,0,0,0,0,0
111.23898826357467,111.33897836538463,111.28898331447965,0,0,0,0,0,0,0
111.33897836538463,111.4389684671946,111.38897341628962,0,0,0,0,0,0,0
111.4389684671946,111.53895856900456,111.48896351809958,0,0,0,0,0,0,0
111.53895856900456,111.6389486708145,111.58895361990953,0,0,0,0,0,0,0
111.6389486708145,111.73893877262444,111.68894372171947,0,0,0,0,0,0,0
111.73893877262444,111.8389288744344,111.78893382352942,0,0,0,0,0,0,0
111.8389288744344,111.93891897624437,111.88892392533938,0,0,0,0,0,0,0
111.93891897624437,112.03890907805433,111.98891402714935,0,0,0,0,0,0,0
112.03890907805433,112.13889917986427,112.0889041289593,0,0,0,0,0,0,0
112.13889917986427,112.2388892816742,112.18889423076924,0,0,0,0,0,0,0
112.2388892816742,112.33887938348417,112.28888433257919,0,0,0,0,0,0,0
112.33887938348417,112.43886948529413,112.38887443438915,0,0,0,0,0,0,0
112.43886948529413,112.5388595871041,112.48886453619912,0,0,0,0,0,0,0
112.5388595871041,112.63884968891406,112.58885463800908,0,0,0,0,0,0,0
112.63884968891406,112.738839790724,112.68884473981903,0,0,0,0,0,0,0
112.738839790724,112.83882989253394,112.78883484162897,0,0,0,0,0,0,0
112.83882989253394,112.9388199943439,112.88882494343892,0,0,0,0,0,0,0
112.9388199943439,113.03881009615387,112.98881504524888,0,0,0,0,0,0,0
113.03881009615387,113.13880019796383,113.08880514705885,0,0,0,0,0,0,0
113.13880019796383,113.23879029977377,113.1887952488688,0,0,0,0,0,0,0
113.23879029977377,113.3387804015837,113.28878535067874,0,0,0,0,0,0,0
113.3387804015837,113.43877050339367,113.38877545248869,0,0,0,0,0,0,0
113.43877050339367,113.53876060520363,113.48876555429865,0,0,0,0,0,0,0
113.53876060520363,113.6387507070136,113.58875565610862,0,0,0,0,0,0,0
113.6387507070136,113.73874080882356,113.68874575791858,0,0,0,0,0,0,0
113.73874080882356,113.8387309106335,113.78873585972853,0,0,0,0,0,0,0
113.8387309106335,113.93872101244344,113.88872596153847,0,0,0,0,0,0,0
113.93872101244344,114.0387111142534,113.98871606334842,0,0,0,0,0,0,0
114.0387111142534,114.13870121606337,114.08870616515838,0,0,0,0,0,0,0
114.13870121606337,114.23869131787333,114.18869626696835,0,0,0,0,0,0,0
114.23869131787333,114.33868141968327,114.2886863687783,0,0,0,0,0,0,0
114.33868141968327,114.43867152149321,114.38867647058824,0,0,0,0,0,0,0
114.43867152149321,114.53866162330317,114.48866657239819,0,0,0,0,0,0,0
114.53866162330317,114.63865172511314,114.58865667420815,0,0,0,0,0,0,0
114.63865172511314,114.7386418269231,114.68864677601812,0,0,0,0,0,0,0
114.7386418269231,114.83863192873307,114.78863687782808,0,0,0,0,0,0,0
114.83863192873307,114.938622030543,114.88862697963803,0,0,0,0,0,0,0
114.938622030543,115.03861213235294,114.98861708144797,0,0,0,0,0,0,0
115.03861213235294,115.1386022341629,115.08860718325792,0,0,0,0,0,0,0
115.1386022341629,115.23859233597287,115.18859728506789,0,0,0,0,0,0,0
115.23859233597287,115.33858243778283,115.28858738687785,0,0,0,0,0,0,0
115.33858243778283,115.4385725395928,115.38857748868782,0,0,0,0,0,0,0
115.4385725395928,115.53856264140273,115.48856759049777,0,0,0,0,0,0,0
115.53856264140273,115.63855274321267,115.5885576923077,0,0,0,0,0,0,0
115.63855274321267,115.73854284502264,115.68854779411765,0,0,0,0,0,0,0
115.73854284502264,115.8385329468326,115.78853789592762,0,0,0,0,0,0,0
115.8385329468326,115.93852304864257,115.88852799773758,0,0,0,0,0,0,0
115.93852304864257,116.0385131504525,115.98851809954753,0,0,0,0,0,0,0
116.0385131504525,116.13850325226244,116.08850820135747,0,0,0,0,0,0,0
116.13850325226244,116.2384933540724,116.18849830316742,0,0,0,0,0,0,0
116.2384933540724,116.33848345588237,116.28848840497739,0,0,0,0,0,0,0
116.33848345588237,116.43847355769233,116.38847850678735,0,0,0,0,0,0,0
116.43847355769233,116.5384636595023,116.48846860859732,0,0,0,0,0,0,0
116.5384636595023,116.63845376131223,116.58845871040727,0,0,0,0,0,0,0
116.63845376131223,116.73844386312217,116.6884488122172,0,0,0,0,0,0,0
116.73844386312217,116.83843396493214,116.78843891402715,0,0,0,0,0,0,0
116.83843396493214,116.9384240667421,116.88842901583712,0,0,0,0,0,0,0
116.9384240667421,117.03841416855207,116.98841911764708,0,0,0,0,0,0,0
117.03841416855207,117.138404270362,117.08840921945703,0,0,0,0,0,0,0
117.138404270362,117.23839437217194,117.18839932126697,0,0,0,0,0,0,0
117.23839437217194,117.3383844739819,117.28838942307692,0,0,0,0,0,0,0
117.3383844739819,117.43837457579187,117.38837952488689,0,0,0,0,0,0,0
117.43837457579187,117.53836467760183,117.48836962669685,0,0,0,0,0,0,0
117.53836467760183,117.6383547794118,117.58835972850682,0,0,0,0,0,0,0
117.6383547794118,117.73834488122174,117.68834983031677,0,0,0,0,0,0,0
117.73834488122174,117.83833498303167,117.7883399321267,0,0,0,0,0,0,0
117.83833498303167,117.93832508484164,117.88833003393665,0,0,0,0,0,0,0
117.93832508484164,118.0383151866516,117.98832013574662,0,0,0,0,0,0,0
118.0383151866516,118.13830528846157,118.08831023755658,0,0,0,0,0,0,0
118.13830528846157,118.23829539027153,118.18830033936655,0,0,0,0,0,0,0
118.23829539027153,118.33828549208147,118.2882904411765,0,0,0,0,0,0,0
118.33828549208147,118.4382755938914,118.38828054298644,0,0,0,0,0,0,0
118.4382755938914,118.53826569570137,118.48827064479639,0,0,0,0,0,0,0
118.53826569570137,118.63825579751133,118.58826074660635,0,0,0,0,0,0,0
118.63825579751133,118.7382458993213,118.68825084841632,0,0,0,0,0,0,0
118.7382458993213,118.83823600113124,118.78824095022627,0,0,0,0,0,0,0
118.83823600113124,118.93822610294117,118.8882310520362,0,0,0,0,0,0,0
118.93822610294117,119.03821620475114,118.98822115384615,0,0,0,0,0,0,0
119.03821620475114,119.1382063065611,119.08821125565612,0,0,0,0,0,0,0
119.1382063065611,119.23819640837107,119.18820135746608,0,0,0,0,0,0,0
119.23819640837107,119.33818651018103,119.28819145927605,0,0,0,0,0,0,0
119.33818651018103,119.43817661199097,119.388181561086,0,0,0,0,0,0,0
119.43817661199097,119.5381667138009,119.48817166289594,0,0,0,0,0,0,0
119.5381667138009,119.63815681561087,119.58816176470589,0,0,0,0,0,0,0
119.63815681561087,119.73814691742083,119.68815186651585,0,0,0,0,0,0,0
119.73814691742083,119.8381370192308,119.78814196832582,0,0,0,0,0,0,0
119.8381370192308,119.93812712104074,119.88813207013577,0,0,0,0,0,0,0
119.93812712104074,120.03811722285067,119.9881221719457,0,0,0,0,0,0,0
120.03811722285067,120.13810732466064,120.08811227375566,0,0,0,0,0,0,0
120.13810732466064,120.2380974264706,120.18810237556562,0,0,0,0,0,0,0
120.2380974264706,120.33808752828057,120.28809247737559,0,0,0,0,0,0,0
120.33808752828057,120.43807763009053,120.38808257918555,0,0,0,0,0,0,0
120.43807763009053,120.53806773190047,120.4880726809955,0,0,0,0,0,0,0
120.53806773190047,120.63805783371041,120.58806278280544,0,0,0,0,0,0,0
120.63805783371041,120.73804793552037,120.68805288461539,0,0,0,0,0,0,0
120.73804793552037,120.83803803733034,120.78804298642535,0,0,0,0,0,0,0
120.83803803733034,120.9380281391403,120.88803308823532,0,0,0,0,0,0,0
120.9380281391403,121.03801824095027,120.98802319004528,0,0,0,0,0,0,0
121.03801824095027,121.1380083427602,121.08801329185523,0,0,0,0,0,0,0
121.1380083427602,121.23799844457014,121.18800339366517,0,0,0,0,0,0,0
121.23799844457014,121.3379885463801,121.28799349547512,0,0,0,0,0,0,0
121.3379885463801,121.43797864819007,121.38798359728509,0,0,0,0,0,0,0
121.43797864819007,121.53796875000003,121.48797369909505,0,0,0,0,0,0,0
121.53796875000003,121.63795885180997,121.587963800905,0,0,0,0,0,0,0
121.63795885180997,121.73794895361991,121.68795390271494,0,0,0,0,0,0,0
121.73794895361991,121.83793905542987,121.78794400452489,0,0,0,0,0,0,0
121.83793905542987,121.93792915723984,121.88793410633485,0,0,0,0,0,0,0
121.93792915723984,122.0379192590498,121.98792420814482,0,0,0,0,0,0,0
122.0379192590498,122.13790936085977,122.08791430995478,0,0,0,0,0,0,0
122.13790936085977,122.2378994626697,122.18790441176473,0,0,0,0,0,0,0
122.2378994626697,122.33788956447964,122.28789451357467,0,0,0,0,0,0,0
122.33788956447964,122.4378796662896,122.38788461538462,0,0,0,0,0,0,0
122.4378796662896,122.53786976809957,122.48787471719459,0,0,0,0,0,0,0
122.53786976809957,122.63785986990953,122.58786481900455,0,0,0,0,0,0,0
122.63785986990953,122.73784997171947,122.6878549208145,0,0,0,0,0,0,0
122.73784997171947,122.83784007352941,122.78784502262444,0,0,0,0,0,0,0
122.83784007352941,122.93783017533937,122.88783512443439,0,0,0,0,0,0,0
122.93783017533937,123.03782027714934,122.98782522624435,0,0,0,0,0,0,0
123.03782027714934,123.1378103789593,123.08781532805432,0,0,0,0,0,0,0
123.1378103789593,123.23780048076927,123.18780542986428,0,0,0,0,0,0,0
123.23780048076927,123.3377905825792,123.28779553167423,0,0,0,0,0,0,0
123.3377905825792,123.43778068438914,123.38778563348417,0,0,0,0,0,0,0
123.43778068438914,123.5377707861991,123.48777573529412,0,0,0,0,0,0,0
123.5377707861991,123.63776088800907,123.58776583710409,0,0,0,0,0,0,0
123.63776088800907,123.73775098981903,123.68775593891405,0,0,0,0,0,0,0
123.73775098981903,123.83774109162897,123.787746040724,0,0,0,0,0,0,0
123.83774109162897,123.93773119343891,123.88773614253394,0,0,0,0,0,0,0
123.93773119343891,124.03772129524887,123.98772624434389,0,0,0,0,0,0,0
124.03772129524887,124.13771139705884,124.08771634615385,0,0,0,0,0,0,0
124.13771139705884,124.2377014988688,124.18770644796382,0,0,0,0,0,0,0
124.2377014988688,124.33769160067877,124.28769654977378,0,0,0,0,0,0,0
124.33769160067877,124.4376817024887,124.38768665158373,0,0,0,0,0,0,0
124.4376817024887,124.53767180429864,124.48767675339367,0,0,0,0,0,0,0
124.53767180429864,124.6376619061086,124.58766685520362,0,0,0,0,0,0,0
124.6376619061086,124.73765200791857,124.68765695701359,0,0,0,0,0,0,0
124.73765200791857,124.83764210972853,124.78764705882355,0,0,0,0,0,0,0
124.83764210972853,124.9376322115385,124.88763716063352,0,0,0,0,0,0,0
124.9376322115385,125.03762231334844,124.98762726244347,0,0,0,0,0,0,0
125.03762231334844,125.13761241515837,125.0876173642534,0,0,0,0,0,0,0
125.13761241515837,125.23760251696834,125.18760746606335,0,0,0,0,0,0,0
125.23760251696834,125.3375926187783,125.28759756787332,0,0,0,0,0,0,0
125.3375926187783,125.43758272058827,125.38758766968328,0,0,0,0,0,0,0
125.43758272058827,125.5375728223982,125.48757777149324,0,0,0,0,0,0,0
125.5375728223982,125.63756292420814,125.58756787330317,0,0,0,0,0,0,0
125.63756292420814,125.73755302601811,125.68755797511312,0,0,0,0,0,0,0
125.73755302601811,125.83754312782807,125.78754807692309,0,0,0,0,0,0,0
125.83754312782807,125.93753322963803,125.88753817873305,0,0,0,0,0,0,0
125.93753322963803,126.037523331448,125.98752828054302,0,0,0,0,0,0,0
126.037523331448,126.13751343325794,126.08751838235297,0,0,0,0,0,0,0
126.13751343325794,126.23750353506787,126.1875084841629,0,0,0,0,0,0,0
126.23750353506787,126.33749363687784,126.28749858597286,0,0,0,0,0,0,0
126.33749363687784,126.4374837386878,126.38748868778282,0,0,0,0,0,0,0
126.4374837386878,126.53747384049777,126.48747878959279,0,0,0,0,0,0,0
126.53747384049777,126.6374639423077,126.58746889140274,0,0,0,0,0,0,0
126.6374639423077,126.73745404411764,126.68745899321267,0,0,0,0,0,0,0
126.73745404411764,126.83744414592761,126.78744909502262,0,0,0,0,0,0,0
126.83744414592761,126.93743424773757,126.88743919683259,0,0,0,0,0,0,0
126.93743424773757,127.03742434954754,126.98742929864255,0,0,0,0,0,0,0
127.03742434954754,127.1374144513575,127.08741940045252,0,0,0,0,0,0,0
127.1374144513575,127.23740455316744,127.18740950226247,0,0,0,0,0,0,0
127.23740455316744,127.33739465497737,127.28739960407241,0,0,0,0,0,0,0
127.33739465497737,127.43738475678734,127.38738970588236,0,0,0,0,0,0,0
127.43738475678734,127.5373748585973,127.48737980769232,0,0,0,0,0,0,0
127.5373748585973,127.63736496040727,127.58736990950229,0,0,0,0,0,0,0
127.63736496040727,127.73735506221723,127.68736001131225,0,0,0,0,0,0,0
127.73735506221723,127.83734516402717,127.7873501131222,0,0,0,0,0,0,0
127.83734516402717,127.93733526583711,127.88734021493214,0,0,0,0,0,0,0
127.93733526583711,128.03732536764707,127.98733031674209,0,0,0,0,0,0,0
128.03732536764707,128.13731546945704,128.08732041855205,0,0,0,0,0,0,0
128.13731546945704,128.237305571267,128.18731052036202,0,0,0,0,0,0,0
128.237305571267,128.33729567307694,128.28730062217198,0,0,0,0,0,0,0
128.33729567307694,128.43728577488687,128.38729072398189,0,0,0,0,0,0,0
128.43728577488687,128.53727587669684,128.48728082579186,0,0,0,0,0,0,0
128.53727587669684,128.6372659785068,128.58727092760182,0,0,0,0,0,0,0
128.6372659785068,128.73725608031677,128.68726102941179,0,0,0,0,0,0,0
128.73725608031677,128.83724618212673,128.78725113122175,0,0,0,0,0,0,0
128.83724618212673,128.93723628393667,128.88724123303172,0,0,0,0,0,0,0
128.93723628393667,129.03722638574661,128.98723133484162,0,0,0,0,0,0,0
129.03722638574661,129.13721648755657,129.08722143665159,0,0,0,0,0,0,0
129.13721648755657,129.23720658936654,129.18721153846155,0,0,0,0,0,0,0
129.23720658936654,129.3371966911765,129.28720164027152,0,0,0,0,0,0,0
129.3371966911765,129.43718679298644,129.38719174208148,0,0,0,0,0,0,0
129.43718679298644,129.53717689479637,129.48718184389139,0,0,0,0,0,0,0
129.53717689479637,129.63716699660634,129.58717194570136,0,0,0,0,0,0,0
129.63716699660634,129.7371570984163,129.68716204751132,0,0,0,0,0,0,0
129.7371570984163,129.83714720022627,129.78715214932129,0,0,0,0,0,0,0
129.83714720022627,129.93713730203623,129.88714225113125,0,0,0,0,0,0,0
129.93713730203623,130.03712740384617,129.98713235294122,0,0,0,0,0,0,0
130.03712740384617,130.13711750565611,130.08712245475112,0,0,0,0,0,0,0
130.13711750565611,130.23710760746607,130.18711255656109,0,0,0,0,0,0,0
130.23710760746607,130.33709770927604,130.28710265837105,0,0,0,0,0,0,0
130.33709770927604,130.437087811086,130.38709276018102,0,0,0,0,0,0,0
130.437087811086,130.53707791289594,130.48708286199098,0,0,0,0,0,0,0
130.53707791289594,130.63706801470587,130.58707296380089,0,0,0,0,0,0,0
130.63706801470587,130.73705811651584,130.68706306561086,0,0,0,0,0,0,0
130.73705811651584,130.8370482183258,130.78705316742082,0,0,0,0,0,0,0
130.8370482183258,130.93703832013577,130.88704326923079,0,0,0,0,0,0,0
130.93703832013577,131.03702842194573,130.98703337104075,0,0,0,0,0,0,0
131.03702842194573,131.13701852375567,131.08702347285072,0,0,0,0,0,0,0
131.13701852375567,131.23700862556561,131.18701357466063,0,0,0,0,0,0,0
131.23700862556561,131.33699872737557,131.28700367647059,0,0,0,0,0,0,0
131.33699872737557,131.43698882918554,131.38699377828056,0,0,0,0,0,0,0
131.43698882918554,131.5369789309955,131.48698388009052,0,0,0,0,0,0,0
131.5369789309955,131.63696903280547,131.58697398190048,0,0,0,0,0,0,0
131.63696903280547,131.7369591346154,131.68696408371045,0,0,0,0,0,0,0
131.7369591346154,131.83694923642534,131.78695418552036,0,0,0,0,0,0,0
131.83694923642534,131.93693933823531,131.88694428733032,0,0,0,0,0,0,0
131.93693933823531,132.03692944004527,131.98693438914029,0,0,0,0,0,0,0
132.03692944004527,132.13691954185524,132.08692449095025,0,0,0,0,0,0,0
132.13691954185524,132.23690964366517,132.18691459276022,0,0,0,0,0,0,0
132.23690964366517,132.33689974547511,132.28690469457013,0,0,0,0,0,0,0
132.33689974547511,132.43688984728507,132.38689479638009,0,0,0,0,0,0,0
132.43688984728507,132.53687994909504,132.48688489819006,0,0,0,0,0,0,0
132.53687994909504,132.636870050905,132.58687500000002,0,0,0,0,0,0,0
132.636870050905,132.73686015271497,132.68686510180999,0,0,0,0,0,0,0
132.73686015271497,132.8368502545249,132.78685520361995,0,0,0,0,0,0,0
132.8368502545249,132.93684035633484,132.88684530542986,0,0,0,0,0,0,0
132.93684035633484,133.03683045814481,132.98683540723982,0,0,0,0,0,0,0
133.03683045814481,133.13682055995477,133.08682550904979,0,0,0,0,0,0,0
133.13682055995477,133.23681066176474,133.18681561085975,0,0,0,0,0,0,0
133.23681066176474,133.33680076357467,133.28680571266972,0,0,0,0,0,0,0
133.33680076357467,133.43679086538461,133.38679581447963,0,0,0,0,0,0,0
133.43679086538461,133.53678096719457,133.48678591628959,0,0,0,0,0,0,0
133.53678096719457,133.63677106900454,133.58677601809956,0,0,0,0,0,0,0
133.63677106900454,133.7367611708145,133.68676611990952,0,0,0,0,0,0,0
133.7367611708145,133.83675127262447,133.78675622171949,0,0,0,0,0,0,0
133.83675127262447,133.9367413744344,133.88674632352945,0,0,0,0,0,0,0
133.9367413744344,134.03673147624434,133.98673642533936,0,0,0,0,0,0,0
134.03673147624434,134.13672157805431,134.08672652714932,0,0,0,0,0,0,0
134.13672157805431,134.23671167986427,134.18671662895929,0,0,0,0,0,0,0
134.23671167986427,134.33670178167424,134.28670673076925,0,0,0,0,0,0,0
134.33670178167424,134.4366918834842,134.38669683257922,0,0,0,0,0,0,0
134.4366918834842,134.53668198529414,134.48668693438918,0,0,0,0,0,0,0
134.53668198529414,134.63667208710407,134.58667703619909,0,0,0,0,0,0,0
134.63667208710407,134.73666218891404,134.68666713800906,0,0,0,0,0,0,0
134.73666218891404,134.836652290724,134.78665723981902,0,0,0,0,0,0,0
134.836652290724,134.93664239253397,134.88664734162899,0,0,0,0,0,0,0
134.93664239253397,135.03663249434391,134.98663744343895,0,0,0,0,0,0,0
135.03663249434391,135.13662259615384,135.08662754524886,0,0,0,0,0,0,0
135.13662259615384,135.23661269796381,135.18661764705882,0,0,0,0,0,0,0
135.23661269796381,135.33660279977377,135.28660774886879,0,0,0,0,0,0,0
135.33660279977377,135.43659290158374,135.38659785067875,0,0,0,0,0,0,0
135.43659290158374,135.5365830033937,135.48658795248872,0,0,0,0,0,0,0
135.5365830033937,135.63657310520364,135.58657805429868,0,0,0,0,0,0,0
135.63657310520364,135.73656320701357,135.68656815610859,0,0,0,0,0,0,0
135.73656320701357,135.83655330882354,135.78655825791856,0,0,0,0,0,0,0
135.83655330882354,135.9365434106335,135.88654835972852,0,0,0,0,0,0,0
135.9365434106335,136.03653351244347,135.98653846153849,0,0,0,0,0,0,0
136.03653351244347,136.13652361425341,136.08652856334845,0,0,0,0,0,0,0
136.13652361425341,136.23651371606334,136.18651866515836,0,0,0,0,0,0,0
136.23651371606334,136.33650381787331,136.28650876696832,0,0,0,0,0,0,0
136.33650381787331,136.43649391968327,136.38649886877829,0,0,0,0,0,0,0
136.43649391968327,136.53648402149324,136.48648897058825,0,0,0,0,0,0,0
136.53648402149324,136.6364741233032,136.58647907239822,0,0,0,0,0,0,0
136.6364741233032,136.73646422511314,136.68646917420818,0,0,0,0,0,0,0
136.73646422511314,136.83645432692308,136.78645927601809,0,0,0,0,0,0,0
136.83645432692308,136.93644442873304,136.88644937782806,0,0,0,0,0,0,0
136.93644442873304,137.036434530543,136.98643947963802,0,0,0,0,0,0,0
137.036434530543,137.13642463235297,137.08642958144799,0,0,0,0,0,0,0
137.13642463235297,137.23641473416293,137.18641968325795,0,0,0,0,0,0,0
137.23641473416293,137.33640483597287,137.28640978506792,0,0,0,0,0,0,0
137.33640483597287,137.43639493778281,137.38639988687783,0,0,0,0,0,0,0
137.43639493778281,137.53638503959277,137.48638998868779,0,0,0,0,0,0,0
137.53638503959277,137.63637514140274,137.58638009049776,0,0,0,0,0,0,0
137.63637514140274,137.7363652432127,137.68637019230772,0,0,0,0,0,0,0
137.7363652432127,137.83635534502264,137.78636029411769,0,0,0,0,0,0,0
137.83635534502264,137.93634544683258,137.88635039592759,0,0,0,0,0,0,0
137.93634544683258,138.03633554864254,137.98634049773756,0,0,0,0,0,0,0
138.03633554864254,138.13632565045251,138.08633059954752,0,0,0,0,0,0,0
138.13632565045251,138.23631575226247,138.18632070135749,0,0,0,0,0,0,0
138.23631575226247,138.33630585407244,138.28631080316745,0,0,0,0,0,0,0
138.33630585407244,138.43629595588237,138.38630090497742,0,0,0,0,0,0,0
138.43629595588237,138.53628605769231,138.48629100678733,0,0,0,0,0,0,0
138.53628605769231,138.63627615950227,138.58628110859729,0,0,0,0,0,0,0
138.63627615950227,138.73626626131224,138.68627121040726,0,0,0,0,0,0,0
138.73626626131224,138.8362563631222,138.78626131221722,0,0,0,0,0,0,0
138.8362563631222,138.93624646493214,138.88625141402719,0,0,0,0,0,0,0
138.93624646493214,139.03623656674208,138.98624151583709,0,0,0,0,0,0,0
139.03623656674208,139.13622666855204,139.08623161764706,0,0,0,0,0,0,0
139.13622666855204,139.23621677036201,139.18622171945702,0,0,0,0,0,0,0
139.23621677036201,139.33620687217197,139.28621182126699,0,0,0,0,0,0,0
139.33620687217197,139.43619697398194,139.38620192307695,0,0,0,0,0,0,0
139.43619697398194,139.53618707579187,139.48619202488692,0,0,0,0,0,0,0
139.53618707579187,139.63617717760181,139.58618212669683,0,0,0,0,0,0,0
139.63617717760181,139.73616727941177,139.68617222850679,0,0,0,0,0,0,0
139.73616727941177,139.83615738122174,139.78616233031676,0,0,0,0,0,0,0
139.83615738122174,139.9361474830317,139.88615243212672,0,0,0,0,0,0,0
139.9361474830317,140.03613758484164,139.98614253393669,0,0,0,0,0,0,0
140.03613758484164,140.13612768665158,140.08613263574659,0,0,0,0,0,0,0
140.13612768665158,140.23611778846154,140.18612273755656,0,0,0,0,0,0,0
140.23611778846154,140.33610789027151,140.28611283936652,0,0,0,0,0,0,0
140.33610789027151,140.43609799208147,140.38610294117649,0,0,0,0,0,0,0
140.43609799208147,140.53608809389144,140.48609304298645,0,0,0,0,0,0,0
140.53608809389144,140.63607819570137,140.58608314479642,0,0,0,0,0,0,0
140.63607819570137,140.73606829751131,140.68607324660633,0,0,0,0,0,0,0
140.73606829751131,140.83605839932127,140.78606334841629,0,0,0,0,0,0,0
140.83605839932127,140.93604850113124,140.88605345022626,0,0,0,0,0,0,0
140.93604850113124,141.0360386029412,140.98604355203622,0,0,0,0,0,0,0
141.0360386029412,141.13602870475117,141.08603365384619,0,0,0,0,0,0,0
141.13602870475117,141.23601880656111,141.18602375565615,0,0,0,0,0,0,0
141.23601880656111,141.33600890837104,141.28601385746606,0,0,0,0,0,0,0
141.33600890837104,141.43599901018101,141.38600395927602,0,0,0,0,0,0,0
141.43599901018101,141.53598911199097,141.48599406108599,0,0,0,0,0,0,0
141.53598911199097,141.63597921380094,141.58598416289595,0,0,0,0,0,0,0
141.63597921380094,141.73596931561087,141.68597426470592,0,0,0,0,0,0,0
141.73596931561087,141.83595941742081,141.78596436651583,0,0,0,0,0,0,0
141.83595941742081,141.93594951923077,141.88595446832579,0,0,0,0,0,0,0
141.93594951923077,142.03593962104074,141.98594457013576,0,0,0,0,0,0,0
142.03593962104074,142.1359297228507,142.08593467194572,0,0,0,0,0,0,0
142.1359297228507,142.23591982466067,142.18592477375569,0,0,0,0,0,0,0
142.23591982466067,142.33590992647061,142.28591487556565,0,0,0,0,0,0,0
142.33590992647061,142.43590002828054,142.38590497737556,0,0,0,0,0,0,0
142.43590002828054,142.53589013009051,142.48589507918552,0,0,0,0,0,0,0
142.53589013009051,142.63588023190047,142.58588518099549,0,0,0,0,0,0,0
142.63588023190047,142.73587033371044,142.68587528280545,0,0,0,0,0,0,0
142.73587033371044,142.83586043552037,142.78586538461542,0,0,0,0,0,0,0
142.83586043552037,142.93585053733031,142.88585548642533,0,0,0,0,0,0,0
142.93585053733031,143.03584063914028,142.98584558823529,0,0,0,0,0,0,0
143.03584063914028,143.13583074095024,143.08583569004526,0,0,0,0,0,0,0
143.13583074095024,143.23582084276021,143.18582579185522,0,0,0,0,0,0,0
143.23582084276021,143.33581094457017,143.28581589366519,0,0,0,0,0,0,0
143.33581094457017,143.43580104638011,143.38580599547515,0,0,0,0,0,0,0
143.43580104638011,143.53579114819004,143.48579609728506,0,0,0,0,0,0,0
143.53579114819004,143.63578125000001,143.58578619909503,0,0,0,0,0,0,0
143.63578125000001,143.73577135180997,143.68577630090499,0,0,0,0,0,0,0
143.73577135180997,143.83576145361994,143.78576640271496,0,0,0,0,0,0,0
143.83576145361994,143.9357515554299,143.88575650452492,0,0,0,0,0,0,0
143.9357515554299,144.03574165723984,143.98574660633489,0,0,0,0,0,0,0
144.03574165723984,144.13573175904978,144.08573670814479,0,0,0,0,0,0,0
144.13573175904978,144.23572186085974,144.18572680995476,0,0,0,0,0,0,0
144.23572186085974,144.33571196266971,144.28571691176472,0,0,0,0,0,0,0
144.33571196266971,144.43570206447967,144.38570701357469,0,0,0,0,0,0,0
144.43570206447967,144.53569216628961,144.48569711538465,0,0,0,0,0,0,0
144.53569216628961,144.63568226809954,144.58568721719456,0,0,0,0,0,0,0
144.63568226809954,144.73567236990951,144.68567731900453,0,0,0,0,0,0,0
144.73567236990951,144.83566247171947,144.78566742081449,0,0,0,0,0,0,0
144.83566247171947,144.93565257352944,144.88565752262446,0,0,0,0,0,0,0
144.93565257352944,145.0356426753394,144.98564762443442,0,0,0,0,0,0,0
145.0356426753394,145.13563277714934,145.08563772624439,0,0,0,0,0,0,0
145.13563277714934,145.23562287895928,145.18562782805429,0,0,0,0,0,0,0
145.23562287895928,145.33561298076924,145.28561792986426,0,0,0,0,0,0,0
145.33561298076924,145.43560308257921,145.38560803167422,0,0,0,0,0,0,0
145.43560308257921,145.53559318438917,145.48559813348419,0,0,0,0,0,0,0
145.53559318438917,145.63558328619911,145.58558823529415,0,0,0,0,0,0,0
145.63558328619911,145.73557338800904,145.68557833710406,0,0,0,0,0,0,0
145.73557338800904,145.83556348981901,145.78556843891403,0,0,0,0,0,0,0
145.83556348981901,145.93555359162897,145.88555854072399,0,0,0,0,0,0,0
145.93555359162897,146.03554369343894,145.98554864253396,0,0,0,0,0,0,0
146.03554369343894,146.1355337952489,146.08553874434392,0,0,0,0,0,0,0
146.1355337952489,146.23552389705884,146.18552884615389,0,0,0,0,0,0,0
146.23552389705884,146.33551399886878,146.28551894796379,0,0,0,0,0,0,0
146.33551399886878,146.43550410067874,146.38550904977376,0,0,0,0,0,0,0
146.43550410067874,146.53549420248871,146.48549915158372,0,0,0,0,0,0,0
146.53549420248871,146.63548430429867,146.58548925339369,0,0,0,0,0,0,0
146.63548430429867,146.73547440610864,146.68547935520365,0,0,0,0,0,0,0
146.73547440610864,146.83546450791857,146.78546945701362,0,0,0,0,0,0,0
146.83546450791857,146.93545460972851,146.88545955882353,0,0,0,0,0,0,0
146.93545460972851,147.03544471153847,146.98544966063349,0,0,0,0,0,0,0
147.03544471153847,147.13543481334844,147.08543976244346,0,0,0,0,0,0,0
147.13543481334844,147.2354249151584,147.18542986425342,0,0,0,0,0,0,0
147.2354249151584,147.33541501696834,147.28541996606339,0,0,0,0,0,0,0
147.33541501696834,147.43540511877828,147.38541006787329,0,0,0,0,0,0,0
147.43540511877828,147.53539522058824,147.48540016968326,0,0,0,0,0,0,0
147.53539522058824,147.63538532239821,147.58539027149322,0,0,0,0,0,0,0
147.63538532239821,147.73537542420817,147.68538037330319,0,0,0,0,0,0,0
147.73537542420817,147.83536552601814,147.78537047511315,0,0,0,0,0,0,0
147.83536552601814,147.93535562782807,147.88536057692312,0,0,0,0,0,0,0
147.93535562782807,148.03534572963801,147.98535067873303,0,0,0,0,0,0,0
148.03534572963801,148.13533583144797,148.08534078054299,0,0,0,0,0,0,0
148.13533583144797,148.23532593325794,148.18533088235296,0,0,0,0,0,0,0
148.23532593325794,148.3353160350679,148.28532098416292,0,0,0,0,0,0,0
148.3353160350679,148.43530613687784,148.38531108597289,0,0,0,0,0,0,0
148.43530613687784,148.53529623868778,148.4853011877828,0,0,0,0,0,0,0
148.53529623868778,148.63528634049774,148.58529128959276,0,0,0,0,0,0,0
148.63528634049774,148.73527644230771,148.68528139140273,0,0,0,0,0,0,0
148.73527644230771,148.83526654411767,148.78527149321269,0,0,0,0,0,0,0
148.83526654411767,148.93525664592764,148.88526159502266,0,0,0,0,0,0,0
148.93525664592764,149.03524674773757,148.98525169683262,0,0,0,0,0,0,0
149.03524674773757,149.13523684954751,149.08524179864253,0,0,0,0,0,0,0
149.13523684954751,149.23522695135748,149.18523190045249,0,0,0,0,0,0,0
149.23522695135748,149.33521705316744,149.28522200226246,0,0,0,0,0,0,0
149.33521705316744,149.43520715497741,149.38521210407242,0,0,0,0,0,0,0
149.43520715497741,149.53519725678734,149.48520220588239,0,0,0,0,0,0,0
149.53519725678734,149.63518735859728,149.5851923076923,0,0,0,0,0,0,0
149.63518735859728,149.73517746040724,149.68518240950226,0,0,0,0,0,0,0
149.73517746040724,149.83516756221721,149.78517251131223,0,0,0,0,0,0,0
149.83516756221721,149.93515766402717,149.88516261312219,0,0,0,0,0,0,0
149.93515766402717,150.03514776583714,149.98515271493216,0,0,0,0,0,0,0
150.03514776583714,150.13513786764707,150.08514281674212,0,0,0,0,0,0,0
150.13513786764707,150.23512796945701,150.18513291855203,0,0,0,0,0,0,0
150.23512796945701,150.33511807126698,150.28512302036199,0,0,0,0,0,0,0
150.33511807126698,150.43510817307694,150.38511312217196,0,0,0,0,0,0,0
150.43510817307694,150.53509827488691,150.48510322398192,0,0,0,0,0,0,0
150.53509827488691,150.63508837669687,150.58509332579189,0,0,0,0,0,0,0
150.63508837669687,150.73507847850681,150.68508342760185,0,0,0,0,0,0,0
150.73507847850681,150.83506858031674,150.78507352941176,0,0,0,0,0,0,0
150.83506858031674,150.93505868212671,150.88506363122173,0,0,0,0,0,0,0
150.93505868212671,151.03504878393667,150.98505373303169,0,0,0,0,0,0,0
151.03504878393667,151.13503888574664,151.08504383484166,0,0,0,0,0,0,0
151.13503888574664,151.23502898755657,151.18503393665162,0,0,0,0,0,0,0
151.23502898755657,151.33501908936651,151.28502403846153,0,0,0,0,0,0,0
151.33501908936651,151.43500919117648,151.38501414027149,0,0,0,0,0,0,0
151.43500919117648,151.53499929298644,151.48500424208146,0,0,0,0,0,0,0
151.53499929298644,151.63498939479641,151.58499434389142,0,0,0,0,0,0,0
151.63498939479641,151.73497949660637,151.68498444570139,0,0,0,0,0,0,0
151.73497949660637,151.83496959841631,151.78497454751135,0,0,0,0,0,0,0
151.83496959841631,151.93495970022624,151.88496464932126,0,0,0,0,0,0,0
151.93495970022624,152.03494980203621,151.98495475113123,0,0,0,0,0,0,0
152.03494980203621,152.13493990384617,152.08494485294119,0,0,0,0,0,0,0
152.13493990384617,152.23493000565614,152.18493495475116,0,0,0,0,0,0,0
152.23493000565614,152.33492010746608,152.28492505656112,0,0,0,0,0,0,0
152.33492010746608,152.43491020927601,152.38491515837103,0,0,0,0,0,0,0
152.43491020927601,152.53490031108598,152.48490526018099,0,0,0,0,0,0,0
152.53490031108598,152.63489041289594,152.58489536199096,0,0,0,0,0,0,0
152.63489041289594,152.73488051470591,152.68488546380092,0,0,0,0,0,0,0
152.73488051470591,152.83487061651587,152.78487556561089,0,0,0,0,0,0,0
152.83487061651587,152.93486071832581,152.88486566742085,0,0,0,0,0,0,0
152.93486071832581,153.03485082013574,152.98485576923076,0,0,0,0,0,0,0
153.03485082013574,153.13484092194571,153.08484587104073,0,0,0,0,0,0,0
153.13484092194571,153.23483102375567,153.18483597285069,0,0,0,0,0,0,0
153.23483102375567,153.33482112556564,153.28482607466066,0,0,0,0,0,0,0
153.33482112556564,153.4348112273756,153.38481617647062,0,0,0,0,0,0,0
153.4348112273756,153.53480132918554,153.48480627828059,0,0,0,0,0,0,0
153.53480132918554,153.63479143099548,153.58479638009049,0,0,0,0,0,0,0
153.63479143099548,153.73478153280544,153.68478648190046,0,0,0,0,0,0,0
153.73478153280544,153.83477163461541,153.78477658371042,0,0,0,0,0,0,0
153.83477163461541,153.93476173642537,153.88476668552039,0,0,0,0,0,0,0
153.93476173642537,154.03475183823531,153.98475678733035,0,0,0,0,0,0,0
154.03475183823531,154.13474194004525,154.08474688914026,0,0,0,0,0,0,0
154.13474194004525,154.23473204185521,154.18473699095023,0,0,0,0,0,0,0
154.23473204185521,154.33472214366518,154.28472709276019,0,0,0,0,0,0,0
154.33472214366518,154.43471224547514,154.38471719457016,0,0,0,0,0,0,0
154.43471224547514,154.5347023472851,154.48470729638012,0,0,0,0,0,0,0
154.5347023472851,154.63469244909504,154.58469739819009,0,0,0,0,0,0,0
154.63469244909504,154.73468255090498,154.6846875,0,0,0,0,0,0,0
154.73468255090498,154.83467265271494,154.78467760180996,0,0,0,0,0,0,0
154.83467265271494,154.93466275452491,154.88466770361993,0,0,0,0,0,0,0
154.93466275452491,155.03465285633487,154.98465780542989,0,0,0,0,0,0,0
155.03465285633487,155.13464295814481,155.08464790723986,0,0,0,0,0,0,0
155.13464295814481,155.23463305995475,155.18463800904976,0,0,0,0,0,0,0
155.23463305995475,155.33462316176471,155.28462811085973,0,0,0,0,0,0,0
155.33462316176471,155.43461326357468,155.38461821266969,0,0,0,0,0,0,0
155.43461326357468,155.53460336538464,155.48460831447966,0,0,0,0,0,0,0
155.53460336538464,155.63459346719461,155.58459841628962,0,0,0,0,0,0,0
155.63459346719461,155.73458356900454,155.68458851809959,0,0,0,0,0,0,0
155.73458356900454,155.83457367081448,155.7845786199095,0,0,0,0,0,0,0
155.83457367081448,155.93456377262444,155.88456872171946,0,0,0,0,0,0,0
155.93456377262444,156.03455387443441,155.98455882352943,0,0,0,0,0,0,0
156.03455387443441,156.13454397624437,156.08454892533939,0,0,0,0,0,0,0
156.13454397624437,156.23453407805434,156.18453902714936,0,0,0,0,0,0,0
156.23453407805434,156.33452417986427,156.28452912895932,0,0,0,0,0,0,0
156.33452417986427,156.43451428167421,156.38451923076923,0,0,0,0,0,0,0
156.43451428167421,156.53450438348418,156.48450933257919,0,0,0,0,0,0,0
156.53450438348418,156.63449448529414,156.58449943438916,0,0,0,0,0,0,0
156.63449448529414,156.73448458710411,156.68448953619912,0,0,0,0,0,0,0
156.73448458710411,156.83447468891404,156.78447963800909,0,0,0,0,0,0,0
156.83447468891404,156.93446479072398,156.884469739819,0,0,0,0,0,0,0
156.93446479072398,157.03445489253394,156.98445984162896,0,0,0,0,0,0,0
157.03445489253394,157.13444499434391,157.08444994343893,0,0,0,0,0,0,0
157.13444499434391,157.23443509615387,157.18444004524889,0,0,0,0,0,0,0
157.23443509615387,157.33442519796384,157.28443014705886,0,0,0,0,0,0,0
157.33442519796384,157.43441529977378,157.38442024886882,0,0,0,0,0,0,0
157.43441529977378,157.53440540158371,157.48441035067873,0,0,0,0,0,0,0
157.53440540158371,157.63439550339368,157.58440045248869,0,0,0,0,0,0,0
157.63439550339368,157.73438560520364,157.68439055429866,0,0,0,0,0,0,0
157.73438560520364,157.83437570701361,157.78438065610862,0,0,0,0,0,0,0
157.83437570701361,157.93436580882354,157.88437075791859,0,0,0,0,0,0,0
157.93436580882354,158.03435591063348,157.9843608597285,0,0,0,0,0,0,0
158.03435591063348,158.13434601244344,158.08435096153846,0,0,0,0,0,0,0
158.13434601244344,158.23433611425341,158.18434106334843,0,0,0,0,0,0,0
158.23433611425341,158.33432621606337,158.28433116515839,0,0,0,0,0,0,0
158.33432621606337,158.43431631787331,158.38432126696836,0,0,0,0,0,0,0
158.43431631787331,158.53430641968328,158.48431136877829,0,0,0,0,0,0,0
158.53430641968328,158.63429652149324,158.58430147058826,0,0,0,0,0,0,0
158.63429652149324,158.73428662330321,158.68429157239822,0,0,0,0,0,0,0
158.73428662330321,158.83427672511317,158.78428167420819,0,0,0,0,0,0,0
158.83427672511317,158.93426682692308,158.88427177601812,0,0,0,0,0,0,0
158.93426682692308,159.03425692873304,158.98426187782806,0,0,0,0,0,0,0
159.03425692873304,159.13424703054301,159.08425197963803,0,0,0,0,0,0,0
159.13424703054301,159.23423713235297,159.18424208144799,0,0,0,0,0,0,0
159.23423713235297,159.33422723416294,159.28423218325796,0,0,0,0,0,0,0
159.33422723416294,159.43421733597285,159.38422228506789,0,0,0,0,0,0,0
159.43421733597285,159.53420743778281,159.48421238687783,0,0,0,0,0,0,0
159.53420743778281,159.63419753959278,159.58420248868779,0,0,0,0,0,0,0
159.63419753959278,159.73418764140274,159.68419259049776,0,0,0,0,0,0,0
159.73418764140274,159.83417774321271,159.78418269230772,0,0,0,0,0,0,0
159.83417774321271,159.93416784502261,159.88417279411766,0,0,0,0,0,0,0
159.93416784502261,160.03415794683258,159.9841628959276,0,0,0,0,0,0,0
160.03415794683258,160.13414804864254,160.08415299773756,0,0,0,0,0,0,0
160.13414804864254,160.23413815045251,160.18414309954753,0,0,0,0,0,0,0
160.23413815045251,160.33412825226247,160.28413320135749,0,0,0,0,0,0,0
160.33412825226247,160.43411835407238,160.38412330316743,0,0,0,0,0,0,0
160.43411835407238,160.53410845588235,160.48411340497736,0,0,0,0,0,0,0
160.53410845588235,160.63409855769231,160.58410350678733,0,0,0,0,0,0,0
160.63409855769231,160.73408865950228,160.68409360859729,0,0,0,0,0,0,0
160.73408865950228,160.83407876131224,160.78408371040726,0,0,0,0,0,0,0
160.83407876131224,160.93406886312221,160.88407381221722,0,0,0,0,0,0,0
160.93406886312221,161.03405896493217,160.98406391402719,0,0,0,0,0,0,0
161.03405896493217,161.13404906674208,161.08405401583713,0,0,0,0,0,0,0
161.13404906674208,161.23403916855204,161.18404411764706,0,0,0,0,0,0,0
161.23403916855204,161.33402927036201,161.28403421945703,0,0,0,0,0,0,0
161.33402927036201,161.43401937217197,161.38402432126699,0,0,0,0,0,0,0
161.43401937217197,161.53400947398194,161.48401442307696,0,0,0,0,0,0,0
161.53400947398194,161.63399957579185,161.58400452488689,0,0,0,0,0,0,0
161.63399957579185,161.73398967760181,161.68399462669683,0,0,0,0,0,0,0
161.73398967760181,161.83397977941178,161.78398472850679,0,0,0,0,0,0,0
161.83397977941178,161.93396988122174,161.88397483031676,0,0,0,0,0,0,0
161.93396988122174,162.03395998303171,161.98396493212672,0,0,0,0,0,0,0
162.03395998303171,162.13395008484162,162.08395503393666,0,0,0,0,0,0,0
162.13395008484162,162.23394018665158,162.1839451357466,0,0,0,0,0,0,0
162.23394018665158,162.33393028846154,162.28393523755656,0,0,0,0,0,0,0
162.33393028846154,162.43392039027151,162.38392533936653,0,0,0,0,0,0,0
162.43392039027151,162.53391049208147,162.48391544117649,0,0,0,0,0,0,0
162.53391049208147,162.63390059389144,162.58390554298646,0,0,0,0,0,0,0
162.63390059389144,162.7338906957014,162.68389564479642,0,0,0,0,0,0,0
162.7338906957014,162.83388079751131,162.78388574660636,0,0,0,0,0,0,0
162.83388079751131,162.93387089932128,162.8838758484163,0,0,0,0,0,0,0
162.93387089932128,163.03386100113124,162.98386595022626,0,0,0,0,0,0,0
163.03386100113124,163.13385110294121,163.08385605203623,0,0,0,0,0,0,0
163.13385110294121,163.23384120475117,163.18384615384619,0,0,0,0,0,0,0
163.23384120475117,163.33383130656108,163.28383625565613,0,0,0,0,0,0,0
163.33383130656108,163.43382140837105,163.38382635746606,0,0,0,0,0,0,0
163.43382140837105,163.53381151018101,163.48381645927603,0,0,0,0,0,0,0
163.53381151018101,163.63380161199098,163.58380656108599,0,0,0,0,0,0,0
163.63380161199098,163.73379171380094,163.68379666289596,0,0,0,0,0,0,0
163.73379171380094,163.83378181561085,163.78378676470589,0,0,0,0,0,0,0
163.83378181561085,163.93377191742081,163.88377686651583,0,0,0,0,0,0,0
163.93377191742081,164.03376201923078,163.9837669683258,0,0,0,0,0,0,0
164.03376201923078,164.13375212104074,164.08375707013576,0,0,0,0,0,0,0
164.13375212104074,164.23374222285071,164.18374717194573,0,0,0,0,0,0,0
164.23374222285071,164.33373232466067,164.28373727375569,0,0,0,0,0,0,0
164.33373232466067,164.43372242647064,164.38372737556566,0,0,0,0,0,0,0
164.43372242647064,164.53371252828055,164.48371747737559,0,0,0,0,0,0,0
164.53371252828055,164.63370263009051,164.58370757918553,0,0,0,0,0,0,0
164.63370263009051,164.73369273190048,164.68369768099549,0,0,0,0,0,0,0
164.73369273190048,164.83368283371044,164.78368778280546,0,0,0,0,0,0,0
164.83368283371044,164.93367293552041,164.88367788461542,0,0,0,0,0,0,0
164.93367293552041,165.03366303733031,164.98366798642536,0,0,0,0,0,0,0
165.03366303733031,165.13365313914028,165.0836580882353,0,0,0,0,0,0,0
165.13365313914028,165.23364324095024,165.18364819004526,0,0,0,0,0,0,0
165.23364324095024,165.33363334276021,165.28363829185523,0,0,0,0,0,0,0
165.33363334276021,165.43362344457017,165.38362839366519,0,0,0,0,0,0,0
165.43362344457017,165.53361354638008,165.48361849547513,0,0,0,0,0,0,0
165.53361354638008,165.63360364819005,165.58360859728506,0,0,0,0,0,0,0
165.63360364819005,165.73359375000001,165.68359869909503,0,0,0,0,0,0,0
165.73359375000001,165.83358385180998,165.78358880090499,0,0,0,0,0,0,0
165.83358385180998,165.93357395361994,165.88357890271496,0,0,0,0,0,0,0
165.93357395361994,166.03356405542985,165.9835690045249,0,0,0,0,0,0,0
166.03356405542985,166.13355415723981,166.08355910633483,0,0,0,0,0,0,0
166.13355415723981,166.23354425904978,166.1835492081448,0,0,0,0,0,0,0
166.23354425904978,166.33353436085974,166.28353930995476,0,0,0,0,0,0,0
166.33353436085974,166.43352446266971,166.38352941176473,0,0,0,0,0,0,0
166.43352446266971,166.53351456447967,166.48351951357469,0,0,0,0,0,0,0
166.53351456447967,166.63350466628964,166.58350961538466,0,0,0,0,0,0,0
166.63350466628964,166.73349476809955,166.68349971719459,0,0,0,0,0,0,0
166.73349476809955,166.83348486990951,166.78348981900453,0,0,0,0,0,0,0
166.83348486990951,166.93347497171948,166.88347992081449,0,0,0,0,0,0,0
166.93347497171948,167.03346507352944,166.98347002262446,0,0,0,0,0,0,0
167.03346507352944,167.13345517533941,167.08346012443442,0,0,0,0,0,0,0
167.13345517533941,167.23344527714931,167.18345022624436,0,0,0,0,0,0,0
167.23344527714931,167.33343537895928,167.2834403280543,0,0,0,0,0,0,0
167.33343537895928,167.43342548076924,167.38343042986426,0,0,0,0,0,0,0
167.43342548076924,167.53341558257921,167.48342053167423,0,0,0,0,0,0,0
167.53341558257921,167.63340568438917,167.58341063348419,0,0,0,0,0,0,0
167.63340568438917,167.73339578619908,167.68340073529413,0,0,0,0,0,0,0
167.73339578619908,167.83338588800905,167.78339083710406,0,0,0,0,0,0,0
167.83338588800905,167.93337598981901,167.88338093891403,0,0,0,0,0,0,0
167.93337598981901,168.03336609162898,167.98337104072399,0,0,0,0,0,0,0
168.03336609162898,168.13335619343894,168.08336114253396,0,0,0,0,0,0,0
168.13335619343894,168.23334629524891,168.18335124434392,0,0,0,0,0,0,0
168.23334629524891,168.33333639705887,168.28334134615389,0,0,0,0,0,0,0
168.33333639705887,168.43332649886878,168.38333144796383,0,0,0,0,0,0,0
168.43332649886878,168.53331660067875,168.48332154977376,0,0,0,0,0,0,0
168.53331660067875,168.63330670248871,168.58331165158373,0,0,0,0,0,0,0
168.63330670248871,168.73329680429867,168.68330175339369,0,0,0,0,0,0,0
168.73329680429867,168.83328690610864,168.78329185520366,0,0,0,0,0,0,0
168.83328690610864,168.93327700791855,168.88328195701359,0,0,0,0,0,0,0
168.93327700791855,169.03326710972851,168.98327205882353,0,0,0,0,0,0,0
169.03326710972851,169.13325721153848,169.0832621606335,0,0,0,0,0,0,0
169.13325721153848,169.23324731334844,169.18325226244346,0,0,0,0,0,0,0
169.23324731334844,169.33323741515841,169.28324236425343,0,0,0,0,0,0,0
169.33323741515841,169.43322751696832,169.38323246606336,0,0,0,0,0,0,0
169.43322751696832,169.53321761877828,169.4832225678733,0,0,0,0,0,0,0
169.53321761877828,169.63320772058825,169.58321266968326,0,0,0,0,0,0,0
169.63320772058825,169.73319782239821,169.68320277149323,0,0,0,0,0,0,0
169.73319782239821,169.83318792420818,169.78319287330319,0,0,0,0,0,0,0
169.83318792420818,169.93317802601808,169.88318297511313,0,0,0,0,0,0,0
169.93317802601808,170.03316812782805,169.98317307692307,0,0,0,0,0,0,0
170.03316812782805,170.13315822963801,170.08316317873303,0,0,0,0,0,0,0
170.13315822963801,170.23314833144798,170.183153280543,0,0,0,0,0,0,0
170.23314833144798,170.33313843325794,170.28314338235296,0,0,0,0,0,0,0
170.33313843325794,170.43312853506791,170.38313348416293,0,0,0,0,0,0,0
170.43312853506791,170.53311863687787,170.48312358597289,0,0,0,0,0,0,0
170.53311863687787,170.63310873868778,170.58311368778283,0,0,0,0,0,0,0
170.63310873868778,170.73309884049775,170.68310378959276,0,0,0,0,0,0,0
170.73309884049775,170.83308894230771,170.78309389140273,0,0,0,0,0,0,0
170.83308894230771,170.93307904411768,170.88308399321269,0,0,0,0,0,0,0
170.93307904411768,171.03306914592764,170.98307409502266,0,0,0,0,0,0,0
171.03306914592764,171.13305924773755,171.08306419683259,0,0,0,0,0,0,0
171.13305924773755,171.23304934954751,171.18305429864253,0,0,0,0,0,0,0
171.23304934954751,171.33303945135748,171.2830444004525,0,0,0,0,0,0,0
171.33303945135748,171.43302955316744,171.38303450226246,0,0,0,0,0,0,0
171.43302955316744,171.53301965497741,171.48302460407243,0,0,0,0,0,0,0
171.53301965497741,171.63300975678732,171.58301470588236,0,0,0,0,0,0,0
171.63300975678732,171.73299985859728,171.6830048076923,0,0,0,0,0,0,0
171.73299985859728,171.83298996040725,171.78299490950226,0,0,0,0,0,0,0
171.83298996040725,171.93298006221721,171.88298501131223,0,0,0,0,0,0,0
171.93298006221721,172.03297016402718,171.98297511312219,0,0,0,0,0,0,0
172.03297016402718,172.13296026583714,172.08296521493216,0,0,0,0,0,0,0
172.13296026583714,172.23295036764711,172.18295531674212,0,0,0,0,0,0,0
172.23295036764711,172.33294046945701,172.28294541855206,0,0,0,0,0,0,0
172.33294046945701,172.43293057126698,172.382935520362,0,0,0,0,0,0,0
172.43293057126698,172.53292067307694,172.48292562217196,0,0,0,0,0,0,0
172.53292067307694,172.63291077488691,172.58291572398193,0,0,0,0,0,0,0
172.63291077488691,172.73290087669687,172.68290582579189,0,0,0,0,0,0,0
172.73290087669687,172.83289097850678,172.78289592760183,0,0,0,0,0,0,0
172.83289097850678,172.93288108031675,172.88288602941176,0,0,0,0,0,0,0
172.93288108031675,173.03287118212671,172.98287613122173,0,0,0,0,0,0,0
173.03287118212671,173.13286128393668,173.08286623303169,0,0,0,0,0,0,0
173.13286128393668,173.23285138574664,173.18285633484166,0,0,0,0,0,0,0
173.23285138574664,173.33284148755655,173.2828464366516,0,0,0,0,0,0,0
173.33284148755655,173.43283158936651,173.38283653846153,0,0,0,0,0,0,0
173.43283158936651,173.53282169117648,173.4828266402715,0,0,0,0,0,0,0
173.53282169117648,173.63281179298644,173.58281674208146,0,0,0,0,0,0,0
173.63281179298644,173.73280189479641,173.68280684389143,0,0,0,0,0,0,0
173.73280189479641,173.83279199660637,173.78279694570139,0,0,0,0,0,0,0
173.83279199660637,173.93278209841634,173.88278704751136,0,0,0,0,0,0,0
173.93278209841634,174.03277220022625,173.98277714932129,0,0,0,0,0,0,0
174.03277220022625,174.13276230203621,174.08276725113123,0,0,0,0,0,0,0
174.13276230203621,174.23275240384618,174.18275735294119,0,0,0,0,0,0,0
174.23275240384618,174.33274250565614,174.28274745475116,0,0,0,0,0,0,0
174.33274250565614,174.43273260746611,174.38273755656112,0,0,0,0,0,0,0
174.43273260746611,174.53272270927602,174.48272765837106,0,0,0,0,0,0,0
174.53272270927602,174.63271281108598,174.582717760181,0,0,0,0,0,0,0
174.63271281108598,174.73270291289595,174.68270786199096,0,0,0,0,0,0,0
174.73270291289595,174.83269301470591,174.78269796380093,0,0,0,0,0,0,0
174.83269301470591,174.93268311651588,174.88268806561089,0,0,0,0,0,0,0
174.93268311651588,175.03267321832578,174.98267816742083,0,0,0,0,0,0,0
175.03267321832578,175.13266332013575,175.08266826923077,0,0,0,0,0,0,0
175.13266332013575,175.23265342194571,175.18265837104073,0,0,0,0,0,0,0
175.23265342194571,175.33264352375568,175.2826484728507,0,0,0,0,0,0,0
175.33264352375568,175.43263362556564,175.38263857466066,0,0,0,0,0,0,0
175.43263362556564,175.53262372737555,175.4826286764706,0,0,0,0,0,0,0
175.53262372737555,175.63261382918552,175.58261877828053,0,0,0,0,0,0,0
175.63261382918552,175.73260393099548,175.6826088800905,0,0,0,0,0,0,0
175.73260393099548,175.83259403280545,175.78259898190046,0,0,0,0,0,0,0
175.83259403280545,175.93258413461541,175.88258908371043,0,0,0,0,0,0,0
175.93258413461541,176.03257423642538,175.98257918552039,0,0,0,0,0,0,0
176.03257423642538,176.13256433823534,176.08256928733036,0,0,0,0,0,0,0
176.13256433823534,176.23255444004525,176.18255938914029,0,0,0,0,0,0,0
176.23255444004525,176.33254454185521,176.28254949095023,0,0,0,0,0,0,0
176.33254454185521,176.43253464366518,176.3825395927602,0,0,0,0,0,0,0
176.43253464366518,176.53252474547514,176.48252969457016,0,0,0,0,0,0,0
176.53252474547514,176.63251484728511,176.58251979638013,0,0,0,0,0,0,0
176.63251484728511,176.73250494909502,176.68250989819006,0,0,0,0,0,0,0
176.73250494909502,176.83249505090498,176.7825,0,0,0,0,0,0,0
176.83249505090498,176.93248515271495,176.88249010180996,0,0,0,0,0,0,0
176.93248515271495,177.03247525452491,176.98248020361993,0,0,0,0,0,0,0
177.03247525452491,177.13246535633488,177.08247030542989,0,0,0,0,0,0,0
177.13246535633488,177.23245545814478,177.18246040723983,0,0,0,0,0,0,0
177.23245545814478,177.33244555995475,177.28245050904977,0,0,0,0,0,0,0
177.33244555995475,177.43243566176471,177.38244061085973,0,0,0,0,0,0,0
177.43243566176471,177.53242576357468,177.4824307126697,0,0,0,0,0,0,0
177.53242576357468,177.63241586538464,177.58242081447966,0,0,0,0,0,0,0
177.63241586538464,177.73240596719461,177.68241091628963,0,0,0,0,0,0,0
177.73240596719461,177.83239606900457,177.78240101809959,0,0,0,0,0,0,0
177.83239606900457,177.93238617081448,177.88239111990953,0,0,0,0,0,0,0
177.93238617081448,178.03237627262445,177.98238122171946,0,0,0,0,0,0,0
178.03237627262445,178.13236637443441,178.08237132352943,0,0,0,0,0,0,0
178.13236637443441,178.23235647624438,178.18236142533939,0,0,0,0,0,0,0
178.23235647624438,178.33234657805434,178.28235152714936,0,0,0,0,0,0,0
178.33234657805434,178.43233667986425,178.3823416289593,0,0,0,0,0,0,0
178.43233667986425,178.53232678167421,178.48233173076923,0,0,0,0,0,0,0
178.53232678167421,178.63231688348418,178.5823218325792,0,0,0,0,0,0,0
178.63231688348418,178.73230698529414,178.68231193438916,0,0,0,0,0,0,0
178.73230698529414,178.83229708710411,178.78230203619913,0,0,0,0,0,0,0
178.83229708710411,178.93228718891402,178.88229213800906,0,0,0,0,0,0,0
178.93228718891402,179.03227729072398,178.982282239819,0,0,0,0,0,0,0
179.03227729072398,179.13226739253395,179.08227234162896,0,0,0,0,0,0,0
179.13226739253395,179.23225749434391,179.18226244343893,0,0,0,0,0,0,0
179.23225749434391,179.33224759615388,179.28225254524889,0,0,0,0,0,0,0
179.33224759615388,179.43223769796379,179.38224264705883,0,0,0,0,0,0,0
179.43223769796379,179.53222779977375,179.48223274886877,0,0,0,0,0,0,0
179.53222779977375,179.63221790158372,179.58222285067873,0,0,0,0,0,0,0
179.63221790158372,179.73220800339368,179.6822129524887,0,0,0,0,0,0,0
179.73220800339368,179.83219810520364,179.78220305429866,0,0,0,0,0,0,0
179.83219810520364,179.93218820701361,179.88219315610863,0,0,0,0,0,0,0
179.93218820701361,180.03217830882357,179.98218325791859,0,0,0,0,0,0,0
180.03217830882357,180.13216841063348,180.08217335972853,0,0,0,0,0,0,0
180.13216841063348,180.23215851244345,180.18216346153847,0,0,0,0,0,0,0
180.23215851244345,180.33214861425341,180.28215356334843,0,0,0,0,0,0,0
180.33214861425341,180.43213871606338,180.3821436651584,0,0,0,0,0,0,0
180.43213871606338,180.53212881787334,180.48213376696836,0,0,0,0,0,0,0
180.53212881787334,180.63211891968325,180.5821238687783,0,0,0,0,0,0,0
180.63211891968325,180.73210902149322,180.68211397058823,0,0,0,0,0,0,0
180.73210902149322,180.83209912330318,180.7821040723982,0,0,0,0,0,0,0
180.83209912330318,180.93208922511315,180.88209417420816,0,0,0,0,0,0,0
180.93208922511315,181.03207932692311,180.98208427601813,0,0,0,0,0,0,0
181.03207932692311,181.13206942873302,181.08207437782806,0,0,0,0,0,0,0
181.13206942873302,181.23205953054298,181.182064479638,0,0,0,0,0,0,0
181.23205953054298,181.33204963235295,181.28205458144797,0,0,0,0,0,0,0
181.33204963235295,181.43203973416291,181.38204468325793,0,0,0,0,0,0,0
181.43203973416291,181.53202983597288,181.4820347850679,0,0,0,0,0,0,0
181.53202983597288,181.63201993778284,181.58202488687786,0,0,0,0,0,0,0
181.63201993778284,181.73201003959281,181.68201498868783,0,0,0,0,0,0,0
181.73201003959281,181.83200014140272,181.78200509049776,0,0,0,0,0,0,0
181.83200014140272,181.93199024321268,181.8819951923077,0,0,0,0,0,0,0
181.93199024321268,182.03198034502265,181.98198529411766,0,0,0,0,0,0,0
182.03198034502265,182.13197044683261,182.08197539592763,0,0,0,0,0,0,0
182.13197044683261,182.23196054864258,182.18196549773759,0,0,0,0,0,0,0
182.23196054864258,182.33195065045248,182.28195559954753,0,0,0,0,0,0,0
182.33195065045248,182.43194075226245,182.38194570135747,0,0,0,0,0,0,0
182.43194075226245,182.53193085407241,182.48193580316743,0,0,0,0,0,0,0
182.53193085407241,182.63192095588238,182.5819259049774,0,0,0,0,0,0,0
182.63192095588238,182.73191105769234,182.68191600678736,0,0,0,0,0,0,0
182.73191105769234,182.83190115950225,182.7819061085973,0,0,0,0,0,0,0
182.83190115950225,182.93189126131222,182.88189621040723,0,0,0,0,0,0,0
182.93189126131222,183.03188136312218,182.9818863122172,0,0,0,0,0,0,0
183.03188136312218,183.13187146493215,183.08187641402716,0,0,0,0,0,0,0
183.13187146493215,183.23186156674211,183.18186651583713,0,0,0,0,0,0,0
183.23186156674211,183.33185166855208,183.28185661764709,0,0,0,0,0,0,0
183.33185166855208,183.43184177036204,183.38184671945706,0,0,0,0,0,0,0
183.43184177036204,183.53183187217195,183.481836821267,0,0,0,0,0,0,0
183.53183187217195,183.63182197398191,183.58182692307693,0,0,0,0,0,0,0
183.63182197398191,183.73181207579188,183.6818170248869,0,0,0,0,0,0,0
183.73181207579188,183.83180217760184,183.78180712669686,0,0,0,0,0,0,0
183.83180217760184,183.93179227941181,183.88179722850683,0,0,0,0,0,0,0
183.93179227941181,184.03178238122172,183.98178733031676,0,0,0,0,0,0,0
184.03178238122172,184.13177248303168,184.0817774321267,0,0,0,0,0,0,0
184.13177248303168,184.23176258484165,184.18176753393666,0,0,0,0,0,0,0
184.23176258484165,184.33175268665161,184.28175763574663,0,0,0,0,0,0,0
184.33175268665161,184.43174278846158,184.38174773755659,0,0,0,0,0,0,0
184.43174278846158,184.53173289027148,184.48173783936653,0,0,0,0,0,0,0
184.53173289027148,184.63172299208145,184.58172794117647,0,0,0,0,0,0,0
184.63172299208145,184.73171309389141,184.68171804298643,0,0,0,0,0,0,0
184.73171309389141,184.83170319570138,184.7817081447964,0,0,0,0,0,0,0
184.83170319570138,184.93169329751134,184.88169824660636,0,0,0,0,0,0,0
184.93169329751134,185.03168339932125,184.9816883484163,0,0,0,0,0,0,0
185.03168339932125,185.13167350113122,185.08167845022624,0,0,0,0,0,0,0
185.13167350113122,185.23166360294118,185.1816685520362,0,0,0,0,0,0,0
185.23166360294118,185.33165370475115,185.28165865384616,0,0,0,0,0,0,0
185.33165370475115,185.43164380656111,185.38164875565613,0,0,0,0,0,0,0
185.43164380656111,185.53163390837108,185.48163885746609,0,0,0,0,0,0,0
185.53163390837108,185.63162401018104,185.58162895927606,0,0,0,0,0,0,0
185.63162401018104,185.73161411199095,185.681619061086,0,0,0,0,0,0,0
185.73161411199095,185.83160421380092,185.78160916289593,0,0,0,0,0,0,0
185.83160421380092,185.93159431561088,185.8815992647059,0,0,0,0,0,0,0
185.93159431561088,186.03158441742085,185.98158936651586,0,0,0,0,0,0,0
186.03158441742085,186.13157451923081,186.08157946832583,0,0,0,0,0,0,0
186.13157451923081,186.23156462104072,186.18156957013576,0,0,0,0,0,0,0
186.23156462104072,186.33155472285068,186.2815596719457,0,0,0,0,0,0,0
186.33155472285068,186.43154482466065,186.38154977375567,0,0,0,0,0,0,0
186.43154482466065,186.53153492647061,186.48153987556563,0,0,0,0,0,0,0
186.53153492647061,186.63152502828058,186.5815299773756,0,0,0,0,0,0,0
186.63152502828058,186.73151513009049,186.68152007918553,0,0,0,0,0,0,0
186.73151513009049,186.83150523190045,186.78151018099547,0,0,0,0,0,0,0
186.83150523190045,186.93149533371042,186.88150028280543,0,0,0,0,0,0,0
186.93149533371042,187.03148543552038,186.9814903846154,0,0,0,0,0,0,0
187.03148543552038,187.13147553733035,187.08148048642536,0,0,0,0,0,0,0
187.13147553733035,187.23146563914031,187.18147058823533,0,0,0,0,0,0,0
187.23146563914031,187.33145574095028,187.28146069004529,0,0,0,0,0,0,0
187.33145574095028,187.43144584276018,187.38145079185523,0,0,0,0,0,0,0
187.43144584276018,187.53143594457015,187.48144089366517,0,0,0,0,0,0,0
187.53143594457015,187.63142604638011,187.58143099547513,0,0,0,0,0,0,0
187.63142604638011,187.73141614819008,187.6814210972851,0,0,0,0,0,0,0
187.73141614819008,187.83140625000004,187.78141119909506,0,0,0,0,0,0,0
187.83140625000004,187.93139635180995,187.881401300905,0,0,0,0,0,0,0
187.93139635180995,188.03138645361992,187.98139140271493,0,0,0,0,0,0,0
188.03138645361992,188.13137655542988,188.0813815045249,0,0,0,0,0,0,0
188.13137655542988,188.23136665723985,188.18137160633486,0,0,0,0,0,0,0
188.23136665723985,188.33135675904981,188.28136170814483,0,0,0,0,0,0,0
188.33135675904981,188.43134686085972,188.38135180995477,0,0,0,0,0,0,0
188.43134686085972,188.53133696266968,188.4813419117647,0,0,0,0,0,0,0
188.53133696266968,188.63132706447965,188.58133201357467,0,0,0,0,0,0,0
188.63132706447965,188.73131716628961,188.68132211538463,0,0,0,0,0,0,0
188.73131716628961,188.83130726809958,188.7813122171946,0,0,0,0,0,0,0
188.83130726809958,188.93129736990949,188.88130231900453,0,0,0,0,0,0,0
188.93129736990949,189.03128747171945,188.98129242081447,0,0,0,0,0,0,0
189.03128747171945,189.13127757352942,189.08128252262443,0,0,0,0,0,0,0
189.13127757352942,189.23126767533938,189.1812726244344,0,0,0,0,0,0,0
189.23126767533938,189.33125777714935,189.28126272624436,0,0,0,0,0,0,0
189.33125777714935,189.43124787895931,189.38125282805433,0,0,0,0,0,0,0
189.43124787895931,189.53123798076928,189.48124292986429,0,0,0,0,0,0,0
189.53123798076928,189.63122808257918,189.58123303167423,0,0,0,0,0,0,0
189.63122808257918,189.73121818438915,189.68122313348417,0,0,0,0,0,0,0
189.73121818438915,189.83120828619911,189.78121323529413,0,0,0,0,0,0,0
189.83120828619911,189.93119838800908,189.8812033371041,0,0,0,0,0,0,0
189.93119838800908,190.03118848981904,189.98119343891406,0,0,0,0,0,0,0
190.03118848981904,190.13117859162895,190.081183540724,0,0,0,0,0,0,0
190.13117859162895,190.23116869343892,190.18117364253393,0,0,0,0,0,0,0
190.23116869343892,190.33115879524888,190.2811637443439,0,0,0,0,0,0,0
190.33115879524888,190.43114889705885,190.38115384615386,0,0,0,0,0,0,0
190.43114889705885,190.53113899886881,190.48114394796383,0,0,0,0,0,0,0
190.53113899886881,190.63112910067872,190.58113404977377,0,0,0,0,0,0,0
190.63112910067872,190.73111920248869,190.6811241515837,0,0,0,0,0,0,0
190.73111920248869,190.83110930429865,190.78111425339367,0,0,0,0,0,0,0
190.83110930429865,190.93109940610861,190.88110435520363,0,0,0,0,0,0,0
190.93109940610861,191.03108950791858,190.9810944570136,0,0,0,0,0,0,0
191.03108950791858,191.13107960972854,191.08108455882356,0,0,0,0,0,0,0
191.13107960972854,191.23106971153851,191.18107466063353,0,0,0,0,0,0,0
191.23106971153851,191.33105981334842,191.28106476244346,0,0,0,0,0,0,0
191.33105981334842,191.43104991515838,191.3810548642534,0,0,0,0,0,0,0
191.43104991515838,191.53104001696835,191.48104496606337,0,0,0,0,0,0,0
191.53104001696835,191.63103011877831,191.58103506787333,0,0,0,0,0,0,0
191.63103011877831,191.73102022058828,191.68102516968329,0,0,0,0,0,0,0
191.73102022058828,191.83101032239819,191.78101527149323,0,0,0,0,0,0,0
191.83101032239819,191.93100042420815,191.88100537330317,0,0,0,0,0,0,0
191.93100042420815,192.03099052601812,191.98099547511313,0,0,0,0,0,0,0
192.03099052601812,192.13098062782808,192.0809855769231,0,0,0,0,0,0,0
192.13098062782808,192.23097072963805,192.18097567873306,0,0,0,0,0,0,0
192.23097072963805,192.33096083144795,192.280965780543,0,0,0,0,0,0,0
192.33096083144795,192.43095093325792,192.38095588235294,0,0,0,0,0,0,0
192.43095093325792,192.53094103506788,192.4809459841629,0,0,0,0,0,0,0
192.53094103506788,192.63093113687785,192.58093608597287,0,0,0,0,0,0,0
192.63093113687785,192.73092123868781,192.68092618778283,0,0,0,0,0,0,0
192.73092123868781,192.83091134049778,192.7809162895928,0,0,0,0,0,0,0
192.83091134049778,192.93090144230774,192.88090639140276,0,0,0,0,0,0,0
192.93090144230774,193.03089154411765,192.9808964932127,0,0,0,0,0,0,0
193.03089154411765,193.13088164592762,193.08088659502263,0,0,0,0,0,0,0
193.13088164592762,193.23087174773758,193.1808766968326,0,0,0,0,0,0,0
193.23087174773758,193.33086184954755,193.28086679864256,0,0,0,0,0,0,0
193.33086184954755,193.43085195135751,193.38085690045253,0,0,0,0,0,0,0
193.43085195135751,193.53084205316742,193.48084700226246,0,0,0,0,0,0,0
193.53084205316742,193.63083215497738,193.5808371040724,0,0,0,0,0,0,0
193.63083215497738,193.73082225678735,193.68082720588237,0,0,0,0,0,0,0
193.73082225678735,193.83081235859731,193.78081730769233,0,0,0,0,0,0,0
193.83081235859731,193.93080246040728,193.8808074095023,0,0,0,0,0,0,0
193.93080246040728,194.03079256221719,193.98079751131223,0,0,0,0,0,0,0
194.03079256221719,194.13078266402715,194.08078761312217,0,0,0,0,0,0,0
194.13078266402715,194.23077276583712,194.18077771493213,0,0,0,0,0,0,0
194.23077276583712,194.33076286764708,194.2807678167421,0,0,0,0,0,0,0
194.33076286764708,194.43075296945705,194.38075791855206,0,0,0,0,0,0,0
194.43075296945705,194.53074307126695,194.480748020362,0,0,0,0,0,0,0
194.53074307126695,194.63073317307692,194.58073812217194,0,0,0,0,0,0,0
194.63073317307692,194.73072327488688,194.6807282239819,0,0,0,0,0,0,0
194.73072327488688,194.83071337669685,194.78071832579187,0,0,0,0,0,0,0
194.83071337669685,194.93070347850681,194.88070842760183,0,0,0,0,0,0,0
194.93070347850681,195.03069358031678,194.9806985294118,0,0,0,0,0,0,0
195.03069358031678,195.13068368212674,195.08068863122176,0,0,0,0,0,0,0
195.13068368212674,195.23067378393665,195.1806787330317,0,0,0,0,0,0,0
195.23067378393665,195.33066388574662,195.28066883484163,0,0,0,0,0,0,0
195.33066388574662,195.43065398755658,195.3806589366516,0,0,0,0,0,0,0
195.43065398755658,195.53064408936655,195.48064903846156,0,0,0,0,0,0,0
195.53064408936655,195.63063419117651,195.58063914027153,0,0,0,0,0,0,0
195.63063419117651,195.73062429298642,195.68062924208147,0,0,0,0,0,0,0
195.73062429298642,195.83061439479638,195.7806193438914,0,0,0,0,0,0,0
195.83061439479638,195.93060449660635,195.88060944570137,0,0,0,0,0,0,0
195.93060449660635,196.03059459841631,195.98059954751133,0,0,0,0,0,0,0
196.03059459841631,196.13058470022628,196.0805896493213,0,0,0,0,0,0,0
196.13058470022628,196.23057480203619,196.18057975113123,0,0,0,0,0,0,0
196.23057480203619,196.33056490384615,196.28056985294117,0,0,0,0,0,0,0
196.33056490384615,196.43055500565612,196.38055995475113,0,0,0,0,0,0,0
196.43055500565612,196.53054510746608,196.4805500565611,0,0,0,0,0,0,0
196.53054510746608,196.63053520927605,196.58054015837106,0,0,0,0,0,0,0
196.63053520927605,196.73052531108601,196.68053026018103,0,0,0,0,0,0,0
196.73052531108601,196.83051541289598,196.78052036199099,0,0,0,0,0,0,0
196.83051541289598,196.93050551470589,196.88051046380093,0,0,0,0,0,0,0
196.93050551470589,197.03049561651585,196.98050056561087,0,0,0,0,0,0,0
197.03049561651585,197.13048571832582,197.08049066742083,0,0,0,0,0,0,0
197.13048571832582,197.23047582013578,197.1804807692308,0,0,0,0,0,0,0
197.23047582013578,197.33046592194574,197.28047087104076,0,0,0,0,0,0,0
197.33046592194574,197.43045602375565,197.3804609728507,0,0,0,0,0,0,0
197.43045602375565,197.53044612556562,197.48045107466064,0,0,0,0,0,0,0
197.53044612556562,197.63043622737558,197.5804411764706,0,0,0,0,0,0,0
197.63043622737558,197.73042632918555,197.68043127828057,0,0,0,0,0,0,0
197.73042632918555,197.83041643099551,197.78042138009053,0,0,0,0,0,0,0
197.83041643099551,197.93040653280542,197.88041148190047,0,0,0,0,0,0,0
197.93040653280542,198.03039663461539,197.9804015837104,0,0,0,0,0,0,0
198.03039663461539,198.13038673642535,198.08039168552037,0,0,0,0,0,0,0
198.13038673642535,198.23037683823532,198.18038178733033,0,0,0,0,0,0,0
198.23037683823532,198.33036694004528,198.2803718891403,0,0,0,0,0,0,0
198.33036694004528,198.43035704185519,198.38036199095023,0,0,0,0,0,0,0
198.43035704185519,198.53034714366515,198.48035209276017,0,0,0,0,0,0,0
198.53034714366515,198.63033724547512,198.58034219457014,0,0,0,0,0,0,0
198.63033724547512,198.73032734728508,198.6803322963801,0,0,0,0,0,0,0
198.73032734728508,198.83031744909505,198.78032239819007,0,0,0,0,0,0,0
198.83031744909505,198.93030755090501,198.88031250000003,0,0,0,0,0,0,0
198.93030755090501,199.03029765271498,198.98030260181,0,0,0,0,0,0,0
199.03029765271498,199.13028775452489,199.08029270361993,0,0,0,0,0,0,0
199.13028775452489,199.23027785633485,199.18028280542987,0,0,0,0,0,0,0
199.23027785633485,199.33026795814482,199.28027290723983,0,0,0,0,0,0,0
199.33026795814482,199.43025805995478,199.3802630090498,0,0,0,0,0,0,0
199.43025805995478,199.53024816176475,199.48025311085976,0,0,0,0,0,0,0
199.53024816176475,199.63023826357465,199.5802432126697,0,0,0,0,0,0,0
199.63023826357465,199.73022836538462,199.68023331447964,0,0,0,0,0,0,0
199.73022836538462,199.83021846719458,199.7802234162896,0,0,0,0,0,0,0
199.83021846719458,199.93020856900455,199.88021351809957,0,0,0,0,0,0,0
199.93020856900455,200.03019867081451,199.98020361990953,0,0,0,0,0,0,0
200.03019867081451,200.13018877262442,200.08019372171947,0,0,0,0,0,0,0
200.13018877262442,200.23017887443439,200.1801838235294,0,0,0,0,0,0,0
200.23017887443439,200.33016897624435,200.28017392533937,0,0,0,0,0,0,0
200.33016897624435,200.43015907805432,200.38016402714933,0,0,0,0,0,0,0
200.43015907805432,200.53014917986428,200.4801541289593,0,0,0,0,0,0,0
200.53014917986428,200.63013928167425,200.58014423076926,0,0,0,0,0,0,0
200.63013928167425,200.73012938348421,200.68013433257923,0,0,0,0,0,0,0
200.73012938348421,200.83011948529412,200.78012443438917,0,0,0,0,0,0,0
200.83011948529412,200.93010958710408,200.8801145361991,0,0,0,0,0,0,0
200.93010958710408,201.03009968891405,200.98010463800907,0,0,0,0,0,0,0
201.03009968891405,201.13008979072401,201.08009473981903,0,0,0,0,0,0,0
201.13008979072401,201.23007989253398,201.180084841629,0,0,0,0,0,0,0
201.23007989253398,201.33006999434389,201.28007494343893,0,0,0,0,0,0,0
201.33006999434389,201.43006009615385,201.38006504524887,0,0,0,0,0,0,0
201.43006009615385,201.53005019796382,201.48005514705883,0,0,0,0,0,0,0
201.53005019796382,201.63004029977378,201.5800452488688,0,0,0,0,0,0,0
201.63004029977378,201.73003040158375,201.68003535067876,0,0,0,0,0,0,0
201.73003040158375,201.83002050339365,201.7800254524887,0,0,0,0,0,0,0
201.83002050339365,201.93001060520362,201.88001555429864,0,0,0,0,0,0,0
201.93001060520362,202.03000070701358,201.9800056561086,0,0,0,0,0,0,0
202.03000070701358,202.12999080882355,202.07999575791857,0,0,0,0,0,0,0
202.12999080882355,202.22998091063351,202.17998585972853,0,0,0,0,0,0,0
202.22998091063351,202.32997101244348,202.2799759615385,0,0,0,0,0,0,0
202.32997101244348,202.42996111425344,202.37996606334846,0,0,0,0,0,0,0
202.42996111425344,202.52995121606335,202.4799561651584,0,0,0,0,0,0,0
202.52995121606335,202.62994131787332,202.57994626696834,0,0,0,0,0,0,0
202.62994131787332,202.72993141968328,202.6799363687783,0,0,0,0,0,0,0
202.72993141968328,202.82992152149325,202.77992647058826,0,0,0,0,0,0,0
202.82992152149325,202.92991162330321,202.87991657239823,0,0,0,0,0,0,0
202.92991162330321,203.02990172511312,202.97990667420817,0,0,0,0,0,0,0
203.02990172511312,203.12989182692309,203.0798967760181,0,0,0,0,0,0,0
203.12989182692309,203.22988192873305,203.17988687782807,0,0,0,0,0,0,0
203.22988192873305,203.32987203054302,203.27987697963803,0,0,0,0,0,0,0
203.32987203054302,203.42986213235298,203.379867081448,0,0,0,0,0,0,0
203.42986213235298,203.52985223416289,203.47985718325793,0,0,0,0,0,0,0
203.52985223416289,203.62984233597285,203.57984728506787,0,0,0,0,0,0,0
203.62984233597285,203.72983243778282,203.67983738687784,0,0,0,0,0,0,0
203.72983243778282,203.82982253959278,203.7798274886878,0,0,0,0,0,0,0
203.82982253959278,203.92981264140275,203.87981759049777,0,0,0,0,0,0,0
203.92981264140275,204.02980274321266,203.9798076923077,0,0,0,0,0,0,0
204.02980274321266,204.12979284502262,204.07979779411764,0,0,0,0,0,0,0
204.12979284502262,204.22978294683259,204.1797878959276,0,0,0,0,0,0,0
204.22978294683259,204.32977304864255,204.27977799773757,0,0,0,0,0,0,0
204.32977304864255,204.42976315045252,204.37976809954753,0,0,0,0,0,0,0
204.42976315045252,204.52975325226248,204.4797582013575,0,0,0,0,0,0,0
204.52975325226248,204.62974335407245,204.57974830316746,0,0,0,0,0,0,0
204.62974335407245,204.72973345588235,204.6797384049774,0,0,0,0,0,0,0
204.72973345588235,204.82972355769232,204.77972850678734,0,0,0,0,0,0,0
204.82972355769232,204.92971365950228,204.8797186085973,0,0,0,0,0,0,0
204.92971365950228,205.02970376131225,204.97970871040727,0,0,0,0,0,0,0
205.02970376131225,205.12969386312221,205.07969881221723,0,0,0,0,0,0,0
205.12969386312221,205.22968396493212,205.17968891402717,0,0,0,0,0,0,0
205.22968396493212,205.32967406674209,205.2796790158371,0,0,0,0,0,0,0
205.32967406674209,205.42966416855205,205.37966911764707,0,0,0,0,0,0,0
205.42966416855205,205.52965427036202,205.47965921945703,0,0,0,0,0,0,0
205.52965427036202,205.62964437217198,205.579649321267,0,0,0,0,0,0,0
205.62964437217198,205.72963447398189,205.67963942307694,0,0,0,0,0,0,0
205.72963447398189,205.82962457579185,205.77962952488687,0,0,0,0,0,0,0
205.82962457579185,205.92961467760182,205.87961962669684,0,0,0,0,0,0,0
205.92961467760182,206.02960477941178,205.9796097285068,0,0,0,0,0,0,0
206.02960477941178,206.12959488122175,206.07959983031677,0,0,0,0,0,0,0
206.12959488122175,206.22958498303171,206.17958993212673,0,0,0,0,0,0,0
206.22958498303171,206.32957508484168,206.2795800339367,0,0,0,0,0,0,0
206.32957508484168,206.42956518665159,206.37957013574663,0,0,0,0,0,0,0
206.42956518665159,206.52955528846155,206.47956023755657,0,0,0,0,0,0,0
206.52955528846155,206.62954539027152,206.57955033936653,0,0,0,0,0,0,0
206.62954539027152,206.72953549208148,206.6795404411765,0,0,0,0,0,0,0
206.72953549208148,206.82952559389145,206.77953054298646,0,0,0,0,0,0,0
206.82952559389145,206.92951569570135,206.8795206447964,0,0,0,0,0,0,0
206.92951569570135,207.02950579751132,206.97951074660634,0,0,0,0,0,0,0
207.02950579751132,207.12949589932128,207.0795008484163,0,0,0,0,0,0,0
207.12949589932128,207.22948600113125,207.17949095022627,0,0,0,0,0,0,0
207.22948600113125,207.32947610294121,207.27948105203623,0,0,0,0,0,0,0
207.32947610294121,207.42946620475112,207.37947115384617,0,0,0,0,0,0,0
207.42946620475112,207.52945630656109,207.4794612556561,0,0,0,0,0,0,0
207.52945630656109,207.62944640837105,207.57945135746607,0,0,0,0,0,0,0
207.62944640837105,207.72943651018102,207.67944145927603,0,0,0,0,0,0,0
207.72943651018102,207.82942661199098,207.779431561086,0,0,0,0,0,0,0
207.82942661199098,207.92941671380089,207.87942166289594,0,0,0,0,0,0,0
207.92941671380089,208.02940681561086,207.97941176470587,0,0,0,0,0,0,0
208.02940681561086,208.12939691742082,208.07940186651584,0,0,0,0,0,0,0
208.12939691742082,208.22938701923078,208.1793919683258,0,0,0,0,0,0,0
208.22938701923078,208.32937712104075,208.27938207013577,0,0,0,0,0,0,0
208.32937712104075,208.42936722285071,208.37937217194573,0,0,0,0,0,0,0
208.42936722285071,208.52935732466068,208.4793622737557,0,0,0,0,0,0,0
208.52935732466068,208.62934742647059,208.57935237556563,0,0,0,0,0,0,0
208.62934742647059,208.72933752828055,208.67934247737557,0,0,0,0,0,0,0
208.72933752828055,208.82932763009052,208.77933257918554,0,0,0,0,0,0,0
208.82932763009052,208.92931773190048,208.8793226809955,0,0,0,0,0,0,0
208.92931773190048,209.02930783371045,208.97931278280547,0,0,0,0,0,0,0
209.02930783371045,209.12929793552036,209.0793028846154,0,0,0,0,0,0,0
209.12929793552036,209.22928803733032,209.17929298642534,0,0,0,0,0,0,0
209.22928803733032,209.32927813914029,209.2792830882353,0,0,0,0,0,0,0
209.32927813914029,209.42926824095025,209.37927319004527,0,0,0,0,0,0,0
209.42926824095025,209.52925834276022,209.47926329185523,0,0,0,0,0,0,0
209.52925834276022,209.62924844457012,209.57925339366517,0,0,0,0,0,0,0
209.62924844457012,209.72923854638009,209.67924349547511,0,0,0,0,0,0,0
209.72923854638009,209.82922864819005,209.77923359728507,0,0,0,0,0,0,0
209.82922864819005,209.92921875000002,209.87922369909504,0,0,0,0,0,0,0
209.92921875000002,210.02920885180998,209.979213800905,0,0,0,0,0,0,0
210.02920885180998,210.12919895361995,210.07920390271497,0,0,0,0,0,0,0
210.12919895361995,210.22918905542991,210.17919400452493,0,0,0,0,0,0,0
210.22918905542991,210.32917915723982,210.27918410633487,0,0,0,0,0,0,0
210.32917915723982,210.42916925904979,210.3791742081448,0,0,0,0,0,0,0
210.42916925904979,210.52915936085975,210.47916430995477,0,0,0,0,0,0,0
210.52915936085975,210.62914946266972,210.57915441176473,0,0,0,0,0,0,0
210.62914946266972,210.72913956447968,210.6791445135747,0,0,0,0,0,0,0
210.72913956447968,210.82912966628959,210.77913461538463,0,0,0,0,0,0,0
210.82912966628959,210.92911976809955,210.87912471719457,0,0,0,0,0,0,0
210.92911976809955,211.02910986990952,210.97911481900454,0,0,0,0,0,0,0
211.02910986990952,211.12909997171948,211.0791049208145,0,0,0,0,0,0,0
211.12909997171948,211.22909007352945,211.17909502262447,0,0,0,0,0,0,0
211.22909007352945,211.32908017533936,211.2790851244344,0,0,0,0,0,0,0
211.32908017533936,211.42907027714932,211.37907522624434,0,0,0,0,0,0,0
211.42907027714932,211.52906037895929,211.4790653280543,0,0,0,0,0,0,0
211.52906037895929,211.62905048076925,211.57905542986427,0,0,0,0,0,0,0
211.62905048076925,211.72904058257922,211.67904553167423,0,0,0,0,0,0,0
211.72904058257922,211.82903068438918,211.7790356334842,0,0,0,0,0,0,0
211.82903068438918,211.92902078619915,211.87902573529416,0,0,0,0,0,0,0
211.92902078619915,212.02901088800905,211.9790158371041,0,0,0,0,0,0,0
212.02901088800905,212.12900098981902,212.07900593891404,0,0,0,0,0,0,0
212.12900098981902,212.22899109162898,212.178996040724,0,0,0,0,0,0,0
212.22899109162898,212.32898119343895,212.27898614253397,0,0,0,0,0,0,0
212.32898119343895,212.42897129524891,212.37897624434393,0,0,0,0,0,0,0
212.42897129524891,212.52896139705882,212.47896634615387,0,0,0,0,0,0,0
212.52896139705882,212.62895149886879,212.5789564479638,0,0,0,0,0,0,0
212.62895149886879,212.72894160067875,212.67894654977377,0,0,0,0,0,0,0
212.72894160067875,212.82893170248872,212.77893665158373,0,0,0,0,0,0,0
212.82893170248872,212.92892180429868,212.8789267533937,0,0,0,0,0,0,0
212.92892180429868,213.02891190610859,212.97891685520364,0,0,0,0,0,0,0
213.02891190610859,213.12890200791855,213.07890695701357,0,0,0,0,0,0,0
213.12890200791855,213.22889210972852,213.17889705882354,0,0,0,0,0,0,0
213.22889210972852,213.32888221153848,213.2788871606335,0,0,0,0,0,0,0
213.32888221153848,213.42887231334845,213.37887726244347,0,0,0,0,0,0,0
213.42887231334845,213.52886241515836,213.4788673642534,0,0,0,0,0,0,0
213.52886241515836,213.62885251696832,213.57885746606334,0,0,0,0,0,0,0
213.62885251696832,213.72884261877829,213.67884756787331,0,0,0,0,0,0,0
213.72884261877829,213.82883272058825,213.77883766968327,0,0,0,0,0,0,0
213.82883272058825,213.92882282239822,213.87882777149323,0,0,0,0,0,0,0
213.92882282239822,214.02881292420818,213.9788178733032,0,0,0,0,0,0,0
214.02881292420818,214.12880302601815,214.07880797511316,0,0,0,0,0,0,0
214.12880302601815,214.22879312782806,214.1787980769231,0,0,0,0,0,0,0
214.22879312782806,214.32878322963802,214.27878817873304,0,0,0,0,0,0,0
214.32878322963802,214.42877333144799,214.378778280543,0,0,0,0,0,0,0
214.42877333144799,214.52876343325795,214.47876838235297,0,0,0,0,0,0,0
214.52876343325795,214.62875353506791,214.57875848416293,0,0,0,0,0,0,0
214.62875353506791,214.72874363687782,214.67874858597287,0,0,0,0,0,0,0
214.72874363687782,214.82873373868779,214.77873868778281,0,0,0,0,0,0,0
214.82873373868779,214.92872384049775,214.87872878959277,0,0,0,0,0,0,0
214.92872384049775,215.02871394230772,214.97871889140274,0,0,0,0,0,0,0
215.02871394230772,215.12870404411768,215.0787089932127,0,0,0,0,0,0,0
215.12870404411768,215.22869414592759,215.17869909502264,0,0,0,0,0,0,0
215.22869414592759,215.32868424773756,215.27868919683257,0,0,0,0,0,0,0
215.32868424773756,215.42867434954752,215.37867929864254,0,0,0,0,0,0,0
215.42867434954752,215.52866445135749,215.4786694004525,0,0,0,0,0,0,0
215.52866445135749,215.62865455316745,215.57865950226247,0,0,0,0,0,0,0
215.62865455316745,215.72864465497742,215.67864960407243,0,0,0,0,0,0,0
215.72864465497742,215.82863475678738,215.7786397058824,0,0,0,0,0,0,0
215.82863475678738,215.92862485859729,215.87862980769233,0,0,0,0,0,0,0
215.92862485859729,216.02861496040725,215.97861990950227,0,0,0,0,0,0,0
216.02861496040725,216.12860506221722,216.07861001131224,0,0,0,0,0,0,0
216.12860506221722,216.22859516402718,216.1786001131222,0,0,0,0,0,0,0
216.22859516402718,216.32858526583715,216.27859021493217,0,0,0,0,0,0,0
216.32858526583715,216.42857536764706,216.3785803167421,0,0,0,0,0,0,0
216.42857536764706,216.52856546945702,216.47857041855204,0,0,0,0,0,0,0
216.52856546945702,216.62855557126699,216.578560520362,0,0,0,0,0,0,0
216.62855557126699,216.72854567307695,216.67855062217197,0,0,0,0,0,0,0
216.72854567307695,216.82853577488692,216.77854072398193,0,0,0,0,0,0,0
216.82853577488692,216.92852587669682,216.87853082579187,0,0,0,0,0,0,0
216.92852587669682,217.02851597850679,216.97852092760181,0,0,0,0,0,0,0
217.02851597850679,217.12850608031675,217.07851102941177,0,0,0,0,0,0,0
217.12850608031675,217.22849618212672,217.17850113122174,0,0,0,0,0,0,0
217.22849618212672,217.32848628393668,217.2784912330317,0,0,0,0,0,0,0
217.32848628393668,217.42847638574659,217.37848133484164,0,0,0,0,0,0,0
217.42847638574659,217.52846648755656,217.47847143665157,0,0,0,0,0,0,0
217.52846648755656,217.62845658936652,217.57846153846154,0,0,0,0,0,0,0
217.62845658936652,217.72844669117649,217.6784516402715,0,0,0,0,0,0,0
217.72844669117649,217.82843679298645,217.77844174208147,0,0,0,0,0,0,0
217.82843679298645,217.92842689479642,217.87843184389143,0,0,0,0,0,0,0
217.92842689479642,218.02841699660638,217.9784219457014,0,0,0,0,0,0,0
218.02841699660638,218.12840709841629,218.07841204751134,0,0,0,0,0,0,0
218.12840709841629,218.22839720022625,218.17840214932127,0,0,0,0,0,0,0
218.22839720022625,218.32838730203622,218.27839225113124,0,0,0,0,0,0,0
218.32838730203622,218.42837740384618,218.3783823529412,0,0,0,0,0,0,0
218.42837740384618,218.52836750565615,218.47837245475117,0,0,0,0,0,0,0
218.52836750565615,218.62835760746606,218.5783625565611,0,0,0,0,0,0,0
218.62835760746606,218.72834770927602,218.67835265837104,0,0,0,0,0,0,0
218.72834770927602,218.82833781108599,218.778342760181,0,0,0,0,0,0,0
218.82833781108599,218.92832791289595,218.87833286199097,0,0,0,0,0,0,0
218.92832791289595,219.02831801470592,218.97832296380093,0,0,0,0,0,0,0
219.02831801470592,219.12830811651583,219.07831306561087,0,0,0,0,0,0,0
219.12830811651583,219.22829821832579,219.17830316742081,0,0,0,0,0,0,0
219.22829821832579,219.32828832013575,219.27829326923077,0,0,0,0,0,0,0
219.32828832013575,219.42827842194572,219.37828337104074,0,0,0,0,0,0,0
219.42827842194572,219.52826852375568,219.4782734728507,0,0,0,0,0,0,0
219.52826852375568,219.62825862556565,219.57826357466067,0,0,0,0,0,0,0
219.62825862556565,219.72824872737561,219.67825367647063,0,0,0,0,0,0,0
219.72824872737561,219.82823882918552,219.77824377828057,0,0,0,0,0,0,0
219.82823882918552,219.92822893099549,219.87823388009051,0,0,0,0,0,0,0
219.92822893099549,220.02821903280545,219.97822398190047,0,0,0,0,0,0,0
220.02821903280545,220.12820913461542,220.07821408371044,0,0,0,0,0,0,0
220.12820913461542,220.22819923642538,220.1782041855204,0,0,0,0,0,0,0
220.22819923642538,220.32818933823529,220.27819428733034,0,0,0,0,0,0,0
220.32818933823529,220.42817944004526,220.37818438914027,0,0,0,0,0,0,0
220.42817944004526,220.52816954185522,220.47817449095024,0,0,0,0,0,0,0
220.52816954185522,220.62815964366519,220.5781645927602,0,0,0,0,0,0,0
220.62815964366519,220.72814974547515,220.67815469457017,0,0,0,0,0,0,0
220.72814974547515,220.82813984728506,220.7781447963801,0,0,0,0,0,0,0
220.82813984728506,220.92812994909502,220.87813489819004,0,0,0,0,0,0,0
220.92812994909502,221.02812005090499,220.97812500000001,0,0,0,0,0,0,0
221.02812005090499,221.12811015271495,221.07811510180997,0,0,0,0,0,0,0
221.12811015271495,221.22810025452492,221.17810520361994,0,0,0,0,0,0,0
221.22810025452492,221.32809035633488,221.2780953054299,0,0,0,0,0,0,0
221.32809035633488,221.42808045814485,221.37808540723987,0,0,0,0,0,0,0
221.42808045814485,221.52807055995476,221.4780755090498,0,0,0,0,0,0,0
221.52807055995476,221.62806066176472,221.57806561085974,0,0,0,0,0,0,0
221.62806066176472,221.72805076357469,221.6780557126697,0,0,0,0,0,0,0
221.72805076357469,221.82804086538465,221.77804581447967,0,0,0,0,0,0,0
221.82804086538465,221.92803096719462,221.87803591628963,0,0,0,0,0,0,0
221.92803096719462,222.02802106900452,221.97802601809957,0,0,0,0,0,0,0
222.02802106900452,222.12801117081449,222.07801611990951,0,0,0,0,0,0,0
222.12801117081449,222.22800127262445,222.17800622171947,0,0,0,0,0,0,0
222.22800127262445,222.32799137443442,222.27799632352944,0,0,0,0,0,0,0
222.32799137443442,222.42798147624438,222.3779864253394,0,0,0,0,0,0,0
222.42798147624438,222.52797157805429,222.47797652714934,0,0,0,0,0,0,0
222.52797157805429,222.62796167986426,222.57796662895927,0,0,0,0,0,0,0
222.62796167986426,222.72795178167422,222.67795673076924,0,0,0,0,0,0,0
222.72795178167422,222.82794188348419,222.7779468325792,0,0,0,0,0,0,0
222.82794188348419,222.92793198529415,222.87793693438917,0,0,0,0,0,0,0
222.92793198529415,223.02792208710406,222.97792703619911,0,0,0,0,0,0,0
223.02792208710406,223.12791218891402,223.07791713800904,0,0,0,0,0,0,0
223.12791218891402,223.22790229072399,223.17790723981901,0,0,0,0,0,0,0
223.22790229072399,223.32789239253395,223.27789734162897,0,0,0,0,0,0,0
223.32789239253395,223.42788249434392,223.37788744343894,0,0,0,0,0,0,0
223.42788249434392,223.52787259615388,223.4778775452489,0,0,0,0,0,0,0
223.52787259615388,223.62786269796385,223.57786764705887,0,0,0,0,0,0,0
223.62786269796385,223.72785279977376,223.6778577488688,0,0,0,0,0,0,0
223.72785279977376,223.82784290158372,223.77784785067874,0,0,0,0,0,0,0
223.82784290158372,223.92783300339369,223.8778379524887,0,0,0,0,0,0,0
223.92783300339369,224.02782310520365,223.97782805429867,0,0,0,0,0,0,0
224.02782310520365,224.12781320701362,224.07781815610863,0,0,0,0,0,0,0
224.12781320701362,224.22780330882352,224.17780825791857,0,0,0,0,0,0,0
224.22780330882352,224.32779341063349,224.27779835972851,0,0,0,0,0,0,0
224.32779341063349,224.42778351244345,224.37778846153847,0,0,0,0,0,0,0
224.42778351244345,224.52777361425342,224.47777856334844,0,0,0,0,0,0,0
224.52777361425342,224.62776371606338,224.5777686651584,0,0,0,0,0,0,0
224.62776371606338,224.72775381787329,224.67775876696834,0,0,0,0,0,0,0
224.72775381787329,224.82774391968326,224.77774886877827,0,0,0,0,0,0,0
224.82774391968326,224.92773402149322,224.87773897058824,0,0,0,0,0,0,0
224.92773402149322,225.02772412330319,224.9777290723982,0,0,0,0,0,0,0
225.02772412330319,225.12771422511315,225.07771917420817,0,0,0,0,0,0,0
225.12771422511315,225.22770432692312,225.17770927601813,0,0,0,0,0,0,0
225.22770432692312,225.32769442873308,225.2776993778281,0,0,0,0,0,0,0
225.32769442873308,225.42768453054299,225.37768947963804,0,0,0,0,0,0,0
225.42768453054299,225.52767463235296,225.47767958144797,0,0,0,0,0,0,0
225.52767463235296,225.62766473416292,225.57766968325794,0,0,0,0,0,0,0
225.62766473416292,225.72765483597288,225.6776597850679,0,0,0,0,0,0,0
225.72765483597288,225.82764493778285,225.77764988687787,0,0,0,0,0,0,0
225.82764493778285,225.92763503959276,225.8776399886878,0,0,0,0,0,0,0
225.92763503959276,226.02762514140272,225.97763009049774,0,0,0,0,0,0,0
226.02762514140272,226.12761524321269,226.07762019230771,0,0,0,0,0,0,0
226.12761524321269,226.22760534502265,226.17761029411767,0,0,0,0,0,0,0
226.22760534502265,226.32759544683262,226.27760039592764,0,0,0,0,0,0,0
226.32759544683262,226.42758554864253,226.37759049773757,0,0,0,0,0,0,0
226.42758554864253,226.52757565045249,226.47758059954751,0,0,0,0,0,0,0
226.52757565045249,226.62756575226246,226.57757070135747,0,0,0,0,0,0,0
226.62756575226246,226.72755585407242,226.67756080316744,0,0,0,0,0,0,0
226.72755585407242,226.82754595588239,226.7775509049774,0,0,0,0,0,0,0
226.82754595588239,226.92753605769229,226.87754100678734,0,0,0,0,0,0,0
226.92753605769229,227.02752615950226,226.97753110859728,0,0,0,0,0,0,0
227.02752615950226,227.12751626131222,227.07752121040724,0,0,0,0,0,0,0
227.12751626131222,227.22750636312219,227.17751131221721,0,0,0,0,0,0,0
227.22750636312219,227.32749646493215,227.27750141402717,0,0,0,0,0,0,0
227.32749646493215,227.42748656674212,227.37749151583714,0,0,0,0,0,0,0
227.42748656674212,227.52747666855208,227.4774816176471,0,0,0,0,0,0,0
227.52747666855208,227.62746677036199,227.57747171945704,0,0,0,0,0,0,0
227.62746677036199,227.72745687217196,227.67746182126697,0,0,0,0,0,0,0
227.72745687217196,227.82744697398192,227.77745192307694,0,0,0,0,0,0,0
227.82744697398192,227.92743707579189,227.8774420248869,0,0,0,0,0,0,0
227.92743707579189,228.02742717760185,227.97743212669687,0,0,0,0,0,0,0
228.02742717760185,228.12741727941176,228.0774222285068,0,0,0,0,0,0,0
228.12741727941176,228.22740738122172,228.17741233031674,0,0,0,0,0,0,0
228.22740738122172,228.32739748303169,228.27740243212671,0,0,0,0,0,0,0
228.32739748303169,228.42738758484165,228.37739253393667,0,0,0,0,0,0,0
228.42738758484165,228.52737768665162,228.47738263574664,0,0,0,0,0,0,0
228.52737768665162,228.62736778846153,228.57737273755657,0,0,0,0,0,0,0
228.62736778846153,228.72735789027149,228.67736283936651,0,0,0,0,0,0,0
228.72735789027149,228.82734799208146,228.77735294117647,0,0,0,0,0,0,0
228.82734799208146,228.92733809389142,228.87734304298644,0,0,0,0,0,0,0
228.92733809389142,229.02732819570139,228.9773331447964,0,0,0,0,0,0,0
229.02732819570139,229.12731829751135,229.07732324660637,0,0,0,0,0,0,0
229.12731829751135,229.22730839932132,229.17731334841633,0,0,0,0,0,0,0
229.22730839932132,229.32729850113122,229.27730345022627,0,0,0,0,0,0,0
229.32729850113122,229.42728860294119,229.37729355203621,0,0,0,0,0,0,0
229.42728860294119,229.52727870475115,229.47728365384617,0,0,0,0,0,0,0
229.52727870475115,229.62726880656112,229.57727375565614,0,0,0,0,0,0,0
229.62726880656112,229.72725890837108,229.6772638574661,0,0,0,0,0,0,0
229.72725890837108,229.82724901018099,229.77725395927604,0,0,0,0,0,0,0
229.82724901018099,229.92723911199096,229.87724406108597,0,0,0,0,0,0,0
229.92723911199096,230.02722921380092,229.97723416289594,0,0,0,0,0,0,0
230.02722921380092,230.12721931561089,230.0772242647059,0,0,0,0,0,0,0
230.12721931561089,230.22720941742085,230.17721436651587,0,0,0,0,0,0,0
230.22720941742085,230.32719951923076,230.27720446832581,0,0,0,0,0,0,0
230.32719951923076,230.42718962104072,230.37719457013574,0,0,0,0,0,0,0
230.42718962104072,230.52717972285069,230.47718467194571,0,0,0,0,0,0,0
230.52717972285069,230.62716982466065,230.57717477375567,0,0,0,0,0,0,0
230.62716982466065,230.72715992647062,230.67716487556564,0,0,0,0,0,0,0
230.72715992647062,230.82715002828058,230.7771549773756,0,0,0,0,0,0,0
230.82715002828058,230.92714013009055,230.87714507918557,0,0,0,0,0,0,0
230.92714013009055,231.02713023190046,230.9771351809955,0,0,0,0,0,0,0
231.02713023190046,231.12712033371042,231.07712528280544,0,0,0,0,0,0,0
231.12712033371042,231.22711043552039,231.1771153846154,0,0,0,0,0,0,0
231.22711043552039,231.32710053733035,231.27710548642537,0,0,0,0,0,0,0
231.32710053733035,231.42709063914032,231.37709558823533,0,0,0,0,0,0,0
231.42709063914032,231.52708074095023,231.47708569004527,0,0,0,0,0,0,0
231.52708074095023,231.62707084276019,231.57707579185521,0,0,0,0,0,0,0
231.62707084276019,231.72706094457016,231.67706589366517,0,0,0,0,0,0,0
231.72706094457016,231.82705104638012,231.77705599547514,0,0,0,0,0,0,0
231.82705104638012,231.92704114819009,231.8770460972851,0,0,0,0,0,0,0
231.92704114819009,232.02703124999999,231.97703619909504,0,0,0,0,0,0,0
232.02703124999999,232.12702135180996,232.07702630090498,0,0,0,0,0,0,0
232.12702135180996,232.22701145361992,232.17701640271494,0,0,0,0,0,0,0
232.22701145361992,232.32700155542989,232.27700650452491,0,0,0,0,0,0,0
232.32700155542989,232.42699165723985,232.37699660633487,0,0,0,0,0,0,0
232.42699165723985,232.52698175904976,232.47698670814481,0,0,0,0,0,0,0
232.52698175904976,232.62697186085973,232.57697680995474,0,0,0,0,0,0,0
232.62697186085973,232.72696196266969,232.67696691176471,0,0,0,0,0,0,0
232.72696196266969,232.82695206447966,232.77695701357467,0,0,0,0,0,0,0
232.82695206447966,232.92694216628962,232.87694711538464,0,0,0,0,0,0,0
232.92694216628962,233.02693226809959,232.9769372171946,0,0,0,0,0,0,0
233.02693226809959,233.12692236990955,233.07692731900457,0,0,0,0,0,0,0
233.12692236990955,233.22691247171946,233.1769174208145,0,0,0,0,0,0,0
233.22691247171946,233.32690257352942,233.27690752262444,0,0,0,0,0,0,0
233.32690257352942,233.42689267533939,233.37689762443441,0,0,0,0,0,0,0
233.42689267533939,233.52688277714935,233.47688772624437,0,0,0,0,0,0,0
233.52688277714935,233.62687287895932,233.57687782805434,0,0,0,0,0,0,0
233.62687287895932,233.72686298076923,233.67686792986427,0,0,0,0,0,0,0
233.72686298076923,233.82685308257919,233.77685803167421,0,0,0,0,0,0,0
233.82685308257919,233.92684318438916,233.87684813348417,0,0,0,0,0,0,0
233.92684318438916,234.02683328619912,233.97683823529414,0,0,0,0,0,0,0
234.02683328619912,234.12682338800909,234.0768283371041,0,0,0,0,0,0,0
234.12682338800909,234.22681348981899,234.17681843891404,0,0,0,0,0,0,0
234.22681348981899,234.32680359162896,234.27680854072398,0,0,0,0,0,0,0
234.32680359162896,234.42679369343892,234.37679864253394,0,0,0,0,0,0,0
234.42679369343892,234.52678379524889,234.47678874434391,0,0,0,0,0,0,0
234.52678379524889,234.62677389705885,234.57677884615387,0,0,0,0,0,0,0
234.62677389705885,234.72676399886882,234.67676894796384,0,0,0,0,0,0,0
234.72676399886882,234.82675410067878,234.7767590497738,0,0,0,0,0,0,0
234.82675410067878,234.92674420248869,234.87674915158374,0,0,0,0,0,0,0
234.92674420248869,235.02673430429866,234.97673925339367,0,0,0,0,0,0,0
235.02673430429866,235.12672440610862,235.07672935520364,0,0,0,0,0,0,0
235.12672440610862,235.22671450791859,235.1767194570136,0,0,0,0,0,0,0
235.22671450791859,235.32670460972855,235.27670955882357,0,0,0,0,0,0,0
235.32670460972855,235.42669471153846,235.37669966063351,0,0,0,0,0,0,0
235.42669471153846,235.52668481334842,235.47668976244344,0,0,0,0,0,0,0
235.52668481334842,235.62667491515839,235.57667986425341,0,0,0,0,0,0,0
235.62667491515839,235.72666501696835,235.67666996606337,0,0,0,0,0,0,0
235.72666501696835,235.82665511877832,235.77666006787334,0,0,0,0,0,0,0
235.82665511877832,235.92664522058823,235.87665016968327,0,0,0,0,0,0,0
235.92664522058823,236.02663532239819,235.97664027149321,0,0,0,0,0,0,0
236.02663532239819,236.12662542420816,236.07663037330317,0,0,0,0,0,0,0
236.12662542420816,236.22661552601812,236.17662047511314,0,0,0,0,0,0,0
236.22661552601812,236.32660562782809,236.2766105769231,0,0,0,0,0,0,0
236.32660562782809,236.426595729638,236.37660067873304,0,0,0,0,0,0,0
236.426595729638,236.52658583144796,236.47659078054298,0,0,0,0,0,0,0
236.52658583144796,236.62657593325793,236.57658088235294,0,0,0,0,0,0,0
236.62657593325793,236.72656603506789,236.67657098416291,0,0,0,0,0,0,0
236.72656603506789,236.82655613687785,236.77656108597287,0,0,0,0,0,0,0
236.82655613687785,236.92654623868782,236.87655118778284,0,0,0,0,0,0,0
236.92654623868782,237.02653634049778,236.9765412895928,0,0,0,0,0,0,0
237.02653634049778,237.12652644230769,237.07653139140274,0,0,0,0,0,0,0
237.12652644230769,237.22651654411766,237.17652149321268,0,0,0,0,0,0,0
237.22651654411766,237.32650664592762,237.27651159502264,0,0,0,0,0,0,0
237.32650664592762,237.42649674773759,237.37650169683261,0,0,0,0,0,0,0
237.42649674773759,237.52648684954755,237.47649179864257,0,0,0,0,0,0,0
237.52648684954755,237.62647695135746,237.57648190045251,0,0,0,0,0,0,0
237.62647695135746,237.72646705316743,237.67647200226244,0,0,0,0,0,0,0
237.72646705316743,237.82645715497739,237.77646210407241,0,0,0,0,0,0,0
237.82645715497739,237.92644725678736,237.87645220588237,0,0,0,0,0,0,0
237.92644725678736,238.02643735859732,237.97644230769234,0,0,0,0,0,0,0
238.02643735859732,238.12642746040723,238.07643240950227,0,0,0,0,0,0,0
238.12642746040723,238.22641756221719,238.17642251131221,0,0,0,0,0,0,0
238.22641756221719,238.32640766402716,238.27641261312218,0,0,0,0,0,0,0
238.32640766402716,238.42639776583712,238.37640271493214,0,0,0,0,0,0,0
238.42639776583712,238.52638786764709,238.47639281674211,0,0,0,0,0,0,0
238.52638786764709,238.62637796945705,238.57638291855207,0,0,0,0,0,0,0
238.62637796945705,238.72636807126702,238.67637302036204,0,0,0,0,0,0,0
238.72636807126702,238.82635817307693,238.77636312217197,0,0,0,0,0,0,0
238.82635817307693,238.92634827488689,238.87635322398191,0,0,0,0,0,0,0
238.92634827488689,239.02633837669686,238.97634332579187,0,0,0,0,0,0,0
239.02633837669686,239.12632847850682,239.07633342760184,0,0,0,0,0,0,0
239.12632847850682,239.22631858031679,239.1763235294118,0,0,0,0,0,0,0
239.22631858031679,239.32630868212669,239.27631363122174,0,0,0,0,0,0,0
239.32630868212669,239.42629878393666,239.37630373303168,0,0,0,0,0,0,0
239.42629878393666,239.52628888574662,239.47629383484164,0,0,0,0,0,0,0
239.52628888574662,239.62627898755659,239.57628393665161,0,0,0,0,0,0,0
239.62627898755659,239.72626908936655,239.67627403846157,0,0,0,0,0,0,0
239.72626908936655,239.82625919117646,239.77626414027151,0,0,0,0,0,0,0
239.82625919117646,239.92624929298643,239.87625424208144,0,0,0,0,0,0,0
239.92624929298643,240.02623939479639,239.97624434389141,0,0,0,0,0,0,0
240.02623939479639,240.12622949660636,240.07623444570137,0,0,0,0,0,0,0
240.12622949660636,240.22621959841632,240.17622454751134,0,0,0,0,0,0,0
240.22621959841632,240.32620970022629,240.2762146493213,0,0,0,0,0,0,0
240.32620970022629,240.42619980203625,240.37620475113127,0,0,0,0,0,0,0
240.42619980203625,240.52618990384616,240.47619485294121,0,0,0,0,0,0,0
240.52618990384616,240.62618000565612,240.57618495475114,0,0,0,0,0,0,0
240.62618000565612,240.72617010746609,240.67617505656111,0,0,0,0,0,0,0
240.72617010746609,240.82616020927605,240.77616515837107,0,0,0,0,0,0,0
240.82616020927605,240.92615031108602,240.87615526018104,0,0,0,0,0,0,0
240.92615031108602,241.02614041289593,240.97614536199097,0,0,0,0,0,0,0
241.02614041289593,241.12613051470589,241.07613546380091,0,0,0,0,0,0,0
241.12613051470589,241.22612061651586,241.17612556561087,0,0,0,0,0,0,0
241.22612061651586,241.32611071832582,241.27611566742084,0,0,0,0,0,0,0
241.32611071832582,241.42610082013579,241.3761057692308,0,0,0,0,0,0,0
241.42610082013579,241.52609092194569,241.47609587104074,0,0,0,0,0,0,0
241.52609092194569,241.62608102375566,241.57608597285068,0,0,0,0,0,0,0
241.62608102375566,241.72607112556562,241.67607607466064,0,0,0,0,0,0,0
241.72607112556562,241.82606122737559,241.77606617647061,0,0,0,0,0,0,0
241.82606122737559,241.92605132918555,241.87605627828057,0,0,0,0,0,0,0
241.92605132918555,242.02604143099546,241.97604638009051,0,0,0,0,0,0,0
242.02604143099546,242.12603153280543,242.07603648190045,0,0,0,0,0,0,0
242.12603153280543,242.22602163461539,242.17602658371041,0,0,0,0,0,0,0
242.22602163461539,242.32601173642536,242.27601668552037,0,0,0,0,0,0,0
242.32601173642536,242.42600183823532,242.37600678733034,0,0,0,0,0,0,0
242.42600183823532,242.52599194004529,242.4759968891403,0,0,0,0,0,0,0
242.52599194004529,242.62598204185525,242.57598699095027,0,0,0,0,0,0,0
242.62598204185525,242.72597214366516,242.67597709276021,0,0,0,0,0,0,0
242.72597214366516,242.82596224547513,242.77596719457014,0,0,0,0,0,0,0
242.82596224547513,242.92595234728509,242.87595729638011,0,0,0,0,0,0,0
242.92595234728509,243.02594244909506,242.97594739819007,0,0,0,0,0,0,0
243.02594244909506,243.12593255090502,243.07593750000004,0,0,0,0,0,0,0
243.12593255090502,243.22592265271493,243.17592760180997,0,0,0,0,0,0,0
243.22592265271493,243.32591275452489,243.27591770361991,0,0,0,0,0,0,0
243.32591275452489,243.42590285633486,243.37590780542988,0,0,0,0,0,0,0
243.42590285633486,243.52589295814482,243.47589790723984,0,0,0,0,0,0,0
243.52589295814482,243.62588305995479,243.57588800904981,0,0,0,0,0,0,0
243.62588305995479,243.7258731617647,243.67587811085974,0,0,0,0,0,0,0
243.7258731617647,243.82586326357466,243.77586821266968,0,0,0,0,0,0,0
243.82586326357466,243.92585336538463,243.87585831447964,0,0,0,0,0,0,0
243.92585336538463,244.02584346719459,243.97584841628961,0,0,0,0,0,0,0
244.02584346719459,244.12583356900456,244.07583851809957,0,0,0,0,0,0,0
244.12583356900456,244.22582367081452,244.17582861990954,0,0,0,0,0,0,0
244.22582367081452,244.32581377262449,244.2758187217195,0,0,0,0,0,0,0
244.32581377262449,244.42580387443439,244.37580882352944,0,0,0,0,0,0,0
244.42580387443439,244.52579397624436,244.47579892533938,0,0,0,0,0,0,0
244.52579397624436,244.62578407805432,244.57578902714934,0,0,0,0,0,0,0
244.62578407805432,244.72577417986429,244.67577912895931,0,0,0,0,0,0,0
244.72577417986429,244.82576428167425,244.77576923076927,0,0,0,0,0,0,0
244.82576428167425,244.92575438348416,244.87575933257921,0,0,0,0,0,0,0
244.92575438348416,245.02574448529413,244.97574943438914,0,0,0,0,0,0,0
245.02574448529413,245.12573458710409,245.07573953619911,0,0,0,0,0,0,0
245.12573458710409,245.22572468891406,245.17572963800907,0,0,0,0,0,0,0
245.22572468891406,245.32571479072402,245.27571973981904,0,0,0,0,0,0,0
245.32571479072402,245.42570489253393,245.37570984162898,0,0,0,0,0,0,0
245.42570489253393,245.52569499434389,245.47569994343891,0,0,0,0,0,0,0
245.52569499434389,245.62568509615386,245.57569004524888,0,0,0,0,0,0,0
245.62568509615386,245.72567519796382,245.67568014705884,0,0,0,0,0,0,0
245.72567519796382,245.82566529977379,245.77567024886881,0,0,0,0,0,0,0
245.82566529977379,245.9256554015837,245.87566035067874,0,0,0,0,0,0,0
245.9256554015837,246.02564550339366,245.97565045248868,0,0,0,0,0,0,0
246.02564550339366,246.12563560520363,246.07564055429864,0,0,0,0,0,0,0
246.12563560520363,246.22562570701359,246.17563065610861,0,0,0,0,0,0,0
246.22562570701359,246.32561580882356,246.27562075791857,0,0,0,0,0,0,0
246.32561580882356,246.42560591063352,246.37561085972854,0,0,0,0,0,0,0
246.42560591063352,246.52559601244349,246.4756009615385,0,0,0,0,0,0,0
246.52559601244349,246.62558611425339,246.57559106334844,0,0,0,0,0,0,0
246.62558611425339,246.72557621606336,246.67558116515838,0,0,0,0,0,0,0
246.72557621606336,246.82556631787332,246.77557126696834,0,0,0,0,0,0,0
246.82556631787332,246.92555641968329,246.87556136877831,0,0,0,0,0,0,0
246.92555641968329,247.02554652149325,246.97555147058827,0,0,0,0,0,0,0
247.02554652149325,247.12553662330316,247.07554157239821,0,0,0,0,0,0,0
247.12553662330316,247.22552672511313,247.17553167420814,0,0,0,0,0,0,0
247.22552672511313,247.32551682692309,247.27552177601811,0,0,0,0,0,0,0
247.32551682692309,247.42550692873306,247.37551187782807,0,0,0,0,0,0,0
247.42550692873306,247.52549703054302,247.47550197963804,0,0,0,0,0,0,0
247.52549703054302,247.62548713235293,247.57549208144798,0,0,0,0,0,0,0
247.62548713235293,247.7254772341629,247.67548218325791,0,0,0,0,0,0,0
247.7254772341629,247.82546733597286,247.77547228506788,0,0,0,0,0,0,0
247.82546733597286,247.92545743778282,247.87546238687784,0,0,0,0,0,0,0
247.92545743778282,248.02544753959279,247.97545248868781,0,0,0,0,0,0,0
248.02544753959279,248.12543764140275,248.07544259049777,0,0,0,0,0,0,0
248.12543764140275,248.22542774321272,248.17543269230774,0,0,0,0,0,0,0
248.22542774321272,248.32541784502263,248.27542279411767,0,0,0,0,0,0,0
248.32541784502263,248.42540794683259,248.37541289592761,0,0,0,0,0,0,0
248.42540794683259,248.52539804864256,248.47540299773758,0,0,0,0,0,0,0
248.52539804864256,248.62538815045252,248.57539309954754,0,0,0,0,0,0,0
248.62538815045252,248.72537825226249,248.6753832013575,0,0,0,0,0,0,0
248.72537825226249,248.8253683540724,248.77537330316744,0,0,0,0,0,0,0
248.8253683540724,248.92535845588236,248.87536340497738,0,0,0,0,0,0,0
248.92535845588236,249.02534855769233,248.97535350678734,0,0,0,0,0,0,0
249.02534855769233,249.12533865950229,249.07534360859731,0,0,0,0,0,0,0
249.12533865950229,249.22532876131226,249.17533371040727,0,0,0,0,0,0,0
249.22532876131226,249.32531886312216,249.27532381221721,0,0,0,0,0,0,0
249.32531886312216,249.42530896493213,249.37531391402715,0,0,0,0,0,0,0
249.42530896493213,249.52529906674209,249.47530401583711,0,0,0,0,0,0,0
249.52529906674209,249.62528916855206,249.57529411764708,0,0,0,0,0,0,0
249.62528916855206,249.72527927036202,249.67528421945704,0,0,0,0,0,0,0
249.72527927036202,249.82526937217199,249.77527432126701,0,0,0,0,0,0,0
249.82526937217199,249.92525947398195,249.87526442307697,0,0,0,0,0,0,0
249.92525947398195,250.02524957579186,249.97525452488691,0,0,0,0,0,0,0
250.02524957579186,250.12523967760183,250.07524462669684,0,0,0,0,0,0,0
250.12523967760183,250.22522977941179,250.17523472850681,0,0,0,0,0,0,0
250.22522977941179,250.32521988122176,250.27522483031677,0,0,0,0,0,0,0
250.32521988122176,250.42520998303172,250.37521493212674,0,0,0,0,0,0,0
250.42520998303172,250.52520008484163,250.47520503393667,0,0,0,0,0,0,0
250.52520008484163,250.62519018665159,250.57519513574661,0,0,0,0,0,0,0
250.62519018665159,250.72518028846156,250.67518523755658,0,0,0,0,0,0,0
250.72518028846156,250.82517039027152,250.77517533936654,0,0,0,0,0,0,0
250.82517039027152,250.92516049208149,250.87516544117651,0,0,0,0,0,0,0
250.92516049208149,251.0251505938914,250.97515554298644,0,0,0,0,0,0,0
251.0251505938914,251.12514069570136,251.07514564479638,0,0,0,0,0,0,0
251.12514069570136,251.22513079751133,251.17513574660634,0,0,0,0,0,0,0
251.22513079751133,251.32512089932129,251.27512584841631,0,0,0,0,0,0,0
251.32512089932129,251.42511100113126,251.37511595022627,0,0,0,0,0,0,0
251.42511100113126,251.52510110294116,251.47510605203621,0,0,0,0,0,0,0
251.52510110294116,251.62509120475113,251.57509615384615,0,0,0,0,0,0,0
251.62509120475113,251.72508130656109,251.67508625565611,0,0,0,0,0,0,0
251.72508130656109,251.82507140837106,251.77507635746608,0,0,0,0,0,0,0
251.82507140837106,251.92506151018102,251.87506645927604,0,0,0,0,0,0,0
251.92506151018102,252.02505161199099,251.97505656108601,0,0,0,0,0,0,0
252.02505161199099,252.12504171380095,252.07504666289597,0,0,0,0,0,0,0
252.12504171380095,252.22503181561086,252.17503676470591,0,0,0,0,0,0,0
252.22503181561086,252.32502191742083,252.27502686651584,0,0,0,0,0,0,0
252.32502191742083,252.42501201923079,252.37501696832581,0,0,0,0,0,0,0
252.42501201923079,252.52500212104076,252.47500707013577,0,0,0,0,0,0,0
252.52500212104076,252.62499222285072,252.57499717194574,0,0,0,0,0,0,0
252.62499222285072,252.72498232466063,252.67498727375568,0,0,0,0,0,0,0
252.72498232466063,252.82497242647059,252.77497737556561,0,0,0,0,0,0,0
252.82497242647059,252.92496252828056,252.87496747737558,0,0,0,0,0,0,0
252.92496252828056,253.02495263009052,252.97495757918554,0,0,0,0,0,0,0
253.02495263009052,253.12494273190049,253.07494768099551,0,0,0,0,0,0,0
253.12494273190049,253.2249328337104,253.17493778280544,0,0,0,0,0,0,0
253.2249328337104,253.32492293552036,253.27492788461538,0,0,0,0,0,0,0
253.32492293552036,253.42491303733033,253.37491798642534,0,0,0,0,0,0,0
253.42491303733033,253.52490313914029,253.47490808823531,0,0,0,0,0,0,0
253.52490313914029,253.62489324095026,253.57489819004527,0,0,0,0,0,0,0
253.62489324095026,253.72488334276022,253.67488829185524,0,0,0,0,0,0,0
253.72488334276022,253.82487344457019,253.7748783936652,0,0,0,0,0,0,0
253.82487344457019,253.9248635463801,253.87486849547514,0,0,0,0,0,0,0
253.9248635463801,254.02485364819006,253.97485859728508,0,0,0,0,0,0,0
254.02485364819006,254.12484375000003,254.07484869909504,0,0,0,0,0,0,0
254.12484375000003,254.22483385180999,254.17483880090501,0,0,0,0,0,0,0
254.22483385180999,254.32482395361995,254.27482890271497,0,0,0,0,0,0,0
254.32482395361995,254.42481405542986,254.37481900452491,0,0,0,0,0,0,0
254.42481405542986,254.52480415723983,254.47480910633485,0,0,0,0,0,0,0
254.52480415723983,254.62479425904979,254.57479920814481,0,0,0,0,0,0,0
254.62479425904979,254.72478436085976,254.67478930995478,0,0,0,0,0,0,0
254.72478436085976,254.82477446266972,254.77477941176474,0,0,0,0,0,0,0
254.82477446266972,254.92476456447963,254.87476951357468,0,0,0,0,0,0,0
254.92476456447963,255.0247546662896,254.97475961538461,0,0,0,0,0,0,0
255.0247546662896,255.12474476809956,255.07474971719458,0,0,0,0,0,0,0
255.12474476809956,255.22473486990953,255.17473981900454,0,0,0,0,0,0,0
255.22473486990953,255.32472497171949,255.27472992081451,0,0,0,0,0,0,0
255.32472497171949,255.4247150735294,255.37472002262444,0,0,0,0,0,0,0
255.4247150735294,255.52470517533936,255.47471012443438,0,0,0,0,0,0,0
255.52470517533936,255.62469527714933,255.57470022624435,0,0,0,0,0,0,0
255.62469527714933,255.72468537895929,255.67469032805431,0,0,0,0,0,0,0
255.72468537895929,255.82467548076926,255.77468042986428,0,0,0,0,0,0,0
255.82467548076926,255.92466558257922,255.87467053167424,0,0,0,0,0,0,0
255.92466558257922,256.02465568438919,255.97466063348421,0,0,0,0,0,0,0
256.02465568438919,256.1246457861991,256.07465073529414,0,0,0,0,0,0,0
256.1246457861991,256.22463588800906,256.17464083710411,0,0,0,0,0,0,0
256.22463588800906,256.32462598981903,256.27463093891402,0,0,0,0,0,0,0
256.32462598981903,256.42461609162899,256.37462104072404,0,0,0,0,0,0,0
256.42461609162899,256.52460619343896,256.47461114253394,0,0,0,0,0,0,0
256.52460619343896,256.62459629524886,256.57460124434391,0,0,0,0,0,0,0
256.62459629524886,256.72458639705883,256.67459134615387,0,0,0,0,0,0,0
256.72458639705883,256.82457649886879,256.77458144796378,0,0,0,0,0,0,0
256.82457649886879,256.92456660067876,256.8745715497738,0,0,0,0,0,0,0
256.92456660067876,257.02455670248872,256.97456165158371,0,0,0,0,0,0,0
257.02455670248872,257.12454680429863,257.07455175339368,0,0,0,0,0,0,0
257.12454680429863,257.2245369061086,257.17454185520364,0,0,0,0,0,0,0
257.2245369061086,257.32452700791856,257.27453195701355,0,0,0,0,0,0,0
257.32452700791856,257.42451710972853,257.37452205882357,0,0,0,0,0,0,0
257.42451710972853,257.52450721153849,257.47451216063348,0,0,0,0,0,0,0
257.52450721153849,257.62449731334846,257.5745022624435,0,0,0,0,0,0,0
257.62449731334846,257.72448741515842,257.67449236425341,0,0,0,0,0,0,0
257.72448741515842,257.82447751696833,257.77448246606338,0,0,0,0,0,0,0
257.82447751696833,257.92446761877829,257.87447256787334,0,0,0,0,0,0,0
257.92446761877829,258.02445772058826,257.97446266968325,0,0,0,0,0,0,0
258.02445772058826,258.12444782239822,258.07445277149327,0,0,0,0,0,0,0
258.12444782239822,258.22443792420819,258.17444287330318,0,0,0,0,0,0,0
258.22443792420819,258.3244280260181,258.27443297511314,0,0,0,0,0,0,0
258.3244280260181,258.42441812782806,258.37442307692311,0,0,0,0,0,0,0
258.42441812782806,258.52440822963803,258.47441317873302,0,0,0,0,0,0,0
258.52440822963803,258.62439833144799,258.57440328054304,0,0,0,0,0,0,0
258.62439833144799,258.72438843325796,258.67439338235295,0,0,0,0,0,0,0
258.72438843325796,258.82437853506786,258.77438348416291,0,0,0,0,0,0,0
258.82437853506786,258.92436863687783,258.87437358597288,0,0,0,0,0,0,0
258.92436863687783,259.02435873868779,258.97436368778278,0,0,0,0,0,0,0
259.02435873868779,259.12434884049776,259.07435378959281,0,0,0,0,0,0,0
259.12434884049776,259.22433894230772,259.17434389140271,0,0,0,0,0,0,0
259.22433894230772,259.32432904411769,259.27433399321274,0,0,0,0,0,0,0
259.32432904411769,259.42431914592765,259.37432409502264,0,0,0,0,0,0,0
259.42431914592765,259.52430924773756,259.47431419683261,0,0,0,0,0,0,0
259.52430924773756,259.62429934954753,259.57430429864257,0,0,0,0,0,0,0
259.62429934954753,259.72428945135749,259.67429440045248,0,0,0,0,0,0,0
259.72428945135749,259.82427955316746,259.7742845022625,0,0,0,0,0,0,0
259.82427955316746,259.92426965497742,259.87427460407241,0,0,0,0,0,0,0
259.92426965497742,260.02425975678733,259.97426470588238,0,0,0,0,0,0,0
260.02425975678733,260.1242498585973,260.07425480769234,0,0,0,0,0,0,0
260.1242498585973,260.22423996040726,260.17424490950225,0,0,0,0,0,0,0
260.22423996040726,260.32423006221723,260.27423501131227,0,0,0,0,0,0,0
260.32423006221723,260.42422016402719,260.37422511312218,0,0,0,0,0,0,0
260.42422016402719,260.5242102658371,260.47421521493214,0,0,0,0,0,0,0
260.5242102658371,260.62420036764706,260.57420531674211,0,0,0,0,0,0,0
260.62420036764706,260.72419046945703,260.67419541855202,0,0,0,0,0,0,0
260.72419046945703,260.82418057126699,260.77418552036204,0,0,0,0,0,0,0
260.82418057126699,260.92417067307696,260.87417562217195,0,0,0,0,0,0,0
260.92417067307696,261.02416077488687,260.97416572398191,0,0,0,0,0,0,0
261.02416077488687,261.12415087669683,261.07415582579188,0,0,0,0,0,0,0
261.12415087669683,261.2241409785068,261.17414592760178,0,0,0,0,0,0,0
261.2241409785068,261.32413108031676,261.27413602941181,0,0,0,0,0,0,0
261.32413108031676,261.42412118212673,261.37412613122171,0,0,0,0,0,0,0
261.42412118212673,261.52411128393669,261.47411623303174,0,0,0,0,0,0,0
261.52411128393669,261.62410138574666,261.57410633484164,0,0,0,0,0,0,0
261.62410138574666,261.72409148755656,261.67409643665161,0,0,0,0,0,0,0
261.72409148755656,261.82408158936653,261.77408653846157,0,0,0,0,0,0,0
261.82408158936653,261.92407169117649,261.87407664027148,0,0,0,0,0,0,0
261.92407169117649,262.02406179298646,261.9740667420815,0,0,0,0,0,0,0
262.02406179298646,262.12405189479642,262.07405684389141,0,0,0,0,0,0,0
262.12405189479642,262.22404199660633,262.17404694570138,0,0,0,0,0,0,0
262.22404199660633,262.3240320984163,262.27403704751134,0,0,0,0,0,0,0
262.3240320984163,262.42402220022626,262.37402714932125,0,0,0,0,0,0,0
262.42402220022626,262.52401230203623,262.47401725113127,0,0,0,0,0,0,0
262.52401230203623,262.62400240384619,262.57400735294118,0,0,0,0,0,0,0
262.62400240384619,262.7239925056561,262.67399745475115,0,0,0,0,0,0,0
262.7239925056561,262.82398260746606,262.77398755656111,0,0,0,0,0,0,0
262.82398260746606,262.92397270927603,262.87397765837102,0,0,0,0,0,0,0
262.92397270927603,263.02396281108599,262.97396776018104,0,0,0,0,0,0,0
263.02396281108599,263.12395291289596,263.07395786199095,0,0,0,0,0,0,0
263.12395291289596,263.22394301470592,263.17394796380097,0,0,0,0,0,0,0
263.22394301470592,263.32393311651589,263.27393806561088,0,0,0,0,0,0,0
263.32393311651589,263.4239232183258,263.37392816742084,0,0,0,0,0,0,0
263.4239232183258,263.52391332013576,263.47391826923081,0,0,0,0,0,0,0
263.52391332013576,263.62390342194573,263.57390837104072,0,0,0,0,0,0,0
263.62390342194573,263.72389352375569,263.67389847285074,0,0,0,0,0,0,0
263.72389352375569,263.82388362556566,263.77388857466065,0,0,0,0,0,0,0
263.82388362556566,263.92387372737556,263.87387867647061,0,0,0,0,0,0,0
263.92387372737556,264.02386382918553,263.97386877828058,0,0,0,0,0,0,0
264.02386382918553,264.12385393099549,264.07385888009048,0,0,0,0,0,0,0
264.12385393099549,264.22384403280546,264.17384898190051,0,0,0,0,0,0,0
264.22384403280546,264.32383413461542,264.27383908371041,0,0,0,0,0,0,0
264.32383413461542,264.42382423642533,264.37382918552038,0,0,0,0,0,0,0
264.42382423642533,264.5238143382353,264.47381928733034,0,0,0,0,0,0,0
264.5238143382353,264.62380444004526,264.57380938914025,0,0,0,0,0,0,0
264.62380444004526,264.72379454185523,264.67379949095027,0,0,0,0,0,0,0
264.72379454185523,264.82378464366519,264.77378959276018,0,0,0,0,0,0,0
264.82378464366519,264.9237747454751,264.87377969457015,0,0,0,0,0,0,0
264.9237747454751,265.02376484728507,264.97376979638011,0,0,0,0,0,0,0
265.02376484728507,265.12375494909503,265.07375989819002,0,0,0,0,0,0,0
265.12375494909503,265.22374505090499,265.17375000000004,0,0,0,0,0,0,0
265.22374505090499,265.32373515271496,265.27374010180995,0,0,0,0,0,0,0
265.32373515271496,265.42372525452492,265.37373020361997,0,0,0,0,0,0,0
265.42372525452492,265.52371535633489,265.47372030542988,0,0,0,0,0,0,0
265.52371535633489,265.6237054581448,265.57371040723984,0,0,0,0,0,0,0
265.6237054581448,265.72369555995476,265.67370050904981,0,0,0,0,0,0,0
265.72369555995476,265.82368566176473,265.77369061085972,0,0,0,0,0,0,0
265.82368566176473,265.92367576357469,265.87368071266974,0,0,0,0,0,0,0
265.92367576357469,266.02366586538466,265.97367081447965,0,0,0,0,0,0,0
266.02366586538466,266.12365596719457,266.07366091628961,0,0,0,0,0,0,0
266.12365596719457,266.22364606900453,266.17365101809958,0,0,0,0,0,0,0
266.22364606900453,266.3236361708145,266.27364111990948,0,0,0,0,0,0,0
266.3236361708145,266.42362627262446,266.37363122171951,0,0,0,0,0,0,0
266.42362627262446,266.52361637443443,266.47362132352941,0,0,0,0,0,0,0
266.52361637443443,266.62360647624433,266.57361142533938,0,0,0,0,0,0,0
266.62360647624433,266.7235965780543,266.67360152714934,0,0,0,0,0,0,0
266.7235965780543,266.82358667986426,266.77359162895925,0,0,0,0,0,0,0
266.82358667986426,266.92357678167423,266.87358173076927,0,0,0,0,0,0,0
266.92357678167423,267.02356688348419,266.97357183257918,0,0,0,0,0,0,0
267.02356688348419,267.12355698529416,267.0735619343892,0,0,0,0,0,0,0
267.12355698529416,267.22354708710412,267.17355203619911,0,0,0,0,0,0,0
267.22354708710412,267.32353718891403,267.27354213800908,0,0,0,0,0,0,0
267.32353718891403,267.423527290724,267.37353223981904,0,0,0,0,0,0,0
267.423527290724,267.52351739253396,267.47352234162895,0,0,0,0,0,0,0
267.52351739253396,267.62350749434393,267.57351244343897,0,0,0,0,0,0,0
267.62350749434393,267.72349759615389,267.67350254524888,0,0,0,0,0,0,0
267.72349759615389,267.8234876979638,267.77349264705884,0,0,0,0,0,0,0
267.8234876979638,267.92347779977376,267.87348274886881,0,0,0,0,0,0,0
267.92347779977376,268.02346790158373,267.97347285067872,0,0,0,0,0,0,0
268.02346790158373,268.12345800339369,268.07346295248874,0,0,0,0,0,0,0
268.12345800339369,268.22344810520366,268.17345305429865,0,0,0,0,0,0,0
268.22344810520366,268.32343820701357,268.27344315610861,0,0,0,0,0,0,0
268.32343820701357,268.42342830882353,268.37343325791858,0,0,0,0,0,0,0
268.42342830882353,268.5234184106335,268.47342335972849,0,0,0,0,0,0,0
268.5234184106335,268.62340851244346,268.57341346153851,0,0,0,0,0,0,0
268.62340851244346,268.72339861425343,268.67340356334842,0,0,0,0,0,0,0
268.72339861425343,268.82338871606339,268.77339366515844,0,0,0,0,0,0,0
268.82338871606339,268.92337881787336,268.87338376696835,0,0,0,0,0,0,0
268.92337881787336,269.02336891968326,268.97337386877831,0,0,0,0,0,0,0
269.02336891968326,269.12335902149323,269.07336397058828,0,0,0,0,0,0,0
269.12335902149323,269.22334912330319,269.17335407239818,0,0,0,0,0,0,0
269.22334912330319,269.32333922511316,269.27334417420821,0,0,0,0,0,0,0
269.32333922511316,269.42332932692312,269.37333427601811,0,0,0,0,0,0,0
269.42332932692312,269.52331942873303,269.47332437782808,0,0,0,0,0,0,0
269.52331942873303,269.623309530543,269.57331447963804,0,0,0,0,0,0,0
269.623309530543,269.72329963235296,269.67330458144795,0,0,0,0,0,0,0
269.72329963235296,269.82328973416293,269.77329468325797,0,0,0,0,0,0,0
269.82328973416293,269.92327983597289,269.87328478506788,0,0,0,0,0,0,0
269.92327983597289,270.0232699377828,269.97327488687785,0,0,0,0,0,0,0
270.0232699377828,270.12326003959276,270.07326498868781,0,0,0,0,0,0,0
270.12326003959276,270.22325014140273,270.17325509049772,0,0,0,0,0,0,0
270.22325014140273,270.32324024321269,270.27324519230774,0,0,0,0,0,0,0
270.32324024321269,270.42323034502266,270.37323529411765,0,0,0,0,0,0,0
270.42323034502266,270.52322044683257,270.47322539592761,0,0,0,0,0,0,0
270.52322044683257,270.62321054864253,270.57321549773758,0,0,0,0,0,0,0
270.62321054864253,270.7232006504525,270.67320559954749,0,0,0,0,0,0,0
270.7232006504525,270.82319075226246,270.77319570135751,0,0,0,0,0,0,0
270.82319075226246,270.92318085407243,270.87318580316742,0,0,0,0,0,0,0
270.92318085407243,271.02317095588239,270.97317590497744,0,0,0,0,0,0,0
271.02317095588239,271.12316105769236,271.07316600678735,0,0,0,0,0,0,0
271.12316105769236,271.22315115950227,271.17315610859731,0,0,0,0,0,0,0
271.22315115950227,271.32314126131223,271.27314621040728,0,0,0,0,0,0,0
271.32314126131223,271.4231313631222,271.37313631221718,0,0,0,0,0,0,0
271.4231313631222,271.52312146493216,271.47312641402721,0,0,0,0,0,0,0
271.52312146493216,271.62311156674212,271.57311651583711,0,0,0,0,0,0,0
271.62311156674212,271.72310166855203,271.67310661764708,0,0,0,0,0,0,0
271.72310166855203,271.823091770362,271.77309671945704,0,0,0,0,0,0,0
271.823091770362,271.92308187217196,271.87308682126695,0,0,0,0,0,0,0
271.92308187217196,272.02307197398193,271.97307692307697,0,0,0,0,0,0,0
272.02307197398193,272.12306207579189,272.07306702488688,0,0,0,0,0,0,0
272.12306207579189,272.2230521776018,272.17305712669685,0,0,0,0,0,0,0
272.2230521776018,272.32304227941177,272.27304722850681,0,0,0,0,0,0,0
272.32304227941177,272.42303238122173,272.37303733031672,0,0,0,0,0,0,0
272.42303238122173,272.5230224830317,272.47302743212674,0,0,0,0,0,0,0
272.5230224830317,272.62301258484166,272.57301753393665,0,0,0,0,0,0,0
272.62301258484166,272.72300268665163,272.67300763574667,0,0,0,0,0,0,0
272.72300268665163,272.82299278846159,272.77299773755658,0,0,0,0,0,0,0
272.82299278846159,272.9229828902715,272.87298783936654,0,0,0,0,0,0,0
272.9229828902715,273.02297299208146,272.97297794117651,0,0,0,0,0,0,0
273.02297299208146,273.12296309389143,273.07296804298642,0,0,0,0,0,0,0
273.12296309389143,273.22295319570139,273.17295814479644,0,0,0,0,0,0,0
273.22295319570139,273.32294329751136,273.27294824660635,0,0,0,0,0,0,0
273.32294329751136,273.42293339932127,273.37293834841631,0,0,0,0,0,0,0
273.42293339932127,273.52292350113123,273.47292845022628,0,0,0,0,0,0,0
273.52292350113123,273.6229136029412,273.57291855203619,0,0,0,0,0,0,0
273.6229136029412,273.72290370475116,273.67290865384621,0,0,0,0,0,0,0
273.72290370475116,273.82289380656113,273.77289875565612,0,0,0,0,0,0,0
273.82289380656113,273.92288390837103,273.87288885746608,0,0,0,0,0,0,0
273.92288390837103,274.022874010181,273.97287895927604,0,0,0,0,0,0,0
274.022874010181,274.12286411199096,274.07286906108595,0,0,0,0,0,0,0
274.12286411199096,274.22285421380093,274.17285916289597,0,0,0,0,0,0,0
274.22285421380093,274.32284431561089,274.27284926470588,0,0,0,0,0,0,0
274.32284431561089,274.4228344174208,274.37283936651585,0,0,0,0,0,0,0
274.4228344174208,274.52282451923077,274.47282946832581,0,0,0,0,0,0,0
274.52282451923077,274.62281462104073,274.57281957013572,0,0,0,0,0,0,0
274.62281462104073,274.7228047228507,274.67280967194574,0,0,0,0,0,0,0
274.7228047228507,274.82279482466066,274.77279977375565,0,0,0,0,0,0,0
274.82279482466066,274.92278492647063,274.87278987556567,0,0,0,0,0,0,0
274.92278492647063,275.02277502828059,274.97277997737558,0,0,0,0,0,0,0
275.02277502828059,275.1227651300905,275.07277007918555,0,0,0,0,0,0,0
275.1227651300905,275.22275523190046,275.17276018099551,0,0,0,0,0,0,0
275.22275523190046,275.32274533371043,275.27275028280542,0,0,0,0,0,0,0
275.32274533371043,275.42273543552039,275.37274038461544,0,0,0,0,0,0,0
275.42273543552039,275.52272553733036,275.47273048642535,0,0,0,0,0,0,0
275.52272553733036,275.62271563914027,275.57272058823531,0,0,0,0,0,0,0
275.62271563914027,275.72270574095023,275.67271069004528,0,0,0,0,0,0,0
275.72270574095023,275.8226958427602,275.77270079185519,0,0,0,0,0,0,0
275.8226958427602,275.92268594457016,275.87269089366521,0,0,0,0,0,0,0
275.92268594457016,276.02267604638013,275.97268099547512,0,0,0,0,0,0,0
276.02267604638013,276.12266614819004,276.07267109728508,0,0,0,0,0,0,0
276.12266614819004,276.22265625,276.17266119909505,0,0,0,0,0,0,0
276.22265625,276.32264635180996,276.27265130090495,0,0,0,0,0,0,0
276.32264635180996,276.42263645361993,276.37264140271498,0,0,0,0,0,0,0
276.42263645361993,276.52262655542989,276.47263150452488,0,0,0,0,0,0,0
276.52262655542989,276.62261665723986,276.57262160633491,0,0,0,0,0,0,0
276.62261665723986,276.72260675904982,276.67261170814481,0,0,0,0,0,0,0
276.72260675904982,276.82259686085973,276.77260180995478,0,0,0,0,0,0,0
276.82259686085973,276.9225869626697,276.87259191176474,0,0,0,0,0,0,0
276.9225869626697,277.02257706447966,276.97258201357465,0,0,0,0,0,0,0
277.02257706447966,277.12256716628963,277.07257211538467,0,0,0,0,0,0,0
277.12256716628963,277.22255726809959,277.17256221719458,0,0,0,0,0,0,0
277.22255726809959,277.3225473699095,277.27255231900455,0,0,0,0,0,0,0
277.3225473699095,277.42253747171947,277.37254242081451,0,0,0,0,0,0,0
277.42253747171947,277.52252757352943,277.47253252262442,0,0,0,0,0,0,0
277.52252757352943,277.6225176753394,277.57252262443444,0,0,0,0,0,0,0
277.6225176753394,277.72250777714936,277.67251272624435,0,0,0,0,0,0,0
277.72250777714936,277.82249787895927,277.77250282805431,0,0,0,0,0,0,0
277.82249787895927,277.92248798076923,277.87249292986428,0,0,0,0,0,0,0
277.92248798076923,278.0224780825792,277.97248303167419,0,0,0,0,0,0,0
278.0224780825792,278.12246818438916,278.07247313348421,0,0,0,0,0,0,0
278.12246818438916,278.22245828619913,278.17246323529412,0,0,0,0,0,0,0
278.22245828619913,278.32244838800909,278.27245333710414,0,0,0,0,0,0,0
278.32244838800909,278.42243848981906,278.37244343891405,0,0,0,0,0,0,0
278.42243848981906,278.52242859162897,278.47243354072401,0,0,0,0,0,0,0
278.52242859162897,278.62241869343893,278.57242364253398,0,0,0,0,0,0,0
278.62241869343893,278.7224087952489,278.67241374434388,0,0,0,0,0,0,0
278.7224087952489,278.82239889705886,278.77240384615391,0,0,0,0,0,0,0
278.82239889705886,278.92238899886883,278.87239394796381,0,0,0,0,0,0,0
278.92238899886883,279.02237910067873,278.97238404977378,0,0,0,0,0,0,0
279.02237910067873,279.1223692024887,279.07237415158374,0,0,0,0,0,0,0
279.1223692024887,279.22235930429866,279.17236425339365,0,0,0,0,0,0,0
279.22235930429866,279.32234940610863,279.27235435520367,0,0,0,0,0,0,0
279.32234940610863,279.42233950791859,279.37234445701358,0,0,0,0,0,0,0
279.42233950791859,279.5223296097285,279.47233455882355,0,0,0,0,0,0,0
279.5223296097285,279.62231971153847,279.57232466063351,0,0,0,0,0,0,0
279.62231971153847,279.72230981334843,279.67231476244342,0,0,0,0,0,0,0
279.72230981334843,279.8222999151584,279.77230486425344,0,0,0,0,0,0,0
279.8222999151584,279.92229001696836,279.87229496606335,0,0,0,0,0,0,0
279.92229001696836,280.02228011877827,279.97228506787332,0,0,0,0,0,0,0
280.02228011877827,280.12227022058823,280.07227516968328,0,0,0,0,0,0,0
280.12227022058823,280.2222603223982,280.17226527149319,0,0,0,0,0,0,0
280.2222603223982,280.32225042420816,280.27225537330321,0,0,0,0,0,0,0
280.32225042420816,280.42224052601813,280.37224547511312,0,0,0,0,0,0,0
280.42224052601813,280.52223062782809,280.47223557692314,0,0,0,0,0,0,0
280.52223062782809,280.62222072963806,280.57222567873305,0,0,0,0,0,0,0
280.62222072963806,280.72221083144797,280.67221578054301,0,0,0,0,0,0,0
280.72221083144797,280.82220093325793,280.77220588235298,0,0,0,0,0,0,0
280.82220093325793,280.9221910350679,280.87219598416289,0,0,0,0,0,0,0
280.9221910350679,281.02218113687786,280.97218608597291,0,0,0,0,0,0,0
281.02218113687786,281.12217123868783,281.07217618778282,0,0,0,0,0,0,0
281.12217123868783,281.22216134049773,281.17216628959278,0,0,0,0,0,0,0
281.22216134049773,281.3221514423077,281.27215639140275,0,0,0,0,0,0,0
281.3221514423077,281.42214154411766,281.37214649321265,0,0,0,0,0,0,0
281.42214154411766,281.52213164592763,281.47213659502268,0,0,0,0,0,0,0
281.52213164592763,281.62212174773759,281.57212669683258,0,0,0,0,0,0,0
281.62212174773759,281.7221118495475,281.67211679864255,0,0,0,0,0,0,0
281.7221118495475,281.82210195135747,281.77210690045251,0,0,0,0,0,0,0
281.82210195135747,281.92209205316743,281.87209700226242,0,0,0,0,0,0,0
281.92209205316743,282.0220821549774,281.97208710407244,0,0,0,0,0,0,0
282.0220821549774,282.12207225678736,282.07207720588235,0,0,0,0,0,0,0
282.12207225678736,282.22206235859733,282.17206730769237,0,0,0,0,0,0,0
282.22206235859733,282.32205246040729,282.27205740950228,0,0,0,0,0,0,0
282.32205246040729,282.4220425622172,282.37204751131225,0,0,0,0,0,0,0
282.4220425622172,282.52203266402717,282.47203761312221,0,0,0,0,0,0,0
282.52203266402717,282.62202276583713,282.57202771493212,0,0,0,0,0,0,0
282.62202276583713,282.72201286764709,282.67201781674214,0,0,0,0,0,0,0
282.72201286764709,282.82200296945706,282.77200791855205,0,0,0,0,0,0,0
282.82200296945706,282.92199307126697,282.87199802036201,0,0,0,0,0,0,0
282.92199307126697,283.02198317307693,282.97198812217198,0,0,0,0,0,0,0
283.02198317307693,283.1219732748869,283.07197822398189,0,0,0,0,0,0,0
283.1219732748869,283.22196337669686,283.17196832579191,0,0,0,0,0,0,0
283.22196337669686,283.32195347850683,283.27195842760182,0,0,0,0,0,0,0
283.32195347850683,283.42194358031674,283.37194852941178,0,0,0,0,0,0,0
283.42194358031674,283.5219336821267,283.47193863122175,0,0,0,0,0,0,0
283.5219336821267,283.62192378393667,283.57192873303165,0,0,0,0,0,0,0
283.62192378393667,283.72191388574663,283.67191883484168,0,0,0,0,0,0,0
283.72191388574663,283.8219039875566,283.77190893665158,0,0,0,0,0,0,0
283.8219039875566,283.9218940893665,283.87189903846155,0,0,0,0,0,0,0
283.9218940893665,284.02188419117647,283.97188914027151,0,0,0,0,0,0,0
284.02188419117647,284.12187429298643,284.07187924208142,0,0,0,0,0,0,0
284.12187429298643,284.2218643947964,284.17186934389144,0,0,0,0,0,0,0
284.2218643947964,284.32185449660636,284.27185944570135,0,0,0,0,0,0,0
284.32185449660636,284.42184459841633,284.37184954751137,0,0,0,0,0,0,0
284.42184459841633,284.52183470022629,284.47183964932128,0,0,0,0,0,0,0
284.52183470022629,284.6218248020362,284.57182975113125,0,0,0,0,0,0,0
284.6218248020362,284.72181490384617,284.67181985294121,0,0,0,0,0,0,0
284.72181490384617,284.82180500565613,284.77180995475112,0,0,0,0,0,0,0
284.82180500565613,284.9217951074661,284.87180005656114,0,0,0,0,0,0,0
284.9217951074661,285.02178520927606,284.97179015837105,0,0,0,0,0,0,0
285.02178520927606,285.12177531108597,285.07178026018101,0,0,0,0,0,0,0
285.12177531108597,285.22176541289593,285.17177036199098,0,0,0,0,0,0,0
285.22176541289593,285.3217555147059,285.27176046380089,0,0,0,0,0,0,0
285.3217555147059,285.42174561651586,285.37175056561091,0,0,0,0,0,0,0
285.42174561651586,285.52173571832583,285.47174066742082,0,0,0,0,0,0,0
285.52173571832583,285.62172582013574,285.57173076923078,0,0,0,0,0,0,0
285.62172582013574,285.7217159219457,285.67172087104075,0,0,0,0,0,0,0
285.7217159219457,285.82170602375567,285.77171097285066,0,0,0,0,0,0,0
285.82170602375567,285.92169612556563,285.87170107466068,0,0,0,0,0,0,0
285.92169612556563,286.0216862273756,285.97169117647059,0,0,0,0,0,0,0
286.0216862273756,286.12167632918556,286.07168127828061,0,0,0,0,0,0,0
286.12167632918556,286.22166643099553,286.17167138009052,0,0,0,0,0,0,0
286.22166643099553,286.32165653280543,286.27166148190048,0,0,0,0,0,0,0
286.32165653280543,286.4216466346154,286.37165158371045,0,0,0,0,0,0,0
286.4216466346154,286.52163673642536,286.47164168552035,0,0,0,0,0,0,0
286.52163673642536,286.62162683823533,286.57163178733038,0,0,0,0,0,0,0
286.62162683823533,286.72161694004529,286.67162188914028,0,0,0,0,0,0,0
286.72161694004529,286.8216070418552,286.77161199095025,0,0,0,0,0,0,0
286.8216070418552,286.92159714366517,286.87160209276021,0,0,0,0,0,0,0
286.92159714366517,287.02158724547513,286.97159219457012,0,0,0,0,0,0,0
287.02158724547513,287.1215773472851,287.07158229638014,0,0,0,0,0,0,0
287.1215773472851,287.22156744909506,287.17157239819005,0,0,0,0,0,0,0
287.22156744909506,287.32155755090497,287.27156250000002,0,0,0,0,0,0,0
287.32155755090497,287.42154765271493,287.37155260180998,0,0,0,0,0,0,0
287.42154765271493,287.5215377545249,287.47154270361989,0,0,0,0,0,0,0
287.5215377545249,287.62152785633486,287.57153280542991,0,0,0,0,0,0,0
287.62152785633486,287.72151795814483,287.67152290723982,0,0,0,0,0,0,0
287.72151795814483,287.82150805995479,287.77151300904984,0,0,0,0,0,0,0
287.82150805995479,287.92149816176476,287.87150311085975,0,0,0,0,0,0,0
287.92149816176476,288.02148826357467,287.97149321266971,0,0,0,0,0,0,0
288.02148826357467,288.12147836538463,288.07148331447968,0,0,0,0,0,0,0
288.12147836538463,288.2214684671946,288.17147341628959,0,0,0,0,0,0,0
288.2214684671946,288.32145856900456,288.27146351809961,0,0,0,0,0,0,0
288.32145856900456,288.42144867081453,288.37145361990952,0,0,0,0,0,0,0
288.42144867081453,288.52143877262444,288.47144372171948,0,0,0,0,0,0,0
288.52143877262444,288.6214288744344,288.57143382352945,0,0,0,0,0,0,0
288.6214288744344,288.72141897624437,288.67142392533935,0,0,0,0,0,0,0
288.72141897624437,288.82140907805433,288.77141402714938,0,0,0,0,0,0,0
288.82140907805433,288.9213991798643,288.87140412895928,0,0,0,0,0,0,0
288.9213991798643,289.0213892816742,288.97139423076925,0,0,0,0,0,0,0
289.0213892816742,289.12137938348417,289.07138433257921,0,0,0,0,0,0,0
289.12137938348417,289.22136948529413,289.17137443438912,0,0,0,0,0,0,0
289.22136948529413,289.3213595871041,289.27136453619914,0,0,0,0,0,0,0
289.3213595871041,289.42134968891406,289.37135463800905,0,0,0,0,0,0,0
289.42134968891406,289.52133979072397,289.47134473981902,0,0,0,0,0,0,0
289.52133979072397,289.62132989253394,289.57133484162898,0,0,0,0,0,0,0
289.62132989253394,289.7213199943439,289.67132494343889,0,0,0,0,0,0,0
289.7213199943439,289.82131009615387,289.77131504524891,0,0,0,0,0,0,0
289.82131009615387,289.92130019796383,289.87130514705882,0,0,0,0,0,0,0
289.92130019796383,290.0212902997738,289.97129524886884,0,0,0,0,0,0,0
290.0212902997738,290.12128040158376,290.07128535067875,0,0,0,0,0,0,0
290.12128040158376,290.22127050339367,290.17127545248871,0,0,0,0,0,0,0
290.22127050339367,290.32126060520363,290.27126555429868,0,0,0,0,0,0,0
290.32126060520363,290.4212507070136,290.37125565610859,0,0,0,0,0,0,0
290.4212507070136,290.52124080882356,290.47124575791861,0,0,0,0,0,0,0
290.52124080882356,290.62123091063353,290.57123585972852,0,0,0,0,0,0,0
290.62123091063353,290.72122101244344,290.67122596153848,0,0,0,0,0,0,0
290.72122101244344,290.8212111142534,290.77121606334845,0,0,0,0,0,0,0
290.8212111142534,290.92120121606337,290.87120616515836,0,0,0,0,0,0,0
290.92120121606337,291.02119131787333,290.97119626696838,0,0,0,0,0,0,0
291.02119131787333,291.1211814196833,291.07118636877829,0,0,0,0,0,0,0
291.1211814196833,291.2211715214932,291.17117647058825,0,0,0,0,0,0,0
291.2211715214932,291.32116162330317,291.27116657239822,0,0,0,0,0,0,0
291.32116162330317,291.42115172511313,291.37115667420812,0,0,0,0,0,0,0
291.42115172511313,291.5211418269231,291.47114677601814,0,0,0,0,0,0,0
291.5211418269231,291.62113192873306,291.57113687782805,0,0,0,0,0,0,0
291.62113192873306,291.72112203054303,291.67112697963807,0,0,0,0,0,0,0
291.72112203054303,291.82111213235299,291.77111708144798,0,0,0,0,0,0,0
291.82111213235299,291.9211022341629,291.87110718325795,0,0,0,0,0,0,0
291.9211022341629,292.02109233597287,291.97109728506791,0,0,0,0,0,0,0
292.02109233597287,292.12108243778283,292.07108738687782,0,0,0,0,0,0,0
292.12108243778283,292.2210725395928,292.17107748868784,0,0,0,0,0,0,0
292.2210725395928,292.32106264140276,292.27106759049775,0,0,0,0,0,0,0
292.32106264140276,292.42105274321267,292.37105769230772,0,0,0,0,0,0,0
292.42105274321267,292.52104284502263,292.47104779411768,0,0,0,0,0,0,0
292.52104284502263,292.6210329468326,292.57103789592759,0,0,0,0,0,0,0
292.6210329468326,292.72102304864256,292.67102799773761,0,0,0,0,0,0,0
292.72102304864256,292.82101315045253,292.77101809954752,0,0,0,0,0,0,0
292.82101315045253,292.92100325226244,292.87100820135748,0,0,0,0,0,0,0
292.92100325226244,293.0209933540724,292.97099830316745,0,0,0,0,0,0,0
293.0209933540724,293.12098345588237,293.07098840497736,0,0,0,0,0,0,0
293.12098345588237,293.22097355769233,293.17097850678738,0,0,0,0,0,0,0
293.22097355769233,293.3209636595023,293.27096860859729,0,0,0,0,0,0,0
293.3209636595023,293.42095376131221,293.37095871040725,0,0,0,0,0,0,0
293.42095376131221,293.52094386312217,293.47094881221722,0,0,0,0,0,0,0
293.52094386312217,293.62093396493214,293.57093891402712,0,0,0,0,0,0,0
293.62093396493214,293.7209240667421,293.67092901583715,0,0,0,0,0,0,0
293.7209240667421,293.82091416855206,293.77091911764705,0,0,0,0,0,0,0
293.82091416855206,293.92090427036203,293.87090921945708,0,0,0,0,0,0,0
293.92090427036203,294.02089437217199,293.97089932126698,0,0,0,0,0,0,0
294.02089437217199,294.1208844739819,294.07088942307695,0,0,0,0,0,0,0
294.1208844739819,294.22087457579187,294.17087952488691,0,0,0,0,0,0,0
294.22087457579187,294.32086467760183,294.27086962669682,0,0,0,0,0,0,0
294.32086467760183,294.4208547794118,294.37085972850684,0,0,0,0,0,0,0
294.4208547794118,294.52084488122176,294.47084983031675,0,0,0,0,0,0,0
294.52084488122176,294.62083498303167,294.57083993212672,0,0,0,0,0,0,0
294.62083498303167,294.72082508484164,294.67083003393668,0,0,0,0,0,0,0
294.72082508484164,294.8208151866516,294.77082013574659,0,0,0,0,0,0,0
294.8208151866516,294.92080528846157,294.87081023755661,0,0,0,0,0,0,0
294.92080528846157,295.02079539027153,294.97080033936652,0,0,0,0,0,0,0
295.02079539027153,295.12078549208144,295.07079044117648,0,0,0,0,0,0,0
295.12078549208144,295.2207755938914,295.17078054298645,0,0,0,0,0,0,0
295.2207755938914,295.32076569570137,295.27077064479636,0,0,0,0,0,0,0
295.32076569570137,295.42075579751133,295.37076074660638,0,0,0,0,0,0,0
295.42075579751133,295.5207458993213,295.47075084841629,0,0,0,0,0,0,0
295.5207458993213,295.62073600113126,295.57074095022631,0,0,0,0,0,0,0
295.62073600113126,295.72072610294123,295.67073105203622,0,0,0,0,0,0,0
295.72072610294123,295.82071620475114,295.77072115384618,0,0,0,0,0,0,0
295.82071620475114,295.9207063065611,295.87071125565615,0,0,0,0,0,0,0
295.9207063065611,296.02069640837107,295.97070135746606,0,0,0,0,0,0,0
296.02069640837107,296.12068651018103,296.07069145927608,0,0,0,0,0,0,0
296.12068651018103,296.220676611991,296.17068156108598,0,0,0,0,0,0,0
296.220676611991,296.3206667138009,296.27067166289595,0,0,0,0,0,0,0
296.3206667138009,296.42065681561087,296.37066176470591,0,0,0,0,0,0,0
296.42065681561087,296.52064691742083,296.47065186651582,0,0,0,0,0,0,0
296.52064691742083,296.6206370192308,296.57064196832584,0,0,0,0,0,0,0
296.6206370192308,296.72062712104076,296.67063207013575,0,0,0,0,0,0,0
296.72062712104076,296.82061722285067,296.77062217194572,0,0,0,0,0,0,0
296.82061722285067,296.92060732466064,296.87061227375568,0,0,0,0,0,0,0
296.92060732466064,297.0205974264706,296.97060237556559,0,0,0,0,0,0,0
297.0205974264706,297.12058752828057,297.07059247737561,0,0,0,0,0,0,0
297.12058752828057,297.22057763009053,297.17058257918552,0,0,0,0,0,0,0
297.22057763009053,297.3205677319005,297.27057268099554,0,0,0,0,0,0,0
297.3205677319005,297.42055783371046,297.37056278280545,0,0,0,0,0,0,0
297.42055783371046,297.52054793552037,297.47055288461542,0,0,0,0,0,0,0
297.52054793552037,297.62053803733033,297.57054298642538,0,0,0,0,0,0,0
297.62053803733033,297.7205281391403,297.67053308823529,0,0,0,0,0,0,0
297.7205281391403,297.82051824095026,297.77052319004531,0,0,0,0,0,0,0
297.82051824095026,297.92050834276023,297.87051329185522,0,0,0,0,0,0,0
297.92050834276023,298.02049844457014,297.97050339366518,0,0,0,0,0,0,0
298.02049844457014,298.1204885463801,298.07049349547515,0,0,0,0,0,0,0
298.1204885463801,298.22047864819007,298.17048359728506,0,0,0,0,0,0,0
298.22047864819007,298.32046875000003,298.27047369909508,0,0,0,0,0,0,0
298.32046875000003,298.42045885181,298.37046380090499,0,0,0,0,0,0,0
298.42045885181,298.5204489536199,298.47045390271495,0,0,0,0,0,0,0
298.5204489536199,298.62043905542987,298.57044400452492,0,0,0,0,0,0,0
298.62043905542987,298.72042915723983,298.67043410633482,0,0,0,0,0,0,0
298.72042915723983,298.8204192590498,298.77042420814485,0,0,0,0,0,0,0
298.8204192590498,298.92040936085976,298.87041430995475,0,0,0,0,0,0,0
298.92040936085976,299.02039946266967,298.97040441176472,0,0,0,0,0,0,0
299.02039946266967,299.12038956447964,299.07039451357468,0,0,0,0,0,0,0
299.12038956447964,299.2203796662896,299.17038461538459,0,0,0,0,0,0,0
299.2203796662896,299.32036976809957,299.27037471719461,0,0,0,0,0,0,0
299.32036976809957,299.42035986990953,299.37036481900452,0,0,0,0,0,0,0
299.42035986990953,299.5203499717195,299.47035492081454,0,0,0,0,0,0,0
299.5203499717195,299.62034007352946,299.57034502262445,0,0,0,0,0,0,0
299.62034007352946,299.72033017533937,299.67033512443442,0,0,0,0,0,0,0
299.72033017533937,299.82032027714934,299.77032522624438,0,0,0,0,0,0,0
299.82032027714934,299.9203103789593,299.87031532805429,0,0,0,0,0,0,0
299.9203103789593,300.02030048076927,299.97030542986431,0,0,0,0,0,0,0
300.02030048076927,300.12029058257923,300.07029553167422,0,0,0,0,0,0,0
300.12029058257923,300.22028068438914,300.17028563348418,0,0,0,0,0,0,0
300.22028068438914,300.3202707861991,300.27027573529415,0,0,0,0,0,0,0
300.3202707861991,300.42026088800907,300.37026583710406,0,0,0,0,0,0,0
300.42026088800907,300.52025098981903,300.47025593891408,0,0,0,0,0,0,0
300.52025098981903,300.620241091629,300.57024604072399,0,0,0,0,0,0,0
300.620241091629,300.72023119343891,300.67023614253395,0,0,0,0,0,0,0
300.72023119343891,300.82022129524887,300.77022624434392,0,0,0,0,0,0,0
300.82022129524887,300.92021139705884,300.87021634615382,0,0,0,0,0,0,0
300.92021139705884,301.0202014988688,300.97020644796385,0,0,0,0,0,0,0
301.0202014988688,301.12019160067877,301.07019654977375,0,0,0,0,0,0,0
301.12019160067877,301.22018170248873,301.17018665158378,0,0,0,0,0,0,0
301.22018170248873,301.3201718042987,301.27017675339368,0,0,0,0,0,0,0
301.3201718042987,301.4201619061086,301.37016685520365,0,0,0,0,0,0,0
301.4201619061086,301.52015200791857,301.47015695701361,0,0,0,0,0,0,0
301.52015200791857,301.62014210972853,301.57014705882352,0,0,0,0,0,0,0
301.62014210972853,301.7201322115385,301.67013716063354,0,0,0,0,0,0,0
301.7201322115385,301.82012231334846,301.77012726244345,0,0,0,0,0,0,0
301.82012231334846,301.92011241515837,301.87011736425342,0,0,0,0,0,0,0
301.92011241515837,302.02010251696834,301.97010746606338,0,0,0,0,0,0,0
302.02010251696834,302.1200926187783,302.07009756787329,0,0,0,0,0,0,0
302.1200926187783,302.22008272058827,302.17008766968331,0,0,0,0,0,0,0
302.22008272058827,302.32007282239823,302.27007777149322,0,0,0,0,0,0,0
302.32007282239823,302.42006292420814,302.37006787330319,0,0,0,0,0,0,0
302.42006292420814,302.5200530260181,302.47005797511315,0,0,0,0,0,0,0
302.5200530260181,302.62004312782807,302.57004807692306,0,0,0,0,0,0,0
302.62004312782807,302.72003322963803,302.67003817873308,0,0,0,0,0,0,0
302.72003322963803,302.820023331448,302.77002828054299,0,0,0,0,0,0,0
302.820023331448,302.92001343325791,302.87001838235295,0,0,0,0,0,0,0
302.92001343325791,303.02000353506787,302.97000848416292,0,0,0,0,0,0,0
303.02000353506787,303.11999363687784,303.06999858597283,0,0,0,0,0,0,0
303.11999363687784,303.2199837386878,303.16998868778285,0,0,0,0,0,0,0
303.2199837386878,303.31997384049777,303.26997878959276,0,0,0,0,0,0,0
303.31997384049777,303.41996394230773,303.36996889140278,0,0,0,0,0,0,0
303.41996394230773,303.5199540441177,303.46995899321269,0,0,0,0,0,0,0
303.5199540441177,303.6199441459276,303.56994909502265,0,0,0,0,0,0,0
303.6199441459276,303.71993424773757,303.66993919683262,0,0,0,0,0,0,0
303.71993424773757,303.81992434954753,303.76992929864252,0,0,0,0,0,0,0
303.81992434954753,303.9199144513575,303.86991940045255,0,0,0,0,0,0,0
303.9199144513575,304.01990455316746,303.96990950226245,0,0,0,0,0,0,0
304.01990455316746,304.11989465497737,304.06989960407242,0,0,0,0,0,0,0
304.11989465497737,304.21988475678734,304.16988970588238,0,0,0,0,0,0,0
304.21988475678734,304.3198748585973,304.26987980769229,0,0,0,0,0,0,0
304.3198748585973,304.41986496040727,304.36986990950231,0,0,0,0,0,0,0
304.41986496040727,304.51985506221723,304.46986001131222,0,0,0,0,0,0,0
304.51985506221723,304.61984516402714,304.56985011312219,0,0,0,0,0,0,0
304.61984516402714,304.7198352658371,304.66984021493215,0,0,0,0,0,0,0
304.7198352658371,304.81982536764707,304.76983031674206,0,0,0,0,0,0,0
304.81982536764707,304.91981546945703,304.86982041855208,0,0,0,0,0,0,0
304.91981546945703,305.019805571267,304.96981052036199,0,0,0,0,0,0,0
305.019805571267,305.11979567307696,305.06980062217201,0,0,0,0,0,0,0
305.11979567307696,305.21978577488693,305.16979072398192,0,0,0,0,0,0,0
305.21978577488693,305.31977587669684,305.26978082579188,0,0,0,0,0,0,0
305.31977587669684,305.4197659785068,305.36977092760185,0,0,0,0,0,0,0
305.4197659785068,305.51975608031677,305.46976102941176,0,0,0,0,0,0,0
305.51975608031677,305.61974618212673,305.56975113122178,0,0,0,0,0,0,0
305.61974618212673,305.7197362839367,305.66974123303169,0,0,0,0,0,0,0
305.7197362839367,305.81972638574661,305.76973133484165,0,0,0,0,0,0,0
305.81972638574661,305.91971648755657,305.86972143665162,0,0,0,0,0,0,0
305.91971648755657,306.01970658936654,305.96971153846152,0,0,0,0,0,0,0
306.01970658936654,306.1196966911765,306.06970164027155,0,0,0,0,0,0,0
306.1196966911765,306.21968679298647,306.16969174208145,0,0,0,0,0,0,0
306.21968679298647,306.31967689479637,306.26968184389142,0,0,0,0,0,0,0
306.31967689479637,306.41966699660634,306.36967194570138,0,0,0,0,0,0,0
306.41966699660634,306.5196570984163,306.46966204751129,0,0,0,0,0,0,0
306.5196570984163,306.61964720022627,306.56965214932131,0,0,0,0,0,0,0
306.61964720022627,306.71963730203623,306.66964225113122,0,0,0,0,0,0,0
306.71963730203623,306.8196274038462,306.76963235294124,0,0,0,0,0,0,0
306.8196274038462,306.91961750565616,306.86962245475115,0,0,0,0,0,0,0
306.91961750565616,307.01960760746607,306.96961255656112,0,0,0,0,0,0,0
307.01960760746607,307.11959770927604,307.06960265837108,0,0,0,0,0,0,0
307.11959770927604,307.219587811086,307.16959276018099,0,0,0,0,0,0,0
307.219587811086,307.31957791289597,307.26958286199101,0,0,0,0,0,0,0
307.31957791289597,307.41956801470593,307.36957296380092,0,0,0,0,0,0,0
307.41956801470593,307.51955811651584,307.46956306561088,0,0,0,0,0,0,0
307.51955811651584,307.6195482183258,307.56955316742085,0,0,0,0,0,0,0
307.6195482183258,307.71953832013577,307.66954326923076,0,0,0,0,0,0,0
307.71953832013577,307.81952842194573,307.76953337104078,0,0,0,0,0,0,0
307.81952842194573,307.9195185237557,307.86952347285069,0,0,0,0,0,0,0
307.9195185237557,308.01950862556561,307.96951357466065,0,0,0,0,0,0,0
308.01950862556561,308.11949872737557,308.06950367647062,0,0,0,0,0,0,0
308.11949872737557,308.21948882918554,308.16949377828053,0,0,0,0,0,0,0
308.21948882918554,308.3194789309955,308.26948388009055,0,0,0,0,0,0,0
308.3194789309955,308.41946903280547,308.36947398190046,0,0,0,0,0,0,0
308.41946903280547,308.51945913461537,308.46946408371042,0,0,0,0,0,0,0
308.51945913461537,308.61944923642534,308.56945418552039,0,0,0,0,0,0,0
308.61944923642534,308.7194393382353,308.66944428733029,0,0,0,0,0,0,0
308.7194393382353,308.81942944004527,308.76943438914032,0,0,0,0,0,0,0
308.81942944004527,308.91941954185523,308.86942449095022,0,0,0,0,0,0,0
308.91941954185523,309.0194096436652,308.96941459276024,0,0,0,0,0,0,0
309.0194096436652,309.11939974547516,309.06940469457015,0,0,0,0,0,0,0
309.11939974547516,309.21938984728507,309.16939479638012,0,0,0,0,0,0,0
309.21938984728507,309.31937994909504,309.26938489819008,0,0,0,0,0,0,0
309.31937994909504,309.419370050905,309.36937499999999,0,0,0,0,0,0,0
309.419370050905,309.51936015271497,309.46936510181001,0,0,0,0,0,0,0
309.51936015271497,309.61935025452493,309.56935520361992,0,0,0,0,0,0,0
309.61935025452493,309.71934035633484,309.66934530542989,0,0,0,0,0,0,0
309.71934035633484,309.8193304581448,309.76933540723985,0,0,0,0,0,0,0
309.8193304581448,309.91932055995477,309.86932550904976,0,0,0,0,0,0,0
309.91932055995477,310.01931066176473,309.96931561085978,0,0,0,0,0,0,0
310.01931066176473,310.1193007635747,310.06930571266969,0,0,0,0,0,0,0
310.1193007635747,310.21929086538461,310.16929581447965,0,0,0,0,0,0,0
310.21929086538461,310.31928096719457,310.26928591628962,0,0,0,0,0,0,0
310.31928096719457,310.41927106900454,310.36927601809953,0,0,0,0,0,0,0
310.41927106900454,310.5192611708145,310.46926611990955,0,0,0,0,0,0,0
310.5192611708145,310.61925127262447,310.56925622171946,0,0,0,0,0,0,0
310.61925127262447,310.71924137443443,310.66924632352948,0,0,0,0,0,0,0
310.71924137443443,310.8192314762444,310.76923642533939,0,0,0,0,0,0,0
310.8192314762444,310.91922157805431,310.86922652714935,0,0,0,0,0,0,0
310.91922157805431,311.01921167986427,310.96921662895932,0,0,0,0,0,0,0
311.01921167986427,311.11920178167424,311.06920673076922,0,0,0,0,0,0,0
311.11920178167424,311.2191918834842,311.16919683257925,0,0,0,0,0,0,0
311.2191918834842,311.31918198529416,311.26918693438915,0,0,0,0,0,0,0
311.31918198529416,311.41917208710407,311.36917703619912,0,0,0,0,0,0,0
311.41917208710407,311.51916218891404,311.46916713800908,0,0,0,0,0,0,0
311.51916218891404,311.619152290724,311.56915723981899,0,0,0,0,0,0,0
311.619152290724,311.71914239253397,311.66914734162901,0,0,0,0,0,0,0
311.71914239253397,311.81913249434393,311.76913744343892,0,0,0,0,0,0,0
311.81913249434393,311.91912259615384,311.86912754524889,0,0,0,0,0,0,0
311.91912259615384,312.01911269796381,311.96911764705885,0,0,0,0,0,0,0
312.01911269796381,312.11910279977377,312.06910774886876,0,0,0,0,0,0,0
312.11910279977377,312.21909290158374,312.16909785067878,0,0,0,0,0,0,0
312.21909290158374,312.3190830033937,312.26908795248869,0,0,0,0,0,0,0
312.3190830033937,312.41907310520361,312.36907805429865,0,0,0,0,0,0,0
312.41907310520361,312.51906320701357,312.46906815610862,0,0,0,0,0,0,0
312.51906320701357,312.61905330882354,312.56905825791853,0,0,0,0,0,0,0
312.61905330882354,312.7190434106335,312.66904835972855,0,0,0,0,0,0,0
312.7190434106335,312.81903351244347,312.76903846153846,0,0,0,0,0,0,0
312.81903351244347,312.91902361425343,312.86902856334848,0,0,0,0,0,0,0
312.91902361425343,313.0190137160634,312.96901866515839,0,0,0,0,0,0,0
313.0190137160634,313.11900381787331,313.06900876696835,0,0,0,0,0,0,0
313.11900381787331,313.21899391968327,313.16899886877832,0,0,0,0,0,0,0
313.21899391968327,313.31898402149324,313.26898897058823,0,0,0,0,0,0,0
313.31898402149324,313.4189741233032,313.36897907239825,0,0,0,0,0,0,0
313.4189741233032,313.51896422511317,313.46896917420815,0,0,0,0,0,0,0
313.51896422511317,313.61895432692307,313.56895927601812,0,0,0,0,0,0,0
313.61895432692307,313.71894442873304,313.66894937782808,0,0,0,0,0,0,0
313.71894442873304,313.818934530543,313.76893947963799,0,0,0,0,0,0,0
313.818934530543,313.91892463235297,313.86892958144801,0,0,0,0,0,0,0
313.91892463235297,314.01891473416293,313.96891968325792,0,0,0,0,0,0,0
314.01891473416293,314.11890483597284,314.06890978506789,0,0,0,0,0,0,0
314.11890483597284,314.21889493778281,314.16889988687785,0,0,0,0,0,0,0
314.21889493778281,314.31888503959277,314.26888998868776,0,0,0,0,0,0,0
314.31888503959277,314.41887514140274,314.36888009049778,0,0,0,0,0,0,0
314.41887514140274,314.5188652432127,314.46887019230769,0,0,0,0,0,0,0
314.5188652432127,314.61885534502267,314.56886029411771,0,0,0,0,0,0,0
314.61885534502267,314.71884544683263,314.66885039592762,0,0,0,0,0,0,0
314.71884544683263,314.81883554864254,314.76884049773759,0,0,0,0,0,0,0
314.81883554864254,314.9188256504525,314.86883059954755,0,0,0,0,0,0,0
314.9188256504525,315.01881575226247,314.96882070135746,0,0,0,0,0,0,0
315.01881575226247,315.11880585407243,315.06881080316748,0,0,0,0,0,0,0
315.11880585407243,315.2187959558824,315.16880090497739,0,0,0,0,0,0,0
315.2187959558824,315.31878605769231,315.26879100678735,0,0,0,0,0,0,0
315.31878605769231,315.41877615950227,315.36878110859732,0,0,0,0,0,0,0
315.41877615950227,315.51876626131224,315.46877121040723,0,0,0,0,0,0,0
315.51876626131224,315.6187563631222,315.56876131221725,0,0,0,0,0,0,0
315.6187563631222,315.71874646493217,315.66875141402716,0,0,0,0,0,0,0
315.71874646493217,315.81873656674207,315.76874151583712,0,0,0,0,0,0,0
315.81873656674207,315.91872666855204,315.86873161764709,0,0,0,0,0,0,0
315.91872666855204,316.018716770362,315.96872171945699,0,0,0,0,0,0,0
316.018716770362,316.11870687217197,316.06871182126702,0,0,0,0,0,0,0
316.11870687217197,316.21869697398193,316.16870192307692,0,0,0,0,0,0,0
316.21869697398193,316.3186870757919,316.26869202488695,0,0,0,0,0,0,0
316.3186870757919,316.41867717760186,316.36868212669685,0,0,0,0,0,0,0
316.41867717760186,316.51866727941177,316.46867222850682,0,0,0,0,0,0,0
316.51866727941177,316.61865738122174,316.56866233031678,0,0,0,0,0,0,0
316.61865738122174,316.7186474830317,316.66865243212669,0,0,0,0,0,0,0
316.7186474830317,316.81863758484167,316.76864253393671,0,0,0,0,0,0,0
316.81863758484167,316.91862768665163,316.86863263574662,0,0,0,0,0,0,0
316.91862768665163,317.01861778846154,316.96862273755659,0,0,0,0,0,0,0
317.01861778846154,317.11860789027151,317.06861283936655,0,0,0,0,0,0,0
317.11860789027151,317.21859799208147,317.16860294117646,0,0,0,0,0,0,0
317.21859799208147,317.31858809389144,317.26859304298648,0,0,0,0,0,0,0
317.31858809389144,317.4185781957014,317.36858314479639,0,0,0,0,0,0,0
317.4185781957014,317.51856829751131,317.46857324660635,0,0,0,0,0,0,0
317.51856829751131,317.61855839932127,317.56856334841632,0,0,0,0,0,0,0
317.61855839932127,317.71854850113124,317.66855345022623,0,0,0,0,0,0,0
317.71854850113124,317.8185386029412,317.76854355203625,0,0,0,0,0,0,0
317.8185386029412,317.91852870475117,317.86853365384616,0,0,0,0,0,0,0
317.91852870475117,318.01851880656108,317.96852375565612,0,0,0,0,0,0,0
318.01851880656108,318.11850890837104,318.06851385746609,0,0,0,0,0,0,0
318.11850890837104,318.21849901018101,318.16850395927599,0,0,0,0,0,0,0
318.21849901018101,318.31848911199097,318.26849406108602,0,0,0,0,0,0,0
318.31848911199097,318.41847921380094,318.36848416289592,0,0,0,0,0,0,0
318.41847921380094,318.5184693156109,318.46847426470595,0,0,0,0,0,0,0
318.5184693156109,318.61845941742087,318.56846436651585,0,0,0,0,0,0,0
318.61845941742087,318.71844951923077,318.66845446832582,0,0,0,0,0,0,0
318.71844951923077,318.81843962104074,318.76844457013578,0,0,0,0,0,0,0
318.81843962104074,318.9184297228507,318.86843467194569,0,0,0,0,0,0,0
318.9184297228507,319.01841982466067,318.96842477375571,0,0,0,0,0,0,0
319.01841982466067,319.11840992647063,319.06841487556562,0,0,0,0,0,0,0
319.11840992647063,319.21840002828054,319.16840497737559,0,0,0,0,0,0,0
319.21840002828054,319.31839013009051,319.26839507918555,0,0,0,0,0,0,0
319.31839013009051,319.41838023190047,319.36838518099546,0,0,0,0,0,0,0
319.41838023190047,319.51837033371044,319.46837528280548,0,0,0,0,0,0,0
319.51837033371044,319.6183604355204,319.56836538461539,0,0,0,0,0,0,0
319.6183604355204,319.71835053733031,319.66835548642536,0,0,0,0,0,0,0
319.71835053733031,319.81834063914027,319.76834558823532,0,0,0,0,0,0,0
319.81834063914027,319.91833074095024,319.86833569004523,0,0,0,0,0,0,0
319.91833074095024,320.0183208427602,319.96832579185525,0,0,0,0,0,0,0
320.0183208427602,320.11831094457017,320.06831589366516,0,0,0,0,0,0,0
320.11831094457017,320.21830104638013,320.16830599547518,0,0,0,0,0,0,0
320.21830104638013,320.3182911481901,320.26829609728509,0,0,0,0,0,0,0
320.3182911481901,320.41828125000001,320.36828619909505,0,0,0,0,0,0,0
320.41828125000001,320.51827135180997,320.46827630090502,0,0,0,0,0,0,0
320.51827135180997,320.61826145361994,320.56826640271493,0,0,0,0,0,0,0
320.61826145361994,320.7182515554299,320.66825650452495,0,0,0,0,0,0,0
320.7182515554299,320.81824165723987,320.76824660633486,0,0,0,0,0,0,0
320.81824165723987,320.91823175904977,320.86823670814482,0,0,0,0,0,0,0
320.91823175904977,321.01822186085974,320.96822680995479,0,0,0,0,0,0,0
321.01822186085974,321.1182119626697,321.06821691176469,0,0,0,0,0,0,0
321.1182119626697,321.21820206447967,321.16820701357472,0,0,0,0,0,0,0
321.21820206447967,321.31819216628963,321.26819711538462,0,0,0,0,0,0,0
321.31819216628963,321.41818226809954,321.36818721719459,0,0,0,0,0,0,0
321.41818226809954,321.51817236990951,321.46817731900455,0,0,0,0,0,0,0
321.51817236990951,321.61816247171947,321.56816742081446,0,0,0,0,0,0,0
321.61816247171947,321.71815257352944,321.66815752262448,0,0,0,0,0,0,0
321.71815257352944,321.8181426753394,321.76814762443439,0,0,0,0,0,0,0
321.8181426753394,321.91813277714931,321.86813772624436,0,0,0,0,0,0,0
321.91813277714931,322.01812287895928,321.96812782805432,0,0,0,0,0,0,0
322.01812287895928,322.11811298076924,322.06811792986423,0,0,0,0,0,0,0
322.11811298076924,322.2181030825792,322.16810803167425,0,0,0,0,0,0,0
322.2181030825792,322.31809318438917,322.26809813348416,0,0,0,0,0,0,0
322.31809318438917,322.41808328619913,322.36808823529418,0,0,0,0,0,0,0
322.41808328619913,322.5180733880091,322.46807833710409,0,0,0,0,0,0,0
322.5180733880091,322.61806348981901,322.56806843891405,0,0,0,0,0,0,0
322.61806348981901,322.71805359162897,322.66805854072402,0,0,0,0,0,0,0
322.71805359162897,322.81804369343894,322.76804864253393,0,0,0,0,0,0,0
322.81804369343894,322.9180337952489,322.86803874434395,0,0,0,0,0,0,0
322.9180337952489,323.01802389705887,322.96802884615386,0,0,0,0,0,0,0
323.01802389705887,323.11801399886878,323.06801894796382,0,0,0,0,0,0,0
323.11801399886878,323.21800410067874,323.16800904977379,0,0,0,0,0,0,0
323.21800410067874,323.31799420248871,323.26799915158369,0,0,0,0,0,0,0
323.31799420248871,323.41798430429867,323.36798925339372,0,0,0,0,0,0,0
323.41798430429867,323.51797440610864,323.46797935520362,0,0,0,0,0,0,0
323.51797440610864,323.61796450791854,323.56796945701359,0,0,0,0,0,0,0
323.61796450791854,323.71795460972851,323.66795955882355,0,0,0,0,0,0,0
323.71795460972851,323.81794471153847,323.76794966063346,0,0,0,0,0,0,0
323.81794471153847,323.91793481334844,323.86793976244348,0,0,0,0,0,0,0
323.91793481334844,324.0179249151584,323.96792986425339,0,0,0,0,0,0,0
324.0179249151584,324.11791501696837,324.06791996606341,0,0,0,0,0,0,0
324.11791501696837,324.21790511877833,324.16791006787332,0,0,0,0,0,0,0
324.21790511877833,324.31789522058824,324.26790016968329,0,0,0,0,0,0,0
324.31789522058824,324.41788532239821,324.36789027149325,0,0,0,0,0,0,0
324.41788532239821,324.51787542420817,324.46788037330316,0,0,0,0,0,0,0
324.51787542420817,324.61786552601814,324.56787047511318,0,0,0,0,0,0,0
324.61786552601814,324.7178556278281,324.66786057692309,0,0,0,0,0,0,0
324.7178556278281,324.81784572963801,324.76785067873305,0,0,0,0,0,0,0
324.81784572963801,324.91783583144797,324.86784078054302,0,0,0,0,0,0,0
324.91783583144797,325.01782593325794,324.96783088235293,0,0,0,0,0,0,0
325.01782593325794,325.1178160350679,325.06782098416295,0,0,0,0,0,0,0
325.1178160350679,325.21780613687787,325.16781108597286,0,0,0,0,0,0,0
325.21780613687787,325.31779623868778,325.26780118778282,0,0,0,0,0,0,0
325.31779623868778,325.41778634049774,325.36779128959279,0,0,0,0,0,0,0
325.41778634049774,325.51777644230771,325.4677813914027,0,0,0,0,0,0,0
325.51777644230771,325.61776654411767,325.56777149321272,0,0,0,0,0,0,0
325.61776654411767,325.71775664592764,325.66776159502263,0,0,0,0,0,0,0
325.71775664592764,325.8177467477376,325.76775169683265,0,0,0,0,0,0,0
325.8177467477376,325.91773684954757,325.86774179864256,0,0,0,0,0,0,0
325.91773684954757,326.01772695135747,325.96773190045252,0,0,0,0,0,0,0
326.01772695135747,326.11771705316744,326.06772200226249,0,0,0,0,0,0,0
326.11771705316744,326.2177071549774,326.16771210407239,0,0,0,0,0,0,0
326.2177071549774,326.31769725678737,326.26770220588242,0,0,0,0,0,0,0
326.31769725678737,326.41768735859733,326.36769230769232,0,0,0,0,0,0,0
326.41768735859733,326.51767746040724,326.46768240950229,0,0,0,0,0,0,0
326.51767746040724,326.61766756221721,326.56767251131225,0,0,0,0,0,0,0
326.61766756221721,326.71765766402717,326.66766261312216,0,0,0,0,0,0,0
326.71765766402717,326.81764776583714,326.76765271493218,0,0,0,0,0,0,0
326.81764776583714,326.9176378676471,326.86764281674209,0,0,0,0,0,0,0
326.9176378676471,327.01762796945701,326.96763291855206,0,0,0,0,0,0,0
327.01762796945701,327.11761807126697,327.06762302036202,0,0,0,0,0,0,0
327.11761807126697,327.21760817307694,327.16761312217193,0,0,0,0,0,0,0
327.21760817307694,327.3175982748869,327.26760322398195,0,0,0,0,0,0,0
327.3175982748869,327.41758837669687,327.36759332579186,0,0,0,0,0,0,0
327.41758837669687,327.51757847850678,327.46758342760182,0,0,0,0,0,0,0
327.51757847850678,327.61756858031674,327.56757352941179,0,0,0,0,0,0,0
327.61756858031674,327.71755868212671,327.6675636312217,0,0,0,0,0,0,0
327.71755868212671,327.81754878393667,327.76755373303172,0,0,0,0,0,0,0
327.81754878393667,327.91753888574664,327.86754383484163,0,0,0,0,0,0,0
327.91753888574664,328.0175289875566,327.96753393665165,0,0,0,0,0,0,0
328.0175289875566,328.11751908936657,328.06752403846156,0,0,0,0,0,0,0
328.11751908936657,328.21750919117648,328.16751414027152,0,0,0,0,0,0,0
328.21750919117648,328.31749929298644,328.26750424208149,0,0,0,0,0,0,0
328.31749929298644,328.41748939479641,328.36749434389139,0,0,0,0,0,0,0
328.41748939479641,328.51747949660637,328.46748444570142,0,0,0,0,0,0,0
328.51747949660637,328.61746959841633,328.56747454751132,0,0,0,0,0,0,0
328.61746959841633,328.71745970022624,328.66746464932129,0,0,0,0,0,0,0
328.71745970022624,328.81744980203621,328.76745475113125,0,0,0,0,0,0,0
328.81744980203621,328.91743990384617,328.86744485294116,0,0,0,0,0,0,0
328.91743990384617,329.01743000565614,328.96743495475118,0,0,0,0,0,0,0
329.01743000565614,329.1174201074661,329.06742505656109,0,0,0,0,0,0,0
329.1174201074661,329.21741020927601,329.16741515837106,0,0,0,0,0,0,0
329.21741020927601,329.31740031108598,329.26740526018102,0,0,0,0,0,0,0
329.31740031108598,329.41739041289594,329.36739536199093,0,0,0,0,0,0,0
329.41739041289594,329.51738051470591,329.46738546380095,0,0,0,0,0,0,0
329.51738051470591,329.61737061651587,329.56737556561086,0,0,0,0,0,0,0
329.61737061651587,329.71736071832584,329.66736566742088,0,0,0,0,0,0,0
329.71736071832584,329.8173508201358,329.76735576923079,0,0,0,0,0,0,0
329.8173508201358,329.91734092194571,329.86734587104075,0,0,0,0,0,0,0
329.91734092194571,330.01733102375567,329.96733597285072,0,0,0,0,0,0,0
330.01733102375567,330.11732112556564,330.06732607466063,0,0,0,0,0,0,0
330.11732112556564,330.2173112273756,330.16731617647065,0,0,0,0,0,0,0
330.2173112273756,330.31730132918557,330.26730627828056,0,0,0,0,0,0,0
330.31730132918557,330.41729143099548,330.36729638009052,0,0,0,0,0,0,0
330.41729143099548,330.51728153280544,330.46728648190049,0,0,0,0,0,0,0
330.51728153280544,330.61727163461541,330.5672765837104,0,0,0,0,0,0,0
330.61727163461541,330.71726173642537,330.66726668552042,0,0,0,0,0,0,0
330.71726173642537,330.81725183823534,330.76725678733033,0,0,0,0,0,0,0
330.81725183823534,330.91724194004524,330.86724688914029,0,0,0,0,0,0,0
330.91724194004524,331.01723204185521,330.96723699095025,0,0,0,0,0,0,0
331.01723204185521,331.11722214366517,331.06722709276016,0,0,0,0,0,0,0
331.11722214366517,331.21721224547514,331.16721719457018,0,0,0,0,0,0,0
331.21721224547514,331.3172023472851,331.26720729638009,0,0,0,0,0,0,0
331.3172023472851,331.41719244909501,331.36719739819006,0,0,0,0,0,0,0
331.41719244909501,331.51718255090498,331.46718750000002,0,0,0,0,0,0,0
331.51718255090498,331.61717265271494,331.56717760180993,0,0,0,0,0,0,0
331.61717265271494,331.71716275452491,331.66716770361995,0,0,0,0,0,0,0
331.71716275452491,331.81715285633487,331.76715780542986,0,0,0,0,0,0,0
331.81715285633487,331.91714295814484,331.86714790723988,0,0,0,0,0,0,0
331.91714295814484,332.0171330599548,331.96713800904979,0,0,0,0,0,0,0
332.0171330599548,332.11712316176471,332.06712811085976,0,0,0,0,0,0,0
332.11712316176471,332.21711326357467,332.16711821266972,0,0,0,0,0,0,0
332.21711326357467,332.31710336538464,332.26710831447963,0,0,0,0,0,0,0
332.31710336538464,332.4170934671946,332.36709841628965,0,0,0,0,0,0,0
332.4170934671946,332.51708356900457,332.46708851809956,0,0,0,0,0,0,0
332.51708356900457,332.61707367081448,332.56707861990952,0,0,0,0,0,0,0
332.61707367081448,332.71706377262444,332.66706872171949,0,0,0,0,0,0,0
332.71706377262444,332.81705387443441,332.7670588235294,0,0,0,0,0,0,0
332.81705387443441,332.91704397624437,332.86704892533942,0,0,0,0,0,0,0
332.91704397624437,333.01703407805434,332.96703902714933,0,0,0,0,0,0,0
333.01703407805434,333.11702417986425,333.06702912895929,0,0,0,0,0,0,0
333.11702417986425,333.21701428167421,333.16701923076926,0,0,0,0,0,0,0
333.21701428167421,333.31700438348417,333.26700933257916,0,0,0,0,0,0,0
333.31700438348417,333.41699448529414,333.36699943438919,0,0,0,0,0,0,0
333.41699448529414,333.5169845871041,333.46698953619909,0,0,0,0,0,0,0
333.5169845871041,333.61697468891407,333.56697963800912,0,0,0,0,0,0,0
333.61697468891407,333.71696479072403,333.66696973981902,0,0,0,0,0,0,0
333.71696479072403,333.81695489253394,333.76695984162899,0,0,0,0,0,0,0
333.81695489253394,333.91694499434391,333.86694994343895,0,0,0,0,0,0,0
333.91694499434391,334.01693509615387,333.96694004524886,0,0,0,0,0,0,0
334.01693509615387,334.11692519796384,334.06693014705888,0,0,0,0,0,0,0
334.11692519796384,334.2169152997738,334.16692024886879,0,0,0,0,0,0,0
334.2169152997738,334.31690540158371,334.26691035067876,0,0,0,0,0,0,0
334.31690540158371,334.41689550339368,334.36690045248872,0,0,0,0,0,0,0
334.41689550339368,334.51688560520364,334.46689055429863,0,0,0,0,0,0,0
334.51688560520364,334.61687570701361,334.56688065610865,0,0,0,0,0,0,0
334.61687570701361,334.71686580882357,334.66687075791856,0,0,0,0,0,0,0
334.71686580882357,334.81685591063348,334.76686085972852,0,0,0,0,0,0,0
334.81685591063348,334.91684601244344,334.86685096153849,0,0,0,0,0,0,0
334.91684601244344,335.01683611425341,334.9668410633484,0,0,0,0,0,0,0
335.01683611425341,335.11682621606337,335.06683116515842,0,0,0,0,0,0,0
335.11682621606337,335.21681631787334,335.16682126696833,0,0,0,0,0,0,0
335.21681631787334,335.31680641968325,335.26681136877829,0,0,0,0,0,0,0
335.31680641968325,335.41679652149321,335.36680147058826,0,0,0,0,0,0,0
335.41679652149321,335.51678662330318,335.46679157239817,0,0,0,0,0,0,0
335.51678662330318,335.61677672511314,335.56678167420819,0,0,0,0,0,0,0
335.61677672511314,335.71676682692311,335.66677177601809,0,0,0,0,0,0,0
335.71676682692311,335.81675692873307,335.76676187782812,0,0,0,0,0,0,0
335.81675692873307,335.91674703054304,335.86675197963802,0,0,0,0,0,0,0
335.91674703054304,336.01673713235294,335.96674208144799,0,0,0,0,0,0,0
336.01673713235294,336.11672723416291,336.06673218325795,0,0,0,0,0,0,0
336.11672723416291,336.21671733597287,336.16672228506786,0,0,0,0,0,0,0
336.21671733597287,336.31670743778284,336.26671238687788,0,0,0,0,0,0,0
336.31670743778284,336.4166975395928,336.36670248868779,0,0,0,0,0,0,0
336.4166975395928,336.51668764140271,336.46669259049776,0,0,0,0,0,0,0
336.51668764140271,336.61667774321268,336.56668269230772,0,0,0,0,0,0,0
336.61667774321268,336.71666784502264,336.66667279411763,0,0,0,0,0,0,0
336.71666784502264,336.81665794683261,336.76666289592765,0,0,0,0,0,0,0
336.81665794683261,336.91664804864257,336.86665299773756,0,0,0,0,0,0,0
336.91664804864257,337.01663815045248,336.96664309954753,0,0,0,0,0,0,0
337.01663815045248,337.11662825226244,337.06663320135749,0,0,0,0,0,0,0
337.11662825226244,337.21661835407241,337.1666233031674,0,0,0,0,0,0,0
337.21661835407241,337.31660845588237,337.26661340497742,0,0,0,0,0,0,0
337.31660845588237,337.41659855769234,337.36660350678733,0,0,0,0,0,0,0
337.41659855769234,337.5165886595023,337.46659360859735,0,0,0,0,0,0,0
337.5165886595023,337.61657876131227,337.56658371040726,0,0,0,0,0,0,0
337.61657876131227,337.71656886312218,337.66657381221722,0,0,0,0,0,0,0
337.71656886312218,337.81655896493214,337.76656391402719,0,0,0,0,0,0,0
337.81655896493214,337.91654906674211,337.8665540158371,0,0,0,0,0,0,0
337.91654906674211,338.01653916855207,337.96654411764712,0,0,0,0,0,0,0
338.01653916855207,338.11652927036204,338.06653421945703,0,0,0,0,0,0,0
338.11652927036204,338.21651937217194,338.16652432126699,0,0,0,0,0,0,0
338.21651937217194,338.31650947398191,338.26651442307696,0,0,0,0,0,0,0
338.31650947398191,338.41649957579187,338.36650452488686,0,0,0,0,0,0,0
338.41649957579187,338.51648967760184,338.46649462669689,0,0,0,0,0,0,0
338.51648967760184,338.6164797794118,338.56648472850679,0,0,0,0,0,0,0
338.6164797794118,338.71646988122171,338.66647483031676,0,0,0,0,0,0,0
338.71646988122171,338.81645998303168,338.76646493212672,0,0,0,0,0,0,0
338.81645998303168,338.91645008484164,338.86645503393663,0,0,0,0,0,0,0
338.91645008484164,339.01644018665161,338.96644513574665,0,0,0,0,0,0,0
339.01644018665161,339.11643028846157,339.06643523755656,0,0,0,0,0,0,0
339.11643028846157,339.21642039027154,339.16642533936658,0,0,0,0,0,0,0
339.21642039027154,339.3164104920815,339.26641544117649,0,0,0,0,0,0,0
339.3164104920815,339.41640059389141,339.36640554298646,0,0,0,0,0,0,0
339.41640059389141,339.51639069570138,339.46639564479642,0,0,0,0,0,0,0
339.51639069570138,339.61638079751134,339.56638574660633,0,0,0,0,0,0,0
339.61638079751134,339.7163708993213,339.66637584841635,0,0,0,0,0,0,0
339.7163708993213,339.81636100113127,339.76636595022626,0,0,0,0,0,0,0
339.81636100113127,339.91635110294118,339.86635605203622,0,0,0,0,0,0,0
339.91635110294118,340.01634120475114,339.96634615384619,0,0,0,0,0,0,0
340.01634120475114,340.11633130656111,340.0663362556561,0,0,0,0,0,0,0
340.11633130656111,340.21632140837107,340.16632635746612,0,0,0,0,0,0,0
340.21632140837107,340.31631151018104,340.26631645927603,0,0,0,0,0,0,0
340.31631151018104,340.41630161199095,340.36630656108599,0,0,0,0,0,0,0
340.41630161199095,340.51629171380091,340.46629666289596,0,0,0,0,0,0,0
340.51629171380091,340.61628181561088,340.56628676470586,0,0,0,0,0,0,0
340.61628181561088,340.71627191742084,340.66627686651589,0,0,0,0,0,0,0
340.71627191742084,340.81626201923081,340.76626696832579,0,0,0,0,0,0,0
340.81626201923081,340.91625212104071,340.86625707013576,0,0,0,0,0,0,0
340.91625212104071,341.01624222285068,340.96624717194572,0,0,0,0,0,0,0
341.01624222285068,341.11623232466064,341.06623727375563,0,0,0,0,0,0,0
341.11623232466064,341.21622242647061,341.16622737556565,0,0,0,0,0,0,0
341.21622242647061,341.31621252828057,341.26621747737556,0,0,0,0,0,0,0
341.31621252828057,341.41620263009054,341.36620757918558,0,0,0,0,0,0,0
341.41620263009054,341.5161927319005,341.46619768099549,0,0,0,0,0,0,0
341.5161927319005,341.61618283371041,341.56618778280546,0,0,0,0,0,0,0
341.61618283371041,341.71617293552038,341.66617788461542,0,0,0,0,0,0,0
341.71617293552038,341.81616303733034,341.76616798642533,0,0,0,0,0,0,0
341.81616303733034,341.91615313914031,341.86615808823535,0,0,0,0,0,0,0
341.91615313914031,342.01614324095027,341.96614819004526,0,0,0,0,0,0,0
342.01614324095027,342.11613334276018,342.06613829185522,0,0,0,0,0,0,0
342.11613334276018,342.21612344457014,342.16612839366519,0,0,0,0,0,0,0
342.21612344457014,342.31611354638011,342.2661184954751,0,0,0,0,0,0,0
342.31611354638011,342.41610364819007,342.36610859728512,0,0,0,0,0,0,0
342.41610364819007,342.51609375000004,342.46609869909503,0,0,0,0,0,0,0
342.51609375000004,342.61608385180995,342.56608880090499,0,0,0,0,0,0,0
342.61608385180995,342.71607395361991,342.66607890271496,0,0,0,0,0,0,0
342.71607395361991,342.81606405542988,342.76606900452487,0,0,0,0,0,0,0
342.81606405542988,342.91605415723984,342.86605910633489,0,0,0,0,0,0,0
342.91605415723984,343.01604425904981,342.9660492081448,0,0,0,0,0,0,0
343.01604425904981,343.11603436085977,343.06603930995482,0,0,0,0,0,0,0
343.11603436085977,343.21602446266974,343.16602941176473,0,0,0,0,0,0,0
343.21602446266974,343.31601456447964,343.26601951357469,0,0,0,0,0,0,0
343.31601456447964,343.41600466628961,343.36600961538466,0,0,0,0,0,0,0
343.41600466628961,343.51599476809957,343.46599971719456,0,0,0,0,0,0,0
343.51599476809957,343.61598486990954,343.56598981900459,0,0,0,0,0,0,0
343.61598486990954,343.7159749717195,343.66597992081449,0,0,0,0,0,0,0
343.7159749717195,343.81596507352941,343.76597002262446,0,0,0,0,0,0,0
343.81596507352941,343.91595517533938,343.86596012443442,0,0,0,0,0,0,0
343.91595517533938,344.01594527714934,343.96595022624433,0,0,0,0,0,0,0
344.01594527714934,344.11593537895931,344.06594032805435,0,0,0,0,0,0,0
344.11593537895931,344.21592548076927,344.16593042986426,0,0,0,0,0,0,0
344.21592548076927,344.31591558257918,344.26592053167423,0,0,0,0,0,0,0
344.31591558257918,344.41590568438914,344.36591063348419,0,0,0,0,0,0,0
344.41590568438914,344.51589578619911,344.4659007352941,0,0,0,0,0,0,0
344.51589578619911,344.61588588800907,344.56589083710412,0,0,0,0,0,0,0
344.61588588800907,344.71587598981904,344.66588093891403,0,0,0,0,0,0,0
344.71587598981904,344.81586609162895,344.76587104072399,0,0,0,0,0,0,0
344.81586609162895,344.91585619343891,344.86586114253396,0,0,0,0,0,0,0
344.91585619343891,345.01584629524888,344.96585124434387,0,0,0,0,0,0,0
345.01584629524888,345.11583639705884,345.06584134615389,0,0,0,0,0,0,0
345.11583639705884,345.21582649886881,345.1658314479638,0,0,0,0,0,0,0
345.21582649886881,345.31581660067877,345.26582154977382,0,0,0,0,0,0,0
345.31581660067877,345.41580670248874,345.36581165158373,0,0,0,0,0,0,0
345.41580670248874,345.51579680429865,345.46580175339369,0,0,0,0,0,0,0
345.51579680429865,345.61578690610861,345.56579185520366,0,0,0,0,0,0,0
345.61578690610861,345.71577700791858,345.66578195701356,0,0,0,0,0,0,0
345.71577700791858,345.81576710972854,345.76577205882359,0,0,0,0,0,0,0
345.81576710972854,345.91575721153851,345.86576216063349,0,0,0,0,0,0,0
345.91575721153851,346.01574731334841,345.96575226244346,0,0,0,0,0,0,0
346.01574731334841,346.11573741515838,346.06574236425342,0,0,0,0,0,0,0
346.11573741515838,346.21572751696834,346.16573246606333,0,0,0,0,0,0,0
346.21572751696834,346.31571761877831,346.26572256787335,0,0,0,0,0,0,0
346.31571761877831,346.41570772058827,346.36571266968326,0,0,0,0,0,0,0
346.41570772058827,346.51569782239818,346.46570277149323,0,0,0,0,0,0,0
346.51569782239818,346.61568792420815,346.56569287330319,0,0,0,0,0,0,0
346.61568792420815,346.71567802601811,346.6656829751131,0,0,0,0,0,0,0
346.71567802601811,346.81566812782808,346.76567307692312,0,0,0,0,0,0,0
346.81566812782808,346.91565822963804,346.86566317873303,0,0,0,0,0,0,0
346.91565822963804,347.01564833144801,346.96565328054305,0,0,0,0,0,0,0
347.01564833144801,347.11563843325797,347.06564338235296,0,0,0,0,0,0,0
347.11563843325797,347.21562853506788,347.16563348416292,0,0,0,0,0,0,0
347.21562853506788,347.31561863687784,347.26562358597289,0,0,0,0,0,0,0
347.31561863687784,347.41560873868781,347.3656136877828,0,0,0,0,0,0,0
347.41560873868781,347.51559884049777,347.46560378959282,0,0,0,0,0,0,0
347.51559884049777,347.61558894230774,347.56559389140273,0,0,0,0,0,0,0
347.61558894230774,347.71557904411765,347.66558399321269,0,0,0,0,0,0,0
347.71557904411765,347.81556914592761,347.76557409502266,0,0,0,0,0,0,0
347.81556914592761,347.91555924773758,347.86556419683257,0,0,0,0,0,0,0
347.91555924773758,348.01554934954754,347.96555429864259,0,0,0,0,0,0,0
348.01554934954754,348.11553945135751,348.0655444004525,0,0,0,0,0,0,0
348.11553945135751,348.21552955316741,348.16553450226246,0,0,0,0,0,0,0
348.21552955316741,348.31551965497738,348.26552460407243,0,0,0,0,0,0,0
348.31551965497738,348.41550975678734,348.36551470588233,0,0,0,0,0,0,0
348.41550975678734,348.51549985859731,348.46550480769235,0,0,0,0,0,0,0
348.51549985859731,348.61548996040727,348.56549490950226,0,0,0,0,0,0,0
348.61548996040727,348.71548006221724,348.66548501131228,0,0,0,0,0,0,0
348.71548006221724,348.8154701640272,348.76547511312219,0,0,0,0,0,0,0
348.8154701640272,348.91546026583711,348.86546521493216,0,0,0,0,0,0,0
348.91546026583711,349.01545036764708,348.96545531674212,0,0,0,0,0,0,0
349.01545036764708,349.11544046945704,349.06544541855203,0,0,0,0,0,0,0
349.11544046945704,349.21543057126701,349.16543552036205,0,0,0,0,0,0,0
349.21543057126701,349.31542067307697,349.26542562217196,0,0,0,0,0,0,0
349.31542067307697,349.41541077488688,349.36541572398193,0,0,0,0,0,0,0
349.41541077488688,349.51540087669684,349.46540582579189,0,0,0,0,0,0,0
349.51540087669684,349.61539097850681,349.5653959276018,0,0,0,0,0,0,0
349.61539097850681,349.71538108031677,349.66538602941182,0,0,0,0,0,0,0
349.71538108031677,349.81537118212674,349.76537613122173,0,0,0,0,0,0,0
349.81537118212674,349.91536128393665,349.86536623303169,0,0,0,0,0,0,0
349.91536128393665,350.01535138574661,349.96535633484166,0,0,0,0,0,0,0
350.01535138574661,350.11534148755658,350.06534643665157,0,0,0,0,0,0,0
350.11534148755658,350.21533158936654,350.16533653846159,0,0,0,0,0,0,0
350.21533158936654,350.31532169117651,350.2653266402715,0,0,0,0,0,0,0
350.31532169117651,350.41531179298642,350.36531674208146,0,0,0,0,0,0,0
350.41531179298642,350.51530189479638,350.46530684389143,0,0,0,0,0,0,0
350.51530189479638,350.61529199660635,350.56529694570133,0,0,0,0,0,0,0
350.61529199660635,350.71528209841631,350.66528704751136,0,0,0,0,0,0,0
350.71528209841631,350.81527220022627,350.76527714932126,0,0,0,0,0,0,0
350.81527220022627,350.91526230203624,350.86526725113129,0,0,0,0,0,0,0
350.91526230203624,351.0152524038462,350.96525735294119,0,0,0,0,0,0,0
351.0152524038462,351.11524250565611,351.06524745475116,0,0,0,0,0,0,0
351.11524250565611,351.21523260746608,351.16523755656112,0,0,0,0,0,0,0
351.21523260746608,351.31522270927604,351.26522765837103,0,0,0,0,0,0,0
351.31522270927604,351.41521281108601,351.36521776018105,0,0,0,0,0,0,0
351.41521281108601,351.51520291289597,351.46520786199096,0,0,0,0,0,0,0
351.51520291289597,351.61519301470588,351.56519796380093,0,0,0,0,0,0,0
351.61519301470588,351.71518311651585,351.66518806561089,0,0,0,0,0,0,0
351.71518311651585,351.81517321832581,351.7651781674208,0,0,0,0,0,0,0
351.81517321832581,351.91516332013578,351.86516826923082,0,0,0,0,0,0,0
351.91516332013578,352.01515342194574,351.96515837104073,0,0,0,0,0,0,0
352.01515342194574,352.11514352375565,352.06514847285069,0,0,0,0,0,0,0
352.11514352375565,352.21513362556561,352.16513857466066,0,0,0,0,0,0,0
352.21513362556561,352.31512372737558,352.26512867647057,0,0,0,0,0,0,0
352.31512372737558,352.41511382918554,352.36511877828059,0,0,0,0,0,0,0
352.41511382918554,352.51510393099551,352.4651088800905,0,0,0,0,0,0,0
352.51510393099551,352.61509403280547,352.56509898190052,0,0,0,0,0,0,0
352.61509403280547,352.71508413461544,352.66508908371043,0,0,0,0,0,0,0
352.71508413461544,352.81507423642535,352.76507918552039,0,0,0,0,0,0,0
352.81507423642535,352.91506433823531,352.86506928733036,0,0,0,0,0,0,0
352.91506433823531,353.01505444004528,352.96505938914027,0,0,0,0,0,0,0
353.01505444004528,353.11504454185524,353.06504949095029,0,0,0,0,0,0,0
353.11504454185524,353.21503464366521,353.16503959276019,0,0,0,0,0,0,0
353.21503464366521,353.31502474547511,353.26502969457016,0,0,0,0,0,0,0
353.31502474547511,353.41501484728508,353.36501979638012,0,0,0,0,0,0,0
353.41501484728508,353.51500494909504,353.46500989819003,0,0,0,0,0,0,0
353.51500494909504,353.61499505090501,353.56500000000005,0,0,0,0,0,0,0
